Telemetry GUID (Device+ParamName),"Device 
(CompClass)",Metric (ParamName),Description,"Category
(ParamClass)",data type,"Device OOB API 
(SMBPBI|NSM|PLDM|SMBIOS)","In-Band API
(NVML,NVSDM)","In-Band CLI 
(nvidia-smi -q -x)","In-Band API 
(DCGM)","OOB API on Hopper-HGX-8-GPU, Blackwell-HGX-8-GPU, HGX B300 NVL8
(Redfish URI and Field. N/A for NvSwitch Tray)","OOB API on GH200 NVL/GB200 NVL/GB300 NVL/MGX-4U-NVL16
(Redfish URI and Field. N/A for NvSwitch Tray)","OOB API on GH200/C2
(Redfish URI and Field. N/A for NvSwitch Tray)","MRD URI on Hopper-HGX-8-GPU/Blackwell-HGX-8-GPU/GH200/GB200/HGX B300 NVL8/GB300/MGX-4U-NVL16
(N/A for NvSwitch Tray)","MRD URI on GH200/C2
(N/A for NvSwitch Tray)",Dbus Commands,shmem,NVOS CLI (applicable for MultiNode),NVOS gNMI(applicable for MultiNode),NMX-T(applicable for MultiNode),"Applicable for 
Hopper-HGX-8-GPU","Applicable for 
Blackwell-HGX-8-GPU","Applicable for 
HGX B300","Applicable for 
GH200 NVL","Applicable for 
GB200 NVL HMC","Applicable for 
GB200 NVL BMC","Applicable for 
GB300 NVL HMC","Applicable for 
GB300 NVL BMC","Applicable for
GB200 NVL NvswitchTray","Applicable for 
MGX-GH200","Applicable for 
MGX C2","Applicable for 
MGX-GH200-NVL2","Applicable for 
GH200","Applicable for 
Multi-Socket-GH200","Applicable for 
C2","Applicable for 
MGX-4U-NVL16",Applicable for DC-Blackwell-PCIe,"Applicable for PowerShelfController
","Availability
(IB/OOB/BOTH/NONE)","OOB path 
driver dependency","Confidential Compute /
Protected PCIe Mode Impact","Recommended
Poll Freq","HMC Refresh Interval in Seconds
(BW Gen onwards)","OOB API - Wildcards
(Redfish URI and Field. N/A for NvSwitch Tray)",URI Search Domain,URI Match Criteria for Search Domain,Reference Baseboard Definition for Search Domain,"Conversion Formula
(DCGM --> RF)",MVP,Availability Milestone,NVOS CLI availabilty Milestone,gNMI availabilty Milestone,nmx-t availabilty Milestone,"Compliance
Level","SwitchTray Compliance
Level",Cross Validation Scope
GPU-DRVR-VER,GPU,DRVR-VER,Default graphics clock frequency at which applications will be running,Config,string,NA,nvmlDeviceGetDefaultApplicationsClock,nvidia_smi_log.gpu.default_applications_clocks.graphics_clock,NA,NA,NA,NA,,,busctl get-property  xyz.openbmc_project.NSM /xyz/openbmc_project/inventory_software/HGX_Driver_GPU_$gpuid xyz.openbmc_project.Software.Version Version,,NA,NA,NA,Yes,Yes,Yes,Yes,Yes,Yes,Yes,Yes,NA,Yes,NA,Yes,Yes,Yes,NA,Yes,Yes,,Available IB,No,No Impact,1 Hr,,NA,NA,,,,,ES Factory,,,,"L0, R1","L1, R1",NA
GPU-DRVR-VERSION,GPU,DRVR-VERSION,Driver Version,Config,string,"
SMBPBI:  (0x27, [0x00], <Offset to requested data in increments of 8 bytes>)  | NSM: (0x3, 0x0E)",nvmlSystemGetDriverVersion,nvidia_smi_log.driver_version,DCGM_FI_DRIVER_VERSION:1,"2022.1e
/redfish/v1/UpdateService/SoftwareInventory/HGX_Driver_GPU_SXM_{InstanceId}
{Version}","2022.1e
/redfish/v1/UpdateService/SoftwareInventory/HGX_Driver_GPU_{InstanceId}
{Version}","2022.1e
/redfish/v1/UpdateService/SoftwareInventory/Driver_GPU_{InstanceId}
{Version}",,,busctl get-property  xyz.openbmc_project.NSM /xyz/openbmc_project/inventory_software/HGX_Driver_GPU_$gpuid xyz.openbmc_project.Software.Version Version,,NA,NA,NA,Yes,Yes,Yes,Yes,Yes,Yes,Yes,Yes,NA,Yes,NA,Yes,Yes,Yes,NA,Yes,Yes,,Available,Yes,No Impact,1 Hr,30,"2022.1e
/redfish/v1/UpdateService/SoftwareInventory/{GPU_DRIVER_FW_NAME}_{InstanceId}
{Version}","2022.1e
/redfish/v1/UpdateService/SoftwareInventory/$SwId
{Version}","{SwId: {Id_contains: {anyOf: [GPU], not: [RoT]}}}",,,Y,ES Factory,,,,"L0, R1","L1, R1",RF:DCGM
GPU-ENFORCED-CLK-LIMIT-MAX,GPU,ENFORCED-CLK-LIMIT-MAX,SMUtilizationPercent,Config,Uint64,"SMBPBI: (0x10, [0x0D], Unused): enforcedMax | NSM: (0x3, 0x11)",NA,NA,NA,"2021.1c
/redfish/v1/Systems/HGX_Baseboard_{InstanceId}/Processors/GPU_SXM_{InstanceId}
{SpeedLimitMHz}","2021.1c
/redfish/v1/Systems/HGX_Baseboard_{InstanceId}/Processors/GPU_{InstanceId}
{SpeedLimitMHz}","2021.1c
/redfish/v1/Systems/System_{InstanceId}/Processors/GPU_{InstanceId}
{SpeedLimitMHz}",,,busctl get-property  xyz.openbmc_project.NSM /xyz/openbmc_project/inventory/system/accelerator/GPU_$gpuid xyz.openbmc_project.Inventory.Item.Cpu.OperatingConfig SpeedConfig,,NA,NA,NA,Yes,Yes,Yes,Yes,Yes,Yes,Yes,Yes,NA,Yes,NA,Yes,Yes,Yes,NA,Yes,Yes,,Available OOB,Yes,No Impact,1 Hr,30,"2021.1c
/redfish/v1/Systems/{SYSTEM_NAME}_{InstanceId}/Processors/{GPU_PROC_NAME}_{InstanceId}
{SpeedLimitMHz}","2021.1c
/redfish/v1/Systems/$SystemId/Processors/$ProcessorId
{SpeedLimitMHz}","{SystemId:{SystemType: Physical}, ProcessorId: {ProcessorType: GPU}}",GPU,,,ES,,,,"L0, R1","L1, R1",NA
GPU-FW-VER,GPU,FW-VER,Firmware Version,Config,string,"SMBPBI: (0x05, [0x08], [0x00-0x03]) | NSM: (0x3, 0xC)",nvmlDeviceGetVbiosVersion,nvidia_smi_log.gpu.vbios_version,DCGM_FI_DEV_VBIOS_VERSION:85,"2021.1c
/redfish/v1/Systems/HGX_Baseboard_{InstanceId}/Processors/GPU_SXM_{InstanceId}
{FirmwareVersion}","2021.1c
/redfish/v1/Systems/HGX_Baseboard_{InstanceId}/Processors/GPU_{InstanceId}
{FirmwareVersion}","2021.1c
/redfish/v1/Systems/System_{InstanceId}/Processors/GPU_{InstanceId}
{FirmwareVersion}",,,busctl get-property  xyz.openbmc_project.PLDM /xyz/openbmc_project/software/HGX_FW_GPU_$gpuid xyz.openbmc_project.Software.Version Version,,NA,NA,NA,Yes,Yes,Yes,Yes,Yes,Yes,Yes,Yes,NA,Yes,NA,Yes,Yes,Yes,NA,Yes,Yes,,Available,No,No Impact,1 Hr,,"2021.1c
/redfish/v1/Systems/{SYSTEM_NAME}_{InstanceId}/Processors/{GPU_PROC_NAME}_{InstanceId}
{FirmwareVersion}","2021.1c
/redfish/v1/Systems/$SystemId/Processors/$ProcessorId
{FirmwareVersion}","{SystemId:{SystemType: Physical}, ProcessorId: {ProcessorType: GPU}}",GPU,,Y,ES Factory,,,,"L0, R1","L1, R1",RF:DCGM
GPU-FW-WP-MODE,GPU,FW-WP-MODE,"write-protect mode for the GPU firmware. If the NVIDIA GPU has write-protect mode enabled, then this setting is used in conjunction with in-band GPU firmware update. During normal operation, the write-protect mode should be enabled to prevent tampering or corruption of the GPU firmware. Write-protect mode is required to be disabled during an in-
band GPU firmware update process to allow write access to the NVIDIA GPU EEPROM.",Config,Uint64,"SMBPBI: (0xB4, [0xFE-0xFF], Unused) | NSM: (0X5, 0X64)",NA,NA,NA,"2022.1e
/redfish/v1/UpdateService/FirmwareInventory/HGX_FW_GPU_SXM_{InstanceId}
{WriteProtected}","2022.1e
/redfish/v1/UpdateService/FirmwareInventory/HGX_FW_GPU_{InstanceId}
{WriteProtected}","2022.1e
/redfish/v1/UpdateService/FirmwareInventory/FW_GPU_{InstanceId}
{WriteProtected}",,,busctl get-property  xyz.openbmc_project.NSM /xyz/openbmc_project/software/HGX_FW_GPU_$gpuid xyz.openbmc_project.Software.Settings WriteProtected,,NA,NA,NA,Yes,Yes,Yes,Yes,Yes,Yes,Yes,Yes,NA,Yes,NA,Yes,Yes,Yes,NA,Yes,Yes,,Available OOB,No,No Impact,1 Hr,30,"2022.1e
/redfish/v1/UpdateService/FirmwareInventory/{GPU_FW_NAME}_{InstanceId}
{WriteProtected}","2022.1e
/redfish/v1/UpdateService/FirmwareInventory/$FwId
{WriteProtected}","{FwId: {Id_contains: {anyOf: [GPU], not: [InfoROM, RoT]}}}",,,,ES,,,,"L0, R1","L1, R1",NA
GPU-INFOROM-VER,GPU,INFOROM-VER,InfoROM Version,Config,string,"SMBPBI: (0x05, [0x0E], [0x00-0x03]) | NSM: (0X5, 0X02)",nvmlDeviceGetInforomImageVersion,nvidia_smi_log.gpu.inforom_version.img_version,DCGM_FI_DEV_INFOROM_IMAGE_VER:82,"2021.1c
/redfish/v1/UpdateService/FirmwareInventory/HGX_InfoROM_GPU_SXM_{InstanceId}
{Version}","2021.1c
/redfish/v1/UpdateService/FirmwareInventory/HGX_InfoROM_GPU_{InstanceId}
{Version}","2021.1c
/redfish/v1/UpdateService/FirmwareInventory/InfoROM_GPU_{InstanceId}
{Version}",,,busctl get-property  xyz.openbmc_project.PLDM /xyz/openbmc_project/software/HGX_InfoROM_GPU_$gpuid xyz.openbmc_project.Software.Version Version,,NA,NA,NA,Yes,Yes,Yes,Yes,Yes,Yes,Yes,Yes,NA,Yes,NA,Yes,Yes,Yes,NA,Yes,Yes,,Available,No,No Impact,1 Hr,,"2021.1c
/redfish/v1/UpdateService/FirmwareInventory/{GPU_INFOROM_FW_NAME}_{InstanceId}
{Version}","2021.1c
/redfish/v1/UpdateService/FirmwareInventory/$FwId
{Version}","{FwId: {Id_contains: {allOf: [GPU, InfoROM], not: [RoT]}}}",,,Y,ES Factory,,,,"L0, R1","L1, R1",Not Supported
GPU-PWR-LIMIT-REQUESTED,GPU,PWR-LIMIT-REQUESTED,"Currently arbitrated total GPU power limit value after taking into account limits, requested by all clients, measured in milliwatts.",Config,Uint64,"SMBPBI: (0x10,[0x00],Unused): limitCurrOutput | NSM: (0x3, 0x7)",nvmlDeviceGetEnforcedPowerLimit,nvidia_smi_log.gpu.gpu_power_readings.current_power_limit,DCGM_FI_DEV_ENFORCED_POWER_LIMIT:164,"2021.1e
/redfish/v1/Systems/HGX_Baseboard_{InstanceId}/Processors/GPU_SXM_{InstanceId}/EnvironmentMetrics
{PowerLimitWatts{SetPoint}}","2021.1e
/redfish/v1/Systems/HGX_Baseboard_{InstanceId}/Processors/GPU_{InstanceId}/EnvironmentMetrics
{PowerLimitWatts{SetPoint}}","2021.1e
/redfish/v1/Systems/System_{InstanceId}/Processors/GPU_{InstanceId}/EnvironmentMetrics
{PowerLimitWatts{SetPoint}}",,,busctl get-property  xyz.openbmc_project.NSM /xyz/openbmc_project/inventory/system/accelerator/GPU_$gpuid xyz.openbmc_project.Control.Power.Cap PowerCap,,NA,NA,NA,Yes,Yes,Yes,Yes,Yes,Yes,Yes,Yes,NA,Yes,NA,Yes,Yes,Yes,NA,Yes,Yes,,Available,Yes,No Impact,1 Hr,30,"2021.1e
/redfish/v1/Systems/{SYSTEM_NAME}_{InstanceId}/Processors/{GPU_PROC_NAME}_{InstanceId}/EnvironmentMetrics
{PowerLimitWatts{SetPoint}}","2021.1e
/redfish/v1/Systems/$SystemId/Processors/$ProcessorId/EnvironmentMetrics
{PowerLimitWatts{SetPoint}}","{SystemId:{SystemType: Physical}, ProcessorId: {ProcessorType: GPU}}",GPU,,Y,ES,,,,"L0, R1","L1, R1",RF:DCGM
GPU-PWR-LIMIT-ENFORCED,GPU,PWR-LIMIT-ENFORCED,ECC Enable/Disable State,Config,Uint64,"SMBPBI: (0x18, [0x00], Unused) | NSM: (0x3, 0x4F)","nvmlDeviceGetEccMode, *current",nvidia_smi_log.gpu.ecc_mode.current_ecc,DCGM_FI_DEV_ECC_CURRENT:300,"2021.1d
/redfish/v1/Systems/HGX_Baseboard_{InstanceId}/Processors/GPU_SXM_{InstanceId}
{MemorySummary{ECCModeEnabled}}","2021.1d
/redfish/v1/Systems/HGX_Baseboard_{InstanceId}/Processors/GPU_{InstanceId}
{MemorySummary{ECCModeEnabled}}","2021.1d
/redfish/v1/Systems/System_{InstanceId}/Processors/GPU_{InstanceId}
{MemorySummary{ECCModeEnabled}}",,,busctl get-property  xyz.openbmc_project.NSM /xyz/openbmc_project/inventory/system/accelerator/GPU_$gpuid xyz.openbmc_project.Control.Power.Cap PowerCap,,NA,NA,NA,Yes,Yes,Yes,Yes,Yes,Yes,Yes,Yes,NA,Yes,NA,Yes,Yes,Yes,NA,Yes,Yes,,Available,No,No Impact,1 Hr,30,"2021.1d
/redfish/v1/Systems/{SYSTEM_NAME}_{InstanceId}/Processors/{GPU_PROC_NAME}_{InstanceId}
{MemorySummary{ECCModeEnabled}}","2021.1d
/redfish/v1/Systems/$SystemId/Processors/$ProcessorId
{MemorySummary{ECCModeEnabled}}","{SystemId:{SystemType: Physical}, ProcessorId: {ProcessorType: GPU}}",GPU,,Y,ES,,,,"L0, R1","L1, R1",RF:DCGM
GPU-ECC-MODE,GPU,ECC-MODE,The supported mode of virtualization,Config,Uint64,NA,nvmlDeviceGetVirtualizationMode,nvidia_smi_log.gpu.gpu_virtualization_mode.virtualization_mode,DCGM_FI_DEV_VIRTUAL_MODE:500,NA,NA,NA,,,busctl get-property  xyz.openbmc_project.NSM /xyz/openbmc_project/inventory/system/accelerator/GPU_$gpuid xyz.openbmc_project.Memory.MemoryECC ECCModeEnabled,,NA,NA,NA,Yes,Yes,Yes,Yes,Yes,Yes,Yes,Yes,NA,Yes,NA,Yes,Yes,Yes,NA,Yes,Yes,,Available IB,No,No Impact,1 Hr,,NA,NA,,,,,ES Factory,,,,"L0, R1","L1, R1",NA
GPU-CLK-LOCKED-STATE,GPU,CLK-LOCKED-STATE,"The operation mode for GPU, e.g., full speed, low power",Config,Uint64,NA,nvmlDeviceGetGpuOperationMode,nvidia_smi_log.gpu.gpu_operation_mode.current_gom,NA,NA,NA,NA,,,busctl get-property  xyz.openbmc_project.NSM /xyz/openbmc_project/inventory/system/accelerator/GPU_$gpuid xyz.openbmc_project.Inventory.Item.Cpu.OperatingConfig SpeedLocked,,NA,NA,NA,Yes,Yes,Yes,Yes,Yes,Yes,Yes,Yes,NA,Yes,NA,Yes,Yes,Yes,NA,Yes,Yes,,Available IB,No,No Impact,1 Hr,,NA,NA,,,,,ES Factory,,,,"L0, R1","L1, R1",NA
GPU-CLK-PRESENT-LIMIT-MAX,GPU,CLK-PRESENT-LIMIT-MAX,Default GPU memory clock frequency at which applications will be running,Config,Uint64,"NSM: 0x3, 0x0B",nvmlDeviceGetDefaultApplicationsClock,nvidia_smi_log.gpu.default_applications_clocks.mem_clock,NA,NA,NA,NA,,,busctl get-property  xyz.openbmc_project.NSM /xyz/openbmc_project/inventory/system/dimm/GPU_$gpuid_DRAM_0 xyz.openbmc_project.Inventory.Item.Dimm MaxMemorySpeedInMhz,,NA,NA,NA,Yes,Yes,Yes,Yes,Yes,Yes,Yes,Yes,NA,Yes,NA,Yes,Yes,Yes,NA,Yes,Yes,,Available IB,No,No Impact,1 Hr,,NA,NA,,,,,ES Factory,,,,"L0, R1","L1, R1",NA
GPU-ERR-INFO-VIOLATIONS,GPU,ERR-INFO-VIOLATIONS,PCI bus number,Erros,Uint64,NA,nvmlDeviceGetPciInfo_v3,nvidia_smi_log.gpu.pci.pci_bus,DCGM_FI_DEV_PCI_BUSID:57,NA,NA,NA,,,busctl get-property  xyz.openbmc_project.NSM /xyz/openbmc_project/inventory/system/accelerator/GPU_$gpuid xyz.openbmc_project.State.ProcessorPerformance HardwareViolationThrottleDuration,,NA,NA,NA,Yes,Yes,Yes,Yes,Yes,Yes,Yes,Yes,NA,Yes,NA,Yes,Yes,Yes,NA,Yes,Yes,,Available IB,No,No Impact,1 Hr,,NA,NA,,,,Y,ES Factory,,,,"L0, R1","L1, R1",NA
GPU-THROTTLE-DURATION-PWR,GPU,THROTTLE-DURATION-PWR,PCI device number,Erros,Uint64,NA,nvmlDeviceGetPciInfo_v3,nvidia_smi_log.gpu.pci.pci_device,NA,NA,NA,NA,,,busctl get-property  xyz.openbmc_project.NSM /xyz/openbmc_project/inventory/system/accelerator/GPU_$gpuid xyz.openbmc_project.State.ProcessorPerformance PowerLimitThrottleDuration,,NA,NA,NA,Yes,Yes,Yes,Yes,Yes,Yes,Yes,Yes,NA,Yes,NA,Yes,Yes,Yes,NA,Yes,Yes,,Available IB,No,No Impact,1 Hr,,NA,NA,,,,Y,ES Factory,,,,"L0, R1","L1, R1",NA
GPU-ECC-ERR-CTR-CE,GPU,ECC-ERR-CTR-CE,PCI domain number,Erros,Uint64,NA,nvmlDeviceGetPciInfo_v3,nvidia_smi_log.gpu.pci.pci_domain,NA,NA,NA,NA,,,busctl get-property  xyz.openbmc_project.NSM /xyz/openbmc_project/inventory/system/dimm/GPU_$gpuid_DRAM_0 xyz.openbmc_project.Memory.MemoryECC ceCount,,NA,NA,NA,Yes,Yes,Yes,Yes,Yes,Yes,Yes,Yes,NA,Yes,NA,Yes,Yes,Yes,NA,Yes,Yes,,Available IB,No,No Impact,1 Hr,,NA,NA,,,,Y,ES Factory,,,,"L0, R1","L1, R1",NA
GPU-ECC-ERR-CTR-UCE,GPU,ECC-ERR-CTR-UCE,The flag indicates whether individual or multiple compute apps may run on the GPU,Erros,Uint64,"NSM: (0x5, 0x09)",nvmlDeviceGetComputeMode,nvidia_smi_log.gpu.compute_mode,DCGM_FI_DEV_COMPUTE_MODE:65,NA,NA,NA,,,busctl get-property  xyz.openbmc_project.NSM /xyz/openbmc_project/inventory/system/dimm/GPU_$gpuid_DRAM_0 xyz.openbmc_project.Memory.MemoryECC ueCount,,NA,NA,NA,Yes,Yes,Yes,Yes,Yes,Yes,Yes,Yes,NA,Yes,NA,Yes,Yes,Yes,NA,Yes,Yes,,Available IB,No,No Impact,1 Hr,,NA,NA,,,,,ES Factory,,,,"L0, R1","L1, R1",NA
GPU-ROW-REMAPPED-CTR-UE,GPU,ROW-REMAPPED-CTR-UE,A flag that indicates graphics clock speed is fixed or not,Erros,Uint64,"SMBPBI: (0x10, [0x0D], Unused)| NSM: (0x3, 0x11)",NA,NA,NA,"2021.1e
/redfish/v1/Systems/HGX_Baseboard_{InstanceId}/Processors/GPU_SXM_{InstanceId}
{SpeedLocked}","2021.1e
/redfish/v1/Systems/HGX_Baseboard_{InstanceId}/Processors/GPU_{InstanceId}
{SpeedLocked}","2021.1e
/redfish/v1/Systems/System_{InstanceId}/Processors/GPU_{InstanceId}
{SpeedLocked}",,,busctl get-property  xyz.openbmc_project.NSM /xyz/openbmc_project/inventory/system/dimm/GPU_$gpuid_DRAM_0 com.nvidia.MemoryRowRemapping ueRowRemappingCount,,NA,NA,NA,Yes,Yes,Yes,Yes,Yes,Yes,Yes,Yes,NA,Yes,NA,Yes,Yes,Yes,NA,Yes,Yes,,Available OOB,Yes,No Impact,1 Hr,30,"2021.1e
/redfish/v1/Systems/{SYSTEM_NAME}_{InstanceId}/Processors/{GPU_PROC_NAME}_{InstanceId}
{SpeedLocked}","2021.1e
/redfish/v1/Systems/$SystemId/Processors/$ProcessorId
{SpeedLocked}","{SystemId:{SystemType: Physical}, ProcessorId: {ProcessorType: GPU}}",GPU,,,ES,,,,"L0, R1","L1, R1",NA
GPU-ROW-REMAPPED-CTR-CE,GPU,ROW-REMAPPED-CTR-CE,GPU networking (NVLink) Firmware Version,Erros,Uint64,,,,,,,,,,busctl get-property  xyz.openbmc_project.NSM /xyz/openbmc_project/inventory/system/dimm/GPU_$gpuid_DRAM_0 com.nvidia.MemoryRowRemapping ceRowRemappingCount,,NA,NA,FW_Version,NA,NA,NA,NA,NA,NA,NA,NA,Yes,NA,NA,NA,NA,NA,NA,NA,NA,,Available OOB,,,1 Hr,,,,,,,,,,,QS,L1,L1,NA
GPU-ROW-REMAP-FAILED,GPU,ROW-REMAP-FAILED,NVLink Replay Error Count,Erros,string,"SMBPBI: (0x1A, 03h, [<link_index>,0xFF = Aggregate Count])",NVML_FI_DEV_NVLINK_ERROR_DL_REPLAY,NA,"DCGM_FI_DEV_NVLINK_REPLAY_ERROR_COUNT_L[0-17]:[420,421,422,423,424,425,463,464,465,466,467,468,426,427,428,487,488,489]","2021.1d
/redfish/v1/Systems/HGX_Baseboard_{InstanceId}/Processors/GPU_SXM_{InstanceId}/Ports/NVLink_{InstanceId}/Metrics
{Oem{Nvidia{NVLinkErrors{ReplayCount}}}}","2021.1d
/redfish/v1/Systems/HGX_Baseboard_{InstanceId}/Processors/GPU_{InstanceId}/Ports/NVLink_{InstanceId}/Metrics
{Oem{Nvidia{NVLinkErrors{ReplayCount}}}}","2021.1d
/redfish/v1/Systems/System_{InstanceId}/Processors/GPU_{InstanceId}/Ports/NVLink_{InstanceId}/Metrics
{Oem{Nvidia{NVLinkErrors{ReplayCount}}}}",/redfish/v1/TelemetryService/MetricReports/HGX_ProcessorPortMetrics_0,/redfish/v1/TelemetryService/MetricReports/ProcessorPortMetrics_0,busctl get-property  xyz.openbmc_project.NSM /xyz/openbmc_project/inventory/system/dimm/GPU_$gpuid_DRAM_0 com.nvidia.MemoryRowRemapping RowRemappingFailureState,,,,,Yes,NA,NA,Yes,NA,NA,NA,NA,,NA,NA,Yes,NA,Yes,NA,Yes,NA,,Available,No,No Impact,1 Hr,,"2021.1d
/redfish/v1/Systems/{SYSTEM_NAME}_{InstanceId}/Processors/{GPU_PROC_NAME}_{InstanceId}/Ports/NVLink_{InstanceId}/Metrics
{Oem{Nvidia{NVLinkErrors{ReplayCount}}}}","2021.1d
/redfish/v1/Systems/$SystemId/Processors/$ProcessorId/Ports/$PortId/Metrics
{Oem{Nvidia{NVLinkErrors{ReplayCount}}}}","{SystemId:{SystemType: Physical}, ProcessorId: {ProcessorType: GPU}, PortId: {PortProtocol: NVLink, Id_contains: NVLink}}",GPU[NVLink],,Y,ES,,,,L0,L1,RF:DCGM
GPU-PCI-ERR-CTR-CORR,GPU,PCI-ERR-CTR-CORR,Total number of times the Port Training state machine has successfully completed the link error recovery process. This enrty is applicable for platforms with NVL4.,Erros,Uint64,"SMBPBI: (0x1A, 04h, [<link_index>,0xFF = Aggregate Count])",NVML_FI_DEV_NVLINK_ERROR_DL_RECOVERY,"nvidia-smi nvlink -e (""Recovery Errors"")","DCGM_FI_DEV_NVLINK_RECOVERY_ERROR_COUNT_L[0-17]:[430,431,432,433,434,435,469,470,471,472,473,474,436,437,438,491,492,493]","2021.1d
/redfish/v1/Systems/HGX_Baseboard_{InstanceId}/Processors/GPU_SXM_{InstanceId}/Ports/NVLink_{InstanceId}/Metrics
{Oem{Nvidia{NVLinkErrors{RecoveryCount}}}}","2021.1d
/redfish/v1/Systems/HGX_Baseboard_{InstanceId}/Processors/GPU_{InstanceId}/Ports/NVLink_{InstanceId}/Metrics
{Oem{Nvidia{NVLinkErrors{RecoveryCount}}}}","2021.1d
/redfish/v1/Systems/System_{InstanceId}/Processors/GPU_{InstanceId}/Ports/NVLink_{InstanceId}/Metrics
{Oem{Nvidia{NVLinkErrors{RecoveryCount}}}}",/redfish/v1/TelemetryService/MetricReports/HGX_ProcessorPortMetrics_0,/redfish/v1/TelemetryService/MetricReports/ProcessorPortMetrics_0,busctl get-property  xyz.openbmc_project.NSM /xyz/openbmc_project/inventory/system/accelerator/GPU_$gpuid xyz.openbmc_project.PCIe.PCIeECC ceCount,,NA,NA,NA,Yes,NA,NA,Yes,NA,NA,NA,NA,NA,NA,NA,Yes,NA,Yes,NA,Yes,NA,,Available,No,No Impact,10 Sec,30,"2021.1d
/redfish/v1/Systems/{SYSTEM_NAME}_{InstanceId}/Processors/{GPU_PROC_NAME}_{InstanceId}/Ports/NVLink_{InstanceId}/Metrics
{Oem{Nvidia{NVLinkErrors{RecoveryCount}}}}","2021.1d
/redfish/v1/Systems/$SystemId/Processors/$ProcessorId/Ports/$PortId/Metrics
{Oem{Nvidia{NVLinkErrors{RecoveryCount}}}}","{SystemId:{SystemType: Physical}, ProcessorId: {ProcessorType: GPU}, PortId: {PortProtocol: NVLink, Id_contains: NVLink}}",GPU[NVLink],,Y,ES,,,,L0,L1,RF:DCGM
GPU-PCI-ERR-CTR-FATAL,GPU,PCI-ERR-CTR-FATAL,NVLink flit CRC Error Count,Erros,Uint64,"SMBPBI: (0x1A, 05h, [<link_index>,0xFF = Aggregate Count])",NVML_FI_DEV_NVLINK_ERROR_DL_CRC,NA,"DCGM_FI_DEV_NVLINK_CRC_FLIT_ERROR_COUNT_L[0-17]:[400,401,402,403,404,405,451,452,453,454,455,456,406,407,408,481,482,483]","2021.1d
/redfish/v1/Systems/HGX_Baseboard_{InstanceId}/Processors/GPU_SXM_{InstanceId}/Ports/NVLink_{InstanceId}/Metrics
{Oem{Nvidia{NVLinkErrors{FlitCRCCount}}}}","2021.1d
/redfish/v1/Systems/HGX_Baseboard_{InstanceId}/Processors/GPU_{InstanceId}/Ports/NVLink_{InstanceId}/Metrics
{Oem{Nvidia{NVLinkErrors{FlitCRCCount}}}}","2021.1d
/redfish/v1/Systems/System_{InstanceId}/Processors/GPU_{InstanceId}/Ports/NVLink_{InstanceId}/Metrics
{Oem{Nvidia{NVLinkErrors{FlitCRCCount}}}}",/redfish/v1/TelemetryService/MetricReports/HGX_ProcessorPortMetrics_0,/redfish/v1/TelemetryService/MetricReports/ProcessorPortMetrics_0,busctl get-property  xyz.openbmc_project.NSM /xyz/openbmc_project/inventory/system/accelerator/GPU_$gpuid xyz.openbmc_project.PCIe.PCIeECC feCount,,,,,Yes,NA,NA,Yes,NA,NA,NA,NA,,NA,NA,Yes,NA,Yes,NA,Yes,NA,,Available,No,No Impact,1 Hr,,"2021.1d
/redfish/v1/Systems/{SYSTEM_NAME}_{InstanceId}/Processors/{GPU_PROC_NAME}_{InstanceId}/Ports/NVLink_{InstanceId}/Metrics
{Oem{Nvidia{NVLinkErrors{FlitCRCCount}}}}","2021.1d
/redfish/v1/Systems/$SystemId/Processors/$ProcessorId/Ports/$PortId/Metrics
{Oem{Nvidia{NVLinkErrors{FlitCRCCount}}}}","{SystemId:{SystemType: Physical}, ProcessorId: {ProcessorType: GPU}, PortId: {PortProtocol: NVLink, Id_contains: NVLink}}",GPU[NVLink],,Y,ES,,,,L0,L1,RF:DCGM
GPU-PCI-ERR-CTR-L0-TO-RECOVERY,GPU,PCI-ERR-CTR-L0-TO-RECOVERY,NVLink data CRC Error Count,Erros,Uint64,"SMBPBI: (0x1A, 06h, [<link_index>,0xFF = Aggregate Count])",NVML_FI_DEV_NVLINK_CRC_DATA_ERROR_COUNT_TOTAL,NA,"DCGM_FI_DEV_NVLINK_CRC_DATA_ERROR_COUNT_L[0-17]:[410,411,412,413,414,415,457,458,459,460,461,462,416,417,418,484,485,486]","2021.1d
/redfish/v1/Systems/HGX_Baseboard_{InstanceId}/Processors/GPU_SXM_{InstanceId}/Ports/NVLink_{InstanceId}/Metrics
{Oem{Nvidia{NVLinkErrors{DataCRCCount}}}}","2021.1d
/redfish/v1/Systems/HGX_Baseboard_{InstanceId}/Processors/GPU_{InstanceId}/Ports/NVLink_{InstanceId}/Metrics
{Oem{Nvidia{NVLinkErrors{DataCRCCount}}}}","2021.1d
/redfish/v1/Systems/System_{InstanceId}/Processors/GPU_{InstanceId}/Ports/NVLink_{InstanceId}/Metrics
{Oem{Nvidia{NVLinkErrors{DataCRCCount}}}}",/redfish/v1/TelemetryService/MetricReports/HGX_ProcessorPortMetrics_0,/redfish/v1/TelemetryService/MetricReports/ProcessorPortMetrics_0,busctl get-property  xyz.openbmc_project.NSM /xyz/openbmc_project/inventory/system/accelerator/GPU_$gpuid xyz.openbmc_project.PCIe.PCIeECC L0ToRecoveryCount,,,,,Yes,NA,NA,Yes,NA,NA,NA,NA,,NA,NA,NA,NA,Yes,NA,Yes,NA,,Available,No,No Impact,1 Hr,,"2021.1d
/redfish/v1/Systems/{SYSTEM_NAME}_{InstanceId}/Processors/{GPU_PROC_NAME}_{InstanceId}/Ports/NVLink_{InstanceId}/Metrics
{Oem{Nvidia{NVLinkErrors{DataCRCCount}}}}","2021.1d
/redfish/v1/Systems/$SystemId/Processors/$ProcessorId/Ports/$PortId/Metrics
{Oem{Nvidia{NVLinkErrors{DataCRCCount}}}}","{SystemId:{SystemType: Physical}, ProcessorId: {ProcessorType: GPU}, PortId: {PortProtocol: NVLink, Id_contains: NVLink}}",GPU[NVLink],,Y,ES,,,,L0,L1,RF:DCGM
GPU-PCI-ERR-CTR-NAK-RECVD,GPU,PCI-ERR-CTR-NAK-RECVD,"information about factors that are reducing the frequency of clocks.
If all throttle reasons are returned as ""Not Active"" it means that clocks are running as high as possible.",Erros,Uint64,"SMBPBI: (0x1B ,[0x05], unused) | NSM: (0x3, 0x44)",nvmlDeviceGetCurrentClocksThrottleReasons,nvidia_smi_log.gpu.clocks_event_reasons,DCGM_FI_DEV_CLOCKS_EVENT_REASONS:112,"2021.1d
/redfish/v1/Systems/HGX_Baseboard_{InstanceId}/Processors/GPU_SXM_{InstanceId}/ProcessorMetrics
{Oem{Nvidia{ThrottleReasons}}}","2021.1d
/redfish/v1/Systems/HGX_Baseboard_{InstanceId}/Processors/GPU_{InstanceId}/ProcessorMetrics
{Oem{Nvidia{ThrottleReasons}}}","2021.1d
/redfish/v1/Systems/System_{InstanceId}/Processors/GPU_{InstanceId}/ProcessorMetrics
{Oem{Nvidia{ThrottleReasons}}}",/redfish/v1/TelemetryService/MetricReports/HGX_ProcessorMetrics_0,/redfish/v1/TelemetryService/MetricReports/ProcessorMetrics_0,busctl get-property  xyz.openbmc_project.NSM /xyz/openbmc_project/inventory/system/accelerator/GPU_$gpuid xyz.openbmc_project.PCIe.PCIeECC NAKReceivedCount,,NA,NA,NA,Yes,Yes,Yes,Yes,Yes,Yes,Yes,Yes,NA,Yes,NA,Yes,Yes,Yes,NA,Yes,Yes,,Available,Yes,No Impact,1 Hr,30,"2021.1d
/redfish/v1/Systems/{SYSTEM_NAME}_{InstanceId}/Processors/{GPU_PROC_NAME}_{InstanceId}/ProcessorMetrics
{Oem{Nvidia{ThrottleReasons}}}","2021.1d
/redfish/v1/Systems/$SystemId/Processors/$ProcessorId/ProcessorMetrics
{Oem{Nvidia{ThrottleReasons}}}","{SystemId:{SystemType: Physical}, ProcessorId: {ProcessorType: GPU}}",GPU,,Y,ES,,,,"L0, R1","L1, R1",Not Supported
GPU-PCI-ERR-CTR-NAK-SENT,GPU,PCI-ERR-CTR-NAK-SENT,Log entries from this device,Erros,Uint64,"SMBPBI: (0x1Dh, [0x00], Pointer to scratch location where DEM will be written) | NSM: (0x3, 0x01)",/var/log/messages,/var/log/messages,/var/log/messages,"2021.1c
/redfish/v1/Chassis/HGX_GPU_SXM_{InstanceId}/LogServices/XID/Entries
{Members}","2021.1c
/redfish/v1/Chassis/HGX_GPU_{InstanceId}/LogServices/XID/Entries
{Members}","2021.1c
/redfish/v1/Chassis/GPU_{InstanceId}/LogServices/XID/Entries
{Members}",,,busctl get-property  xyz.openbmc_project.NSM /xyz/openbmc_project/inventory/system/accelerator/GPU_$gpuid xyz.openbmc_project.PCIe.PCIeECC NAKSentCount,,NA,NA,NA,Yes,Yes,Yes,Yes,Yes,Yes,Yes,Yes,NA,Yes,NA,Yes,Yes,Yes,NA,Yes,Yes,,Available,No,No Impact,1 Hr,,"2021.1c
/redfish/v1/Chassis/{GPU_CHAS_NAME}_{InstanceId}/LogServices/XID/Entries
{Members}","2021.1c
/redfish/v1/Chassis/$ChassisId/LogServices/XID/Entries
{Members}","{ChassisId: {Id_contains: {anyOf: [GPU], not: [RoT]}}}",GPU,,Y,ES,,,,"L0, R1","L1, R1",NA
GPU-PCI-ERR-CTR-NON-FATAL,GPU,PCI-ERR-CTR-NON-FATAL,Row-remapping combined count,Erros,Uint64,"SMBPBI: (0x20, [0x00], [0x00]) | NSM: (0x3, 0x7E)",nvmlDeviceGetRemappedRows,NA,NA,NA,NA,NA,,,busctl get-property  xyz.openbmc_project.NSM /xyz/openbmc_project/inventory/system/accelerator/GPU_$gpuid xyz.openbmc_project.PCIe.PCIeECC nonfeCount,,NA,NA,NA,Yes,Yes,Yes,Yes,Yes,Yes,Yes,Yes,NA,Yes,NA,Yes,Yes,Yes,NA,Yes,Yes,,Available IB,No,Disabled,1 Hr,,NA,NA,,,,Y,ES Factory,,,,"L0, R1","L1, R1",NA
GPU-PCI-ERR-CTR-REPLAY-ROLLOVER,GPU,PCI-ERR-CTR-REPLAY-ROLLOVER,ECC error count of correctable errors,Erros,Uint64,"| NSM: (0x3, 0x7D)",nvmlDeviceGetMemoryErrorCounter,nvidia_smi_log.gpu.ecc_errors.aggregate.dram_correctable,DCGM_FI_DEV_ECC_SBE_AGG_TOTAL:312,"2021.1c
/redfish/v1/Systems/HGX_Baseboard_{InstanceId}/Memory/GPU_SXM_{InstanceId}_DRAM_{InstanceId}/MemoryMetrics
{LifeTime{CorrectableECCErrorCount}}","2021.1c
/redfish/v1/Systems/HGX_Baseboard_{InstanceId}/Memory/GPU_{InstanceId}_DRAM_{InstanceId}/MemoryMetrics
{LifeTime{CorrectableECCErrorCount}}","2021.1c
/redfish/v1/Systems/System_{InstanceId}/Memory/GPU_{InstanceId}_DRAM_{InstanceId}/MemoryMetrics
{LifeTime{CorrectableECCErrorCount}}",/redfish/v1/TelemetryService/MetricReports/HGX_MemoryMetrics_0,/redfish/v1/TelemetryService/MetricReports/MemoryMetrics_0,busctl get-property  xyz.openbmc_project.NSM /xyz/openbmc_project/inventory/system/accelerator/GPU_$gpuid xyz.openbmc_project.PCIe.PCIeECC ReplayRolloverCount,,NA,NA,NA,Yes,Yes,Yes,Yes,Yes,Yes,Yes,Yes,NA,Yes,NA,Yes,Yes,Yes,NA,Yes,Yes,,Available,No,Disabled,1 Hr,30,"2021.1c
/redfish/v1/Systems/{SYSTEM_NAME}_{InstanceId}/Memory/{GPU_MEM_NAME}_{InstanceId}_DRAM_{InstanceId}/MemoryMetrics
{LifeTime{CorrectableECCErrorCount}}","2021.1c
/redfish/v1/Systems/$SystemId/Memory/$MemoryId/MemoryMetrics
{LifeTime{CorrectableECCErrorCount}}","{SystemId:{SystemType: Physical}, MemoryId: {MemoryDeviceType: HBM}}",,,Y,ES,,,,"L0, R1","L1, R1",RF:DCGM
GPU-ECC-ERR-CTR-CE-CACHE,GPU,ECC-ERR-CTR-CE-CACHE,ECC error count of uncorrectable errors,Erros,Uint64,"SMBPBI: (0x1E, [0x01], [0x01]) | NSM: (0x3, 0x7E)",nvmlDeviceGetMemoryErrorCounter,nvidia_smi_log.gpu.ecc_errors.aggregate.dram_uncorrectable,DCGM_FI_DEV_ECC_DBE_AGG_TOTAL:313,"2021.1c
/redfish/v1/Systems/HGX_Baseboard_{InstanceId}/Memory/GPU_SXM_{InstanceId}_DRAM_{InstanceId}/MemoryMetrics
{LifeTime{UncorrectableECCErrorCount}}","2021.1c
/redfish/v1/Systems/HGX_Baseboard_{InstanceId}/Memory/GPU_{InstanceId}_DRAM_{InstanceId}/MemoryMetrics
{LifeTime{UncorrectableECCErrorCount}}","2021.1c
/redfish/v1/Systems/System_{InstanceId}/Memory/GPU_{InstanceId}_DRAM_{InstanceId}/MemoryMetrics
{LifeTime{UncorrectableECCErrorCount}}",/redfish/v1/TelemetryService/MetricReports/HGX_MemoryMetrics_0,/redfish/v1/TelemetryService/MetricReports/MemoryMetrics_0,busctl get-property  xyz.openbmc_project.NSM /xyz/openbmc_project/inventory/system/accelerator/GPU_$gpuid xyz.openbmc_project.Memory.MemoryECC ceCount,,NA,NA,NA,Yes,Yes,Yes,Yes,Yes,Yes,Yes,Yes,NA,Yes,NA,Yes,Yes,Yes,NA,Yes,Yes,,Available,No,Disabled,1 Hr,30,"2021.1c
/redfish/v1/Systems/{SYSTEM_NAME}_{InstanceId}/Memory/{GPU_MEM_NAME}_{InstanceId}_DRAM_{InstanceId}/MemoryMetrics
{LifeTime{UncorrectableECCErrorCount}}","2021.1c
/redfish/v1/Systems/$SystemId/Memory/$MemoryId/MemoryMetrics
{LifeTime{UncorrectableECCErrorCount}}","{SystemId:{SystemType: Physical}, MemoryId: {MemoryDeviceType: HBM}}",,,Y,ES,,,,"L0, R1","L1, R1",RF:DCGM
GPU-ECC-ERR-CTR-UE-CACHE,GPU,ECC-ERR-CTR-UE-CACHE,Row-remapping count due to uncorrectable error,Erros,Uint64,"SMBPBI: (0x20, [0x00], [0x01]) |  NSM: (0x03, 0x7E)",nvmlDeviceGetRemappedRows,nvidia_smi_log.gpu.remapped_rows.remapped_row_unc,DCGM_FI_DEV_UNCORRECTABLE_REMAPPED_ROWS:393,"2021.1d
/redfish/v1/Systems/HGX_Baseboard_{InstanceId}/Memory/GPU_SXM_{InstanceId}_DRAM_{InstanceId}/MemoryMetrics
{Oem{Nvidia{RowRemapping{UncorrectableRowRemappingCount}}}}","2021.1d
/redfish/v1/Systems/HGX_Baseboard_{InstanceId}/Memory/GPU_{InstanceId}_DRAM_{InstanceId}/MemoryMetrics
{Oem{Nvidia{RowRemapping{UncorrectableRowRemappingCount}}}}","2021.1d
/redfish/v1/Systems/System_{InstanceId}/Memory/GPU_{InstanceId}_DRAM_{InstanceId}/MemoryMetrics
{Oem{Nvidia{RowRemapping{UncorrectableRowRemappingCount}}}}",/redfish/v1/TelemetryService/MetricReports/HGX_MemoryMetrics_0,/redfish/v1/TelemetryService/MetricReports/MemoryMetrics_0,busctl get-property  xyz.openbmc_project.NSM /xyz/openbmc_project/inventory/system/accelerator/GPU_$gpuid xyz.openbmc_project.Memory.MemoryECC ueCount,,NA,NA,NA,Yes,Yes,Yes,Yes,Yes,Yes,Yes,Yes,NA,Yes,NA,Yes,Yes,Yes,NA,Yes,Yes,,Available,No,Disabled,1 Hr,30,"2021.1d
/redfish/v1/Systems/{SYSTEM_NAME}_{InstanceId}/Memory/{GPU_MEM_NAME}_{InstanceId}_DRAM_{InstanceId}/MemoryMetrics
{Oem{Nvidia{RowRemapping{UncorrectableRowRemappingCount}}}}","2021.1d
/redfish/v1/Systems/$SystemId/Memory/$MemoryId/MemoryMetrics
{Oem{Nvidia{RowRemapping{UncorrectableRowRemappingCount}}}}","{SystemId:{SystemType: Physical}, MemoryId: {MemoryDeviceType: HBM}}",,,Y,ES,,,,"L0, R1","L1, R1",RF:DCGM
GPU-PCI-ERR-CTR-REPLAY,GPU,PCI-ERR-CTR-REPLAY,Row-remapping count due to correctable errors,Erros,Uint64,"SMBPBI: (0x20, [0x00], [0x02]) |  NSM: (0x03, 0x07E)",nvmlDeviceGetRemappedRows,nvidia_smi_log.gpu.remapped_rows.remapped_row_corr,DCGM_FI_DEV_CORRECTABLE_REMAPPED_ROWS:394,"2021.1d
/redfish/v1/Systems/HGX_Baseboard_{InstanceId}/Memory/GPU_SXM_{InstanceId}_DRAM_{InstanceId}/MemoryMetrics
{Oem{Nvidia{RowRemapping{CorrectableRowRemappingCount}}}}","2021.1d
/redfish/v1/Systems/HGX_Baseboard_{InstanceId}/Memory/GPU_{InstanceId}_DRAM_{InstanceId}/MemoryMetrics
{Oem{Nvidia{RowRemapping{CorrectableRowRemappingCount}}}}","2021.1d
/redfish/v1/Systems/System_{InstanceId}/Memory/GPU_{InstanceId}_DRAM_{InstanceId}/MemoryMetrics
{Oem{Nvidia{RowRemapping{CorrectableRowRemappingCount}}}}",/redfish/v1/TelemetryService/MetricReports/HGX_MemoryMetrics_0,/redfish/v1/TelemetryService/MetricReports/MemoryMetrics_0,busctl get-property  xyz.openbmc_project.NSM /xyz/openbmc_project/inventory/system/accelerator/GPU_$gpuid xyz.openbmc_project.PCIe.PCIeECC ReplayCount,,NA,NA,NA,Yes,Yes,Yes,Yes,Yes,Yes,Yes,Yes,NA,Yes,NA,Yes,Yes,Yes,NA,Yes,Yes,,Available,No,Disabled,1 Hr,30,"2021.1d
/redfish/v1/Systems/{SYSTEM_NAME}_{InstanceId}/Memory/{GPU_MEM_NAME}_{InstanceId}_DRAM_{InstanceId}/MemoryMetrics
{Oem{Nvidia{RowRemapping{CorrectableRowRemappingCount}}}}","2021.1d
/redfish/v1/Systems/$SystemId/Memory/$MemoryId/MemoryMetrics
{Oem{Nvidia{RowRemapping{CorrectableRowRemappingCount}}}}","{SystemId:{SystemType: Physical}, MemoryId: {MemoryDeviceType: HBM}}",,,Y,ES,,,,"L0, R1","L1, R1",RF:DCGM
GPU-THROTTLE-DURATION-SW-VIOLATION,GPU,THROTTLE-DURATION-SW-VIOLATION,"The flag indicates whether row remapping has failed in the past.
Any of the following events will trigger a row-remapping failure flag:

A remapping attempt for an uncorrectable memory error on a bank that already has 8 uncorrectable error rows remapped
A remapping attempt for an uncorrectable memory error on a row that was already remapped (which can occur with less than 8 total remaps to the same bank).
After 512 total remappings for an uncorrectable memory error have occurred.",Erros,string,"SMBPBI: (0x20, [0x01], [0x00]) [0:0] | NSM: (0x3, 0x7F)",nvmlDeviceGetRemappedRows,nvidia_smi_log.gpu.remapped_rows.remapped_row_failure,DCGM_FI_DEV_ROW_REMAP_FAILURE:395,"2023.2
/redfish/v1/Systems/HGX_Baseboard_{InstanceId}/Memory/GPU_SXM_{InstanceId}_DRAM_{InstanceId}
{Oem{Nvidia{RowRemappingFailed}}","2023.2
/redfish/v1/Systems/HGX_Baseboard_{InstanceId}/Memory/GPU_{InstanceId}_DRAM_{InstanceId}
{Oem{Nvidia{RowRemappingFailed}}","2023.2
/redfish/v1/Systems/System_{InstanceId}/Memory/GPU_{InstanceId}_DRAM_{InstanceId}
{Oem{Nvidia{RowRemappingFailed}}",/redfish/v1/TelemetryService/MetricReports/HGX_MemoryMetrics_0,/redfish/v1/TelemetryService/MetricReports/MemoryMetrics_0,busctl get-property  xyz.openbmc_project.NSM /xyz/openbmc_project/inventory/system/accelerator/GPU_$gpuid xyz.openbmc_project.State.ProcessorPerformance GlobalSoftwareViolationThrottleDuration,,NA,NA,NA,Yes,Yes,Yes,Yes,Yes,Yes,Yes,Yes,NA,Yes,NA,Yes,Yes,Yes,NA,Yes,Yes,,Available,No,No Impact,1 Hr,30,"2023.2
/redfish/v1/Systems/{SYSTEM_NAME}_{InstanceId}/Memory/{GPU_MEM_NAME}_{InstanceId}_DRAM_{InstanceId}
{Oem{Nvidia{RowRemappingFailed}}","2023.2
/redfish/v1/Systems/$SystemId/Memory/$MemoryId
{Oem{Nvidia{RowRemappingFailed}}","{SystemId:{SystemType: Physical}, MemoryId: {MemoryDeviceType: HBM}}",,,Y,ES,,,,"L0, R1","L1, R1",RF:DCGM
GPU-THROTTLE-DURATION-THERMAL,GPU,THROTTLE-DURATION-THERMAL,"The following errors get reported as correctable errors:
- Receiver error
- Bad TLP
- Bad DLLP
- Replay Rollover
- Replay timeout
- Advisory non-fatal error",Erros,string,"SMBPBI: (0x21, [0x00], Unused); extended data [15:0] | NSM: (0x2, 0x4)",NA,NA,NA,"2021.1d
/redfish/v1/Systems/HGX_Baseboard_{InstanceId}/Processors/GPU_SXM_{InstanceId}/ProcessorMetrics
{PCIeErrors{CorrectableErrorCount}}","2021.1d
/redfish/v1/Systems/HGX_Baseboard_{InstanceId}/Processors/GPU_{InstanceId}/ProcessorMetrics
{PCIeErrors{CorrectableErrorCount}}","2021.1d
/redfish/v1/Systems/System_{InstanceId}/Processors/GPU_{InstanceId}/ProcessorMetrics
{PCIeErrors{CorrectableErrorCount}}",/redfish/v1/TelemetryService/MetricReports/HGX_ProcessorMetrics_0,/redfish/v1/TelemetryService/MetricReports/ProcessorMetrics_0,busctl get-property  xyz.openbmc_project.NSM /xyz/openbmc_project/inventory/system/accelerator/GPU_$gpuid xyz.openbmc_project.State.ProcessorPerformance ThermalLimitThrottleDuration,,NA,NA,NA,Yes,Yes,Yes,Yes,Yes,Yes,Yes,Yes,NA,Yes,NA,Yes,Yes,Yes,NA,Yes,Yes,,Available OOB,No,No Impact,1 Hr,30,"2021.1d
/redfish/v1/Systems/{SYSTEM_NAME}_{InstanceId}/Processors/{GPU_PROC_NAME}_{InstanceId}/ProcessorMetrics
{PCIeErrors{CorrectableErrorCount}}","2021.1d
/redfish/v1/Systems/$SystemId/Processors/$ProcessorId/ProcessorMetrics
{PCIeErrors{CorrectableErrorCount}}","{SystemId:{SystemType: Physical}, ProcessorId: {ProcessorType: GPU}}",GPU,,Y,ES,,,,"L0, R1","L1, R1",NA
GPU-PCI-RETRIES,GPU,PCI-RETRIES,"Following errors get reported as fatal depending on the severity in AER registers:
-Data link layer protocol error
-Received poisoned TLP
-Flow control protocol error
 -Completion timeout
 -Completion abort
 -Unexpected completion
 -Receiver overflow
 -Malformed TLP
 -ECRC error
 -Unsupported request",Erros,Uint64,"SMBPBI: (0x21, [0x00], Unused) [23:16] | NSM: (0x2, 0x4)",NA,NA,NA,"2021.1d
/redfish/v1/Systems/HGX_Baseboard_{InstanceId}/Processors/GPU_SXM_{InstanceId}/ProcessorMetrics
{PCIeErrors{FatalErrorCount}}","2021.1d
/redfish/v1/Systems/HGX_Baseboard_{InstanceId}/Processors/GPU_{InstanceId}/ProcessorMetrics
{PCIeErrors{FatalErrorCount}}","2021.1d
/redfish/v1/Systems/System_{InstanceId}/Processors/GPU_{InstanceId}/ProcessorMetrics
{PCIeErrors{FatalErrorCount}}",/redfish/v1/TelemetryService/MetricReports/HGX_ProcessorMetrics_0,/redfish/v1/TelemetryService/MetricReports/ProcessorMetrics_0,busctl get-property  xyz.openbmc_project.NSM /xyz/openbmc_project/inventory/system/accelerator/GPU_$gpuid xyz.openbmc_project.PCIe.PCIeECC ReplayCount,,NA,NA,NA,Yes,Yes,Yes,Yes,Yes,Yes,Yes,Yes,NA,Yes,NA,Yes,Yes,Yes,NA,Yes,Yes,,Available OOB,No,No Impact,1 Hr,30,"2021.1d
/redfish/v1/Systems/{SYSTEM_NAME}_{InstanceId}/Processors/{GPU_PROC_NAME}_{InstanceId}/ProcessorMetrics
{PCIeErrors{FatalErrorCount}}","2021.1d
/redfish/v1/Systems/$SystemId/Processors/$ProcessorId/ProcessorMetrics
{PCIeErrors{FatalErrorCount}}","{SystemId:{SystemType: Physical}, ProcessorId: {ProcessorType: GPU}}",GPU,,Y,ES,,,,"L0, R1","L1, R1",NA
GPU-EffectiveBitErrorRate,GPU,EffectiveBitErrorRate,This count reflects the number of times the link went into the recovery state from the L0 state.,Erros,Uint64,"SMBPBI: (0x21, [0x01], Unused)  | NSM: (0x2, 0x4)",NA,NA,NA,"2021.1d
/redfish/v1/Systems/HGX_Baseboard_{InstanceId}/Processors/GPU_SXM_{InstanceId}/ProcessorMetrics
{PCIeErrors{L0ToRecoveryCount}}","2021.1d
/redfish/v1/Systems/HGX_Baseboard_{InstanceId}/Processors/GPU_{InstanceId}/ProcessorMetrics
{PCIeErrors{L0ToRecoveryCount}}","2021.1d
/redfish/v1/Systems/System_{InstanceId}/Processors/GPU_{InstanceId}/ProcessorMetrics
{PCIeErrors{L0ToRecoveryCount}}",/redfish/v1/TelemetryService/MetricReports/HGX_ProcessorMetrics_0,/redfish/v1/TelemetryService/MetricReports/ProcessorMetrics_0,busctl get-property  xyz.openbmc_project.NSM /xyz/openbmc_project/inventory/system/accelerator/GPU_$gpuid/Ports/NVLink_[gpu_nvlinkid] xyz.openbmc_project.Metrics.IBPort BitErrorRate,,NA,NA,NA,Yes,Yes,Yes,Yes,Yes,Yes,Yes,Yes,NA,Yes,NA,Yes,Yes,Yes,NA,Yes,Yes,,Available OOB,No,No Impact,1 Hr,30,"2021.1d
/redfish/v1/Systems/{SYSTEM_NAME}_{InstanceId}/Processors/{GPU_PROC_NAME}_{InstanceId}/ProcessorMetrics
{PCIeErrors{L0ToRecoveryCount}}","2021.1d
/redfish/v1/Systems/$SystemId/Processors/$ProcessorId/ProcessorMetrics
{PCIeErrors{L0ToRecoveryCount}}","{SystemId:{SystemType: Physical}, ProcessorId: {ProcessorType: GPU}}",GPU,,Y,ES,,,,"L0, R1","L1, R1",NA
GPU-LinkDownedCounter,GPU,LinkDownedCounter,"This count reflects the number of NAKS issued on the PCIe link by
the host root complex. A NAK is issued by the host root complex
when it detects that a TLP from the GPU side was missed. This
could be because the GPU did not transmit it, or because the host
root complex receiver could not properly decode the packet.",Erros,Uint64,"SMBPBI: (0x21, [0x02], Unused) [31:16]  | NSM: (0x2, 0x4)",NA,NA,NA,"2021.1d
/redfish/v1/Systems/HGX_Baseboard_{InstanceId}/Processors/GPU_SXM_{InstanceId}/ProcessorMetrics
{PCIeErrors{NAKReceivedCount}}","2021.1d
/redfish/v1/Systems/HGX_Baseboard_{InstanceId}/Processors/GPU_{InstanceId}/ProcessorMetrics
{PCIeErrors{NAKReceivedCount}}","2021.1d
/redfish/v1/Systems/System_{InstanceId}/Processors/GPU_{InstanceId}/ProcessorMetrics
{PCIeErrors{NAKReceivedCount}}",/redfish/v1/TelemetryService/MetricReports/HGX_ProcessorMetrics_0,/redfish/v1/TelemetryService/MetricReports/ProcessorMetrics_0,busctl get-property  xyz.openbmc_project.NSM /xyz/openbmc_project/inventory/system/accelerator/GPU_$gpuid/Ports/NVLink_[gpu_nvlinkid] xyz.openbmc_project.Metrics.IBPort LinkDownCount,"""nsmd_HGX_ProcessorPortMetrics_0""",NA,NA,NA,Yes,Yes,Yes,Yes,Yes,Yes,Yes,Yes,NA,Yes,NA,Yes,Yes,Yes,NA,Yes,Yes,,Available OOB,No,No Impact,1 Hr,30,"2021.1d
/redfish/v1/Systems/{SYSTEM_NAME}_{InstanceId}/Processors/{GPU_PROC_NAME}_{InstanceId}/ProcessorMetrics
{PCIeErrors{NAKReceivedCount}}","2021.1d
/redfish/v1/Systems/$SystemId/Processors/$ProcessorId/ProcessorMetrics
{PCIeErrors{NAKReceivedCount}}","{SystemId:{SystemType: Physical}, ProcessorId: {ProcessorType: GPU}}",GPU,,Y,ES,,,,"L0, R1","L1, R1",NA
GPU-PORT-MALFORMED-PKTS,GPU,PORT-MALFORMED-PKTS,"This count reflects the number of NAKS issued on the PCIe link by
the GPU. A NAK is issued by the GPU when it detects that a TLP
from the host root complex was missed. This could be because the
host root complex did not transmit it, or because the GPU receiver",Erros,Uint64,"SMBPBI: (0x21, [0x02], Unused); extended data  | NSM: (0x2, 0x4)",NA,NA,NA,"2021.1d
/redfish/v1/Systems/HGX_Baseboard_{InstanceId}/Processors/GPU_SXM_{InstanceId}/ProcessorMetrics
{PCIeErrors{NAKSentCount}}","2021.1d
/redfish/v1/Systems/HGX_Baseboard_{InstanceId}/Processors/GPU_{InstanceId}/ProcessorMetrics
{PCIeErrors{NAKSentCount}}","2021.1d
/redfish/v1/Systems/System_{InstanceId}/Processors/GPU_{InstanceId}/ProcessorMetrics
{PCIeErrors{NAKSentCount}}",/redfish/v1/TelemetryService/MetricReports/HGX_ProcessorMetrics_0,/redfish/v1/TelemetryService/MetricReports/ProcessorMetrics_0,busctl get-property  xyz.openbmc_project.NSM /xyz/openbmc_project/inventory/system/accelerator/GPU_$gpuid/Ports/NVLink_[gpu_nvlinkid] xyz.openbmc_project.Metrics.IBPort MalformedPkts,"""nsmd_HGX_ProcessorPortMetrics_0""",NA,NA,NA,Yes,Yes,Yes,Yes,Yes,Yes,Yes,Yes,NA,Yes,NA,Yes,Yes,Yes,NA,Yes,Yes,,Available OOB,No,No Impact,1 Hr,30,"2021.1d
/redfish/v1/Systems/{SYSTEM_NAME}_{InstanceId}/Processors/{GPU_PROC_NAME}_{InstanceId}/ProcessorMetrics
{PCIeErrors{NAKSentCount}}","2021.1d
/redfish/v1/Systems/$SystemId/Processors/$ProcessorId/ProcessorMetrics
{PCIeErrors{NAKSentCount}}","{SystemId:{SystemType: Physical}, ProcessorId: {ProcessorType: GPU}}",GPU,,Y,ES,,,,"L0, R1","L1, R1",NA
GPU-PORT-RCV-ERRORS,GPU,PORT-RCV-ERRORS,"The following errors get reported as non-fatal depending on the severity in AER registers:

 - Data link layer protocol error
 -Received poisoned TLP
 -Flow control protocol error
 -Completion timeout
 -Completion abort
 -Unexpected completion
 -Receiver overflow
 -Malformed TLP
 -ECRC error
 -Unsupported request",Erros,Uint64,"SMBPBI: (0x21, [0x00], Unused); [15:8] | NSM: (0x2, 0x4)",NA,NA,NA,"2021.1d
/redfish/v1/Systems/HGX_Baseboard_{InstanceId}/Processors/GPU_SXM_{InstanceId}/ProcessorMetrics
{PCIeErrors{NonFatalErrorCount}}","2021.1d
/redfish/v1/Systems/HGX_Baseboard_{InstanceId}/Processors/GPU_{InstanceId}/ProcessorMetrics
{PCIeErrors{NonFatalErrorCount}}","2021.1d
/redfish/v1/Systems/System_{InstanceId}/Processors/GPU_{InstanceId}/ProcessorMetrics
{PCIeErrors{NonFatalErrorCount}}",/redfish/v1/TelemetryService/MetricReports/HGX_ProcessorMetrics_0,/redfish/v1/TelemetryService/MetricReports/ProcessorMetrics_0,busctl get-property  xyz.openbmc_project.NSM /xyz/openbmc_project/inventory/system/accelerator/GPU_$gpuid/Ports/NVLink_[gpu_nvlinkid] xyz.openbmc_project.Metrics.IBPort RXErrors,"""nsmd_HGX_ProcessorPortMetrics_0""",NA,NA,NA,Yes,Yes,Yes,Yes,Yes,Yes,Yes,Yes,NA,Yes,NA,Yes,Yes,Yes,NA,Yes,Yes,,Available OOB,No,No Impact,1 Hr,30,"2021.1d
/redfish/v1/Systems/{SYSTEM_NAME}_{InstanceId}/Processors/{GPU_PROC_NAME}_{InstanceId}/ProcessorMetrics
{PCIeErrors{NonFatalErrorCount}}","2021.1d
/redfish/v1/Systems/$SystemId/Processors/$ProcessorId/ProcessorMetrics
{PCIeErrors{NonFatalErrorCount}}","{SystemId:{SystemType: Physical}, ProcessorId: {ProcessorType: GPU}}",GPU,,Y,ES,,,,"L0, R1","L1, R1",NA
GPU-PORT-XMIT-DISCARDS,GPU,PORT-XMIT-DISCARDS,"This count reflects the number of replay rollovers issued on the
PCIe link by the GPU. A replay rollover occurs when four
consecutive replays fail to resolve the errors on the link. It means
that the GPU forced the link into recovery.",Erros,Uint64,"SMBPBI: (0x21, [0x02], Unused) [15:0] | NSM: (0x2, 0x4)",NVML_FI_DEV_PCIE_REPLAY_ROLLOVER_COUNTER,nvidia_smi_log.gpu.pci.replay_rollover_counter,NA,"2021.1d
/redfish/v1/Systems/HGX_Baseboard_{InstanceId}/Processors/GPU_SXM_{InstanceId}/ProcessorMetrics
{PCIeErrors{ReplayRolloverCount}}","2021.1d
/redfish/v1/Systems/HGX_Baseboard_{InstanceId}/Processors/GPU_{InstanceId}/ProcessorMetrics
{PCIeErrors{ReplayRolloverCount}}","2021.1d
/redfish/v1/Systems/System_{InstanceId}/Processors/GPU_{InstanceId}/ProcessorMetrics
{PCIeErrors{ReplayRolloverCount}}",/redfish/v1/TelemetryService/MetricReports/HGX_ProcessorMetrics_0,/redfish/v1/TelemetryService/MetricReports/ProcessorMetrics_0,busctl get-property  xyz.openbmc_project.NSM /xyz/openbmc_project/inventory/system/accelerator/GPU_$gpuid/Ports/NVLink_[gpu_nvlinkid] xyz.openbmc_project.Metrics.IBPort TXDiscardPkts,"""nsmd_HGX_ProcessorPortMetrics_0""",NA,NA,NA,Yes,Yes,Yes,Yes,Yes,Yes,Yes,Yes,NA,Yes,NA,Yes,Yes,Yes,NA,Yes,Yes,,Available OOB,No,No Impact,1 Hr,30,"2021.1d
/redfish/v1/Systems/{SYSTEM_NAME}_{InstanceId}/Processors/{GPU_PROC_NAME}_{InstanceId}/ProcessorMetrics
{PCIeErrors{ReplayRolloverCount}}","2021.1d
/redfish/v1/Systems/$SystemId/Processors/$ProcessorId/ProcessorMetrics
{PCIeErrors{ReplayRolloverCount}}","{SystemId:{SystemType: Physical}, ProcessorId: {ProcessorType: GPU}}",GPU,,Y,ES,,,,"L0, R1","L1, R1",NA
GPU-VL15-DROPPED,GPU,VL15-DROPPED,NVLink Training Errors,Erros,Uint64,"SMBPBI: (0x1A, [0x0D], Unused) |  NSM: (0x1, 0x43)",NA,NA,NA,"2022.1e
/redfish/v1/Systems/HGX_Baseboard_{InstanceId}/Processors/GPU_SXM_{InstanceId}/Ports/NVLink_{InstanceId}/Metrics
{Oem{Nvidia{NVLinkErrors{TrainingError}}}}","2022.1e
/redfish/v1/Systems/HGX_Baseboard_{InstanceId}/Processors/GPU_{InstanceId}/Ports/NVLink_{InstanceId}/Metrics
{Oem{Nvidia{NVLinkErrors{TrainingError}}}}","2022.1e
/redfish/v1/Systems/System_{InstanceId}/Processors/GPU_{InstanceId}/Ports/NVLink_{InstanceId}/Metrics
{Oem{Nvidia{NVLinkErrors{TrainingError}}}}",/redfish/v1/TelemetryService/MetricReports/HGX_ProcessorPortMetrics_0,/redfish/v1/TelemetryService/MetricReports/ProcessorPortMetrics_0,busctl get-property  xyz.openbmc_project.NSM /xyz/openbmc_project/inventory/system/accelerator/GPU_$gpuid/Ports/NVLink_[gpu_nvlinkid] xyz.openbmc_project.Metrics.IBPort VL15DroppedPkts,"""nsmd_HGX_ProcessorPortMetrics_0""",,,,Yes,NA,NA,Yes,NA,NA,NA,NA,,NA,NA,Yes,NA,Yes,NA,Yes,NA,,Available OOB,No,No Impact,1 Hr,30,"2022.1e
/redfish/v1/Systems/{SYSTEM_NAME}_{InstanceId}/Processors/{GPU_PROC_NAME}_{InstanceId}/Ports/NVLink_{InstanceId}/Metrics
{Oem{Nvidia{NVLinkErrors{TrainingError}}}}","2022.1e
/redfish/v1/Systems/$SystemId/Processors/$ProcessorId/Ports/$PortId/Metrics
{Oem{Nvidia{NVLinkErrors{TrainingError}}}}","{SystemId:{SystemType: Physical}, ProcessorId: {ProcessorType: GPU}, PortId: {PortProtocol: NVLink, Id_contains: NVLink}}",GPU[NVLink],,Y,ES,,,,L0,L1,NA
GPU-ERR-CTR-TXWAIT,GPU,ERR-CTR-TXWAIT,NVlink runtime errors,Erros,Uint64,"SMBPBI: (0x1A, [0x0E], Unused) |  NSM: (0x1, 0x1)",NA,NA,NA,"2022.1e
/redfish/v1/Systems/HGX_Baseboard_{InstanceId}/Processors/GPU_SXM_{InstanceId}/Ports/NVLink_{InstanceId}/Metrics
{Oem{Nvidia{NVLinkErrors{RuntimeError}}}}","2022.1e
/redfish/v1/Systems/HGX_Baseboard_{InstanceId}/Processors/GPU_{InstanceId}/Ports/NVLink_{InstanceId}/Metrics
{Oem{Nvidia{NVLinkErrors{RuntimeError}}}}","2022.1e
/redfish/v1/Systems/System_{InstanceId}/Processors/GPU_{InstanceId}/Ports/NVLink_{InstanceId}/Metrics
{Oem{Nvidia{NVLinkErrors{RuntimeError}}}}",/redfish/v1/TelemetryService/MetricReports/HGX_ProcessorPortMetrics_0,/redfish/v1/TelemetryService/MetricReports/ProcessorPortMetrics_0,busctl get-property  xyz.openbmc_project.NSM /xyz/openbmc_project/inventory/system/accelerator/GPU_$gpuid/Ports/NVLink_[gpu_nvlinkid] xyz.openbmc_project.Metrics.IBPort TXWait,"""nsmd_HGX_ProcessorPortMetrics_0""",,,,Yes,NA,NA,Yes,NA,NA,NA,NA,,NA,NA,Yes,NA,Yes,NA,Yes,NA,,Available OOB,No,No Impact,1 Hr,30,"2022.1e
/redfish/v1/Systems/{SYSTEM_NAME}_{InstanceId}/Processors/{GPU_PROC_NAME}_{InstanceId}/Ports/NVLink_{InstanceId}/Metrics
{Oem{Nvidia{NVLinkErrors{RuntimeError}}}}","2022.1e
/redfish/v1/Systems/$SystemId/Processors/$ProcessorId/Ports/$PortId/Metrics
{Oem{Nvidia{NVLinkErrors{RuntimeError}}}}","{SystemId:{SystemType: Physical}, ProcessorId: {ProcessorType: GPU}, PortId: {PortProtocol: NVLink, Id_contains: NVLink}}",GPU[NVLink],,Y,ES,,,,L0,L1,NA
GPU-PORT-MALFORMED-PACKET-ERRORS,GPU,PORT-MALFORMED-PACKET-ERRORS,"Supplemental info reported along with other reportings. E.g., Asset info, Component States",Erros,Uint64,"SMBPBI: (0x10, [0x09], Unused) |  NSM: (0x3, 0x49)",nvmlDeviceGetViolationStatus,NA,NA,"2023.0a
/redfish/v1/Systems/HGX_Baseboard_{InstanceId}/Processors/GPU_SXM_{InstanceId}/ProcessorMetrics
{Oem{Nvidia{HardwareViolationThrottleDuration}}}","2023.0a
/redfish/v1/Systems/HGX_Baseboard_{InstanceId}/Processors/GPU_{InstanceId}/ProcessorMetrics
{Oem{Nvidia{HardwareViolationThrottleDuration}}}","2023.0a
/redfish/v1/Systems/System_{InstanceId}/Processors/GPU_{InstanceId}/ProcessorMetrics
{Oem{Nvidia{HardwareViolationThrottleDuration}}}",/redfish/v1/TelemetryService/MetricReports/HGX_ProcessorMetrics_0,,busctl get-property  xyz.openbmc_project.NSM /xyz/openbmc_project/inventory/system/accelerator/GPU_$gpuid/Ports/NVLink_[gpu_nvlinkid] xyz.openbmc_project.Metrics.IBPort MalformedPkts,,NA,NA,NA,NA,NA,NA,Yes,Yes,Yes,Yes,Yes,NA,Yes,NA,Yes,Yes,Yes,NA,Yes,Yes,,Available OOB,Yes,No Impact,1 Hr,30,"2023.0a
/redfish/v1/Systems/{SYSTEM_NAME}_{InstanceId}/Processors/{GPU_PROC_NAME}_{InstanceId}/ProcessorMetrics
{Oem{Nvidia{HardwareViolationThrottleDuration}}}","2023.0a
/redfish/v1/Systems/$SystemId/Processors/$ProcessorId/ProcessorMetrics
{Oem{Nvidia{HardwareViolationThrottleDuration}}}","{SystemId:{SystemType: Physical}, ProcessorId: {ProcessorType: GPU}}",GPU,,Y,ES,,,,"L0, R1","L1, R1",NA
GPU-PORT-XMIT-DATA,GPU,PORT-XMIT-DATA,"Reporting any power related issues from any component. 
E.g., GPU power brake set",Erros,Uint64,"SMBPBI: (0xF5,-,-)",nvmlDeviceGetViolationStatus,NA,DCGM_FI_DEV_POWER_VIOLATION:240,"Future
/redfish/v1/Systems/HGX_Baseboard_{InstanceId}/Processors/GPU_SXM_{InstanceId}
{PowerBrakeAsserted}","Future
/redfish/v1/Systems/HGX_Baseboard_{InstanceId}/Processors/GPU_{InstanceId}
{PowerBrakeAsserted}","Future
/redfish/v1/Systems/System_{InstanceId}/Processors/GPU_{InstanceId}
{PowerBrakeAsserted}",,,busctl get-property  xyz.openbmc_project.NSM /xyz/openbmc_project/inventory/system/accelerator/GPU_$gpuid/Ports/NVLink_[gpu_nvlinkid] xyz.openbmc_project.Metrics.PortMetricsOem2 TXBytes,,NA,NA,NA,Yes,Yes,Yes,Yes,Yes,Yes,Yes,Yes,NA,Yes,NA,Yes,Yes,Yes,NA,Yes,Yes,,Available IB,No,No Impact,1 Hr,,"Future
/redfish/v1/Systems/{SYSTEM_NAME}_{InstanceId}/Processors/{GPU_PROC_NAME}_{InstanceId}
{PowerBrakeAsserted}","Future
/redfish/v1/Systems/$SystemId/Processors/$ProcessorId
{PowerBrakeAsserted}","{SystemId:{SystemType: Physical}, ProcessorId: {ProcessorType: GPU}}",GPU,,Y,ES,,,,"L0, R1","L1, R1",NA
GPU-PCI-ERR-CTR-UNSUPPREQ,GPU,PCI-ERR-CTR-UNSUPPREQ,"This opcode gets the thermal alert state – that is, whether a thermal alert is pending or not.

GPU_THERM_OVERT_N GPIO may be useful",Erros,Uint64,"SMBPBI: (0xF6, Unused, Unused)",nvmlDeviceGetViolationStatus,NA,DCGM_FI_DEV_THERMAL_VIOLATION:241,NA,NA,NA,,,busctl get-property  xyz.openbmc_project.NSM /xyz/openbmc_project/inventory/system/accelerator/GPU_$gpuid xyz.openbmc_project.PCIe.PCIeECC UnsupportedRequestCount,,NA,NA,NA,Yes,Yes,Yes,Yes,Yes,Yes,Yes,Yes,NA,Yes,NA,Yes,Yes,Yes,NA,Yes,Yes,,Available IB,No,No Impact,1 Hr,,NA,NA,,,,Y,ES Factory,,,,"L0, R1","L1, R1",NA
GPU-VENDOR,GPU,VENDOR,the number of correctable errors of cache memory,Inventory,string,"SMBPBI: (0x1E, [0x00], [0x00]) | NSM: (0x3, 0x7D)",nvmlDeviceGetMemoryErrorCounter,nvidia_smi_log.gpu.ecc_errors.aggregate.sram_correctable,"DCGM_FI_DEV_ECC_SBE_AGG_L[1,2]:[324,326]","2021.1c
/redfish/v1/Systems/HGX_Baseboard_{InstanceId}/Processors/GPU_SXM_{InstanceId}/ProcessorMetrics
{CacheMetricsTotal{LifeTime{CorrectableECCErrorCount}}}","2021.1c
/redfish/v1/Systems/HGX_Baseboard_{InstanceId}/Processors/GPU_{InstanceId}/ProcessorMetrics
{CacheMetricsTotal{LifeTime{CorrectableECCErrorCount}}}","2021.1c
/redfish/v1/Systems/System_{InstanceId}/Processors/GPU_{InstanceId}/ProcessorMetrics
{CacheMetricsTotal{LifeTime{CorrectableECCErrorCount}}}",/redfish/v1/TelemetryService/MetricReports/HGX_ProcessorMetrics_0,/redfish/v1/TelemetryService/MetricReports/ProcessorMetrics_0,busctl get-property  xyz.openbmc_project.NSM /xyz/openbmc_project/inventory/system/accelerator/GPU_$gpuid xyz.openbmc_project.Inventory.Decorator.Asset Manufacturer,,NA,NA,NA,Yes,Yes,Yes,Yes,Yes,Yes,Yes,Yes,NA,Yes,NA,Yes,Yes,Yes,NA,Yes,Yes,,Available,No,Disabled,1 Hr,30,"2021.1c
/redfish/v1/Systems/{SYSTEM_NAME}_{InstanceId}/Processors/{GPU_PROC_NAME}_{InstanceId}/ProcessorMetrics
{CacheMetricsTotal{LifeTime{CorrectableECCErrorCount}}}","2021.1c
/redfish/v1/Systems/$SystemId/Processors/$ProcessorId/ProcessorMetrics
{CacheMetricsTotal{LifeTime{CorrectableECCErrorCount}}}","{SystemId:{SystemType: Physical}, ProcessorId: {ProcessorType: GPU}}",,sum(DCGMVal),Y,ES,,,,"L0, R1","L1, R1",Not Supported
GPU-SERIAL,GPU,SERIAL,the number of uncorrectable errors of cache memory,Inventory,string,"SMBPBI: (0x1E, [0x01], [0x00]) | NSM: (0x3, 0x7D)",nvmlDeviceGetMemoryErrorCounter,nvidia_smi_log.gpu.ecc_errors.aggregate.sram_uncorrectable_parity + nvidia_smi_log.gpu.ecc_errors.aggregate.sram_uncorrectable_secded,"DCGM_FI_DEV_ECC_DBE_AGG_L[1,2]:[325,327]","2021.1c
/redfish/v1/Systems/HGX_Baseboard_{InstanceId}/Processors/GPU_SXM_{InstanceId}/ProcessorMetrics
{CacheMetricsTotal{LifeTime{UncorrectableECCErrorCount}}}","2021.1c
/redfish/v1/Systems/HGX_Baseboard_{InstanceId}/Processors/GPU_{InstanceId}/ProcessorMetrics
{CacheMetricsTotal{LifeTime{UncorrectableECCErrorCount}}}","2021.1c
/redfish/v1/Systems/System_{InstanceId}/Processors/GPU_{InstanceId}/ProcessorMetrics
{CacheMetricsTotal{LifeTime{UncorrectableECCErrorCount}}}",/redfish/v1/TelemetryService/MetricReports/HGX_ProcessorMetrics_0,/redfish/v1/TelemetryService/MetricReports/ProcessorMetrics_0,busctl get-property  xyz.openbmc_project.NSM /xyz/openbmc_project/inventory/system/accelerator/GPU_$gpuid xyz.openbmc_project.Inventory.Decorator.Asset SerialNumber,,NA,NA,NA,Yes,Yes,Yes,Yes,Yes,Yes,Yes,Yes,NA,Yes,NA,Yes,Yes,Yes,NA,Yes,Yes,,Available,No,Disabled,1 Hr,30,"2021.1c
/redfish/v1/Systems/{SYSTEM_NAME}_{InstanceId}/Processors/{GPU_PROC_NAME}_{InstanceId}/ProcessorMetrics
{CacheMetricsTotal{LifeTime{UncorrectableECCErrorCount}}}","2021.1c
/redfish/v1/Systems/$SystemId/Processors/$ProcessorId/ProcessorMetrics
{CacheMetricsTotal{LifeTime{UncorrectableECCErrorCount}}}","{SystemId:{SystemType: Physical}, ProcessorId: {ProcessorType: GPU}}",,sum(DCGMVal),Y,ES,,,,"L0, R1","L1, R1",Not Supported
GPU-PART-NUM,GPU,PART-NUM,"This count reflects the number of replays issued on 2 the PCIe link
by the GPU device. A replay is a retransmission of a TLP and
occurs because the ACK timer expired. This means 0 that the host
root complex did not send the ACK or the GPU receiver did not 
properly decode the ACK",Inventory,string,"SMBPBI: (0x21, [0x01], Unused); extended data | NSM: (0x2, 0x4)",NVML_FI_DEV_PCIE_REPLAY_COUNTER,nvidia_smi_log.gpu.pci.replay_counter,DCGM_FI_DEV_PCIE_REPLAY_COUNTER:202,"2021.1d
/redfish/v1/Systems/HGX_Baseboard_{InstanceId}/Processors/GPU_SXM_{InstanceId}/ProcessorMetrics
{PCIeErrors{ReplayCount}}","2021.1d
/redfish/v1/Systems/HGX_Baseboard_{InstanceId}/Processors/GPU_{InstanceId}/ProcessorMetrics
{PCIeErrors{ReplayCount}}","2021.1d
/redfish/v1/Systems/System_{InstanceId}/Processors/GPU_{InstanceId}/ProcessorMetrics
{PCIeErrors{ReplayCount}}",/redfish/v1/TelemetryService/MetricReports/HGX_ProcessorMetrics_0,/redfish/v1/TelemetryService/MetricReports/ProcessorMetrics_0,busctl get-property  xyz.openbmc_project.NSM /xyz/openbmc_project/inventory/system/accelerator/GPU_$gpuid xyz.openbmc_project.Inventory.Decorator.Asset PartNumber,,NA,NA,NA,Yes,Yes,Yes,Yes,Yes,Yes,Yes,Yes,NA,Yes,NA,Yes,Yes,Yes,NA,Yes,Yes,,Available,No,No Impact,1 Hr,30,"2021.1d
/redfish/v1/Systems/{SYSTEM_NAME}_{InstanceId}/Processors/{GPU_PROC_NAME}_{InstanceId}/ProcessorMetrics
{PCIeErrors{ReplayCount}}","2021.1d
/redfish/v1/Systems/$SystemId/Processors/$ProcessorId/ProcessorMetrics
{PCIeErrors{ReplayCount}}","{SystemId:{SystemType: Physical}, ProcessorId: {ProcessorType: GPU}}",GPU,,Y,ES,,,,"L0, R1","L1, R1",RF:DCGM
GPU-GPU-GUID,GPU,GPU-GUID,"Effective BER- calculated by the following:
 bits 15:8 - effective_ber_magnitude
 bits 3:0 - effective_ber_coef
 Effective_BER = effective_ber_coef*10^(-effective_ber_magnitude)",Inventory,string,"PLDM: 0x1A, 0x14, Unused | NSM: (0x1, 0x1)",NVML_FI_DEV_NVLINK_COUNT_EFFECTIVE_BER,nvidia-smi nvlink -e,TBD,"2023.0b 
/redfish/v1/Systems/HGX_Baseboard_{InstanceId}/Processors/GPU_SXM_{InstanceId}/Ports/NVLink_{InstanceId}/Metrics
{Oem{Nvidia{BitErrorRate}}}","2023.0b 
/redfish/v1/Systems/HGX_Baseboard_{InstanceId}/Processors/GPU_{InstanceId}/Ports/NVLink_{InstanceId}/Metrics
{Oem{Nvidia{BitErrorRate}}}","2023.0b 
/redfish/v1/Systems/System_{InstanceId}/Processors/GPU_{InstanceId}/Ports/NVLink_{InstanceId}/Metrics
{Oem{Nvidia{BitErrorRate}}}",/redfish/v1/TelemetryService/MetricReports/HGX_ProcessorPortMetrics_0,,busctl get-property  xyz.openbmc_project.NSM /xyz/openbmc_project/inventory/system/accelerator/GPU_$gpuid xyz.openbmc_project.Common.UUID UUID,,NA,NA,Effective_BER,NA,Yes,Yes,NA,Yes,Yes,Yes,Yes,Yes,NA,NA,NA,NA,NA,NA,NA,NA,,Available,NO,No Impact,10 Sec,30,"2023.0b 
/redfish/v1/Systems/{SYSTEM_NAME}_{InstanceId}/Processors/{GPU_PROC_NAME}_{InstanceId}/Ports/NVLink_{InstanceId}/Metrics
{Oem{Nvidia{BitErrorRate}}}","2023.0b 
/redfish/v1/Systems/$SystemId/Processors/$ProcessorId/Ports/$PortId/Metrics
{Oem{Nvidia{BitErrorRate}}}","{SystemId:{SystemType: Physical}, ProcessorId: {ProcessorType: GPU}, PortId: {PortProtocol: NVLink, Id_contains: NVLink}}",,,Y,ES,,,QS,"L0, R1","L1, R1",NA
GPU-DEVICE-ID,GPU,DEVICE-ID,Total number of times the Port Training state machine has failed the link error recovery process and downed the link.,Inventory,string,"NSM: 0x01, 0x01",NVML_FI_DEV_NVLINK_COUNTER_LINK_DOWNED_COUNTER,TBD,DCGM_FI_DEV_NVLINK_COUNT_LINK_RECOVERY_FAILED_EVENTS:1212,"2023.0b 
/redfish/v1/Systems/HGX_Baseboard_{InstanceId}/Processors/GPU_SXM_{InstanceId}/Ports/NVLink_{InstanceId}/Metrics
{Oem{Nvidia{LinkDownedCount}}}","2023.0b 
/redfish/v1/Systems/HGX_Baseboard_{InstanceId}/Processors/GPU_{InstanceId}/Ports/NVLink_{InstanceId}/Metrics
{Oem{Nvidia{LinkDownedCount}}}","2023.0b 
/redfish/v1/Systems/System_{InstanceId}/Processors/GPU_{InstanceId}/Ports/NVLink_{InstanceId}/Metrics
{Oem{Nvidia{LinkDownedCount}}}",/redfish/v1/TelemetryService/MetricReports/HGX_ProcessorPortMetrics_0,,busctl get-property  xyz.openbmc_project.NSM /xyz/openbmc_project/inventory/system/chassis/HGX_GPU_$gpuid/PCIeDevices/GPU_$gpuid xyz.openbmc_project.Inventory.Item.PCIeDevice Function0DeviceId,,NA,NA,Link_Down,NA,Yes,Yes,NA,Yes,Yes,Yes,Yes,Yes,NA,NA,NA,NA,NA,NA,NA,,,Available,NO,No Impact,10 Sec,30,"2023.0b 
/redfish/v1/Systems/{SYSTEM_NAME}_{InstanceId}/Processors/{GPU_PROC_NAME}_{InstanceId}/Ports/NVLink_{InstanceId}/Metrics
{Oem{Nvidia{LinkDownedCount}}}","2023.0b
/redfish/v1/Systems/$SystemId/Processors/$ProcessorId/Ports/$PortId/Metrics
{Oem{Nvidia{LinkDownedCount}}}","{SystemId:{SystemType: Physical}, ProcessorId: {ProcessorType: GPU}, PortId: {PortProtocol: NVLink}}",,,Y,ES,,,QS,"L0, R1","L1, R1",NA
GPU-VENDOR-ID,GPU,VENDOR-ID,"Total number of packets received on the port that contain malformed packet errors
 • Data packets: LVer, length, VL
 • Link packets: operand, length, VL",Inventory,string,"NSM: 0x01, 0x01",NVML_FI_DEV_NVLINK_COUNT_MALFORMED_PACKET_ERRORS,nvidia-smi nvlink -e,DCGM_FI_DEV_NVLINK_COUNT_RX_MALFORMED_PACKET_ERRORS:1204,"2023.0b 
/redfish/v1/Systems/HGX_Baseboard_{InstanceId}/Processors/GPU_SXM_{InstanceId}/Ports/NVLink_{InstanceId}/Metrics
{Oem{Nvidia{MalformedPackets}}}","2023.0b 
/redfish/v1/Systems/HGX_Baseboard_{InstanceId}/Processors/GPU_{InstanceId}/Ports/NVLink_{InstanceId}/Metrics
{Oem{Nvidia{MalformedPackets}}}","2023.0b 
/redfish/v1/Systems/System_{InstanceId}/Processors/GPU_{InstanceId}/Ports/NVLink_{InstanceId}/Metrics
{Oem{Nvidia{MalformedPackets}}}",/redfish/v1/TelemetryService/MetricReports/HGX_ProcessorPortMetrics_0,,busctl get-property  xyz.openbmc_project.NSM /xyz/openbmc_project/inventory/system/chassis/HGX_GPU_$gpuid/PCIeDevices/GPU_$gpuid xyz.openbmc_project.Inventory.Item.PCIeDevice Function0VendorId,,NA,NA,PortMalformedPacketErrors,NA,Yes,Yes,NA,Yes,Yes,Yes,Yes,Yes,NA,NA,NA,NA,NA,NA,NA,,,Available,NO,No Impact,1 Hr,30,"2023.0b 
/redfish/v1/Systems/{SYSTEM_NAME}_{InstanceId}/Processors/{GPU_PROC_NAME}_{InstanceId}/Ports/NVLink_{InstanceId}/Metrics
{Oem{Nvidia{MalformedPackets}}}","2023.0b 
/redfish/v1/Systems/$SystemId/Processors/$ProcessorId/Ports/$PortId/Metrics
{Oem{Nvidia{MalformedPackets}}}","{SystemId:{SystemType: Physical}, ProcessorId: {ProcessorType: GPU}, PortId: {PortProtocol: NVLink}}",,,Y,ES,,,PS,"L0, R1","L1, R1",NA
GPU-PCI-DEV-ID,GPU,PCI-DEV-ID,"Total number of packets containing an error that were received on the port. These errors include:
 • Local physical errors (ICRC, VCRC, LPCRC, and all physical errors that cause entry into the BAD PACKET or BAD PACKET DISCARD states of the packet receiver state machine)
 • Malformed data packet errors (LVer, length, VL)
 • Malformed link packet errors (operand, length, VL)
 • Packets discarded due to buffer overrun",Inventory,string,"NSM: 0x01, 0x01",NVML_FI_DEV_NVLINK_COUNT_RCV_ERRORS,nvidia-smi nvlink -e,DCGM_FI_DEV_NVLINK_COUNT_RX_ERRORS:1206,"2023.0b 
/redfish/v1/Systems/HGX_Baseboard_{InstanceId}/Processors/GPU_SXM_{InstanceId}/Ports/NVLink_{InstanceId}/Metrics
{RXErrors}","2023.0b 
/redfish/v1/Systems/HGX_Baseboard_{InstanceId}/Processors/GPU_{InstanceId}/Ports/NVLink_{InstanceId}/Metrics
{RXErrors}","2023.0b 
/redfish/v1/Systems/System_{InstanceId}/Processors/GPU_{InstanceId}/Ports/NVLink_{InstanceId}/Metrics
{RXErrors}",/redfish/v1/TelemetryService/MetricReports/HGX_ProcessorPortMetrics_0,,busctl get-property  xyz.openbmc_project.NSM /xyz/openbmc_project/inventory/system/chassis/HGX_GPU_$gpuid/PCIeDevices/GPU_$gpuid xyz.openbmc_project.Inventory.Item.PCIeDevice Function0DeviceId,,NA,NA,PortRcvErrors,NA,Yes,Yes,NA,Yes,Yes,Yes,Yes,Yes,NA,NA,NA,NA,NA,NA,NA,,,Available,NO,No Impact,1 Hr,30,"2023.0b 
/redfish/v1/Systems/{SYSTEM_NAME}_{InstanceId}/Processors/{GPU_PROC_NAME}_{InstanceId}/Ports/NVLink_{InstanceId}/Metrics
{RXErrors}","2023.0b 
/redfish/v1/Systems/$SystemId/Processors/$ProcessorId/Ports/$PortId/Metrics
{RXErrors}","{SystemId:{SystemType: Physical}, ProcessorId: {ProcessorType: GPU}, PortId: {PortProtocol: NVLink}}",,,Y,ES,,,QS,"L0, R1","L1, R1",NA
GPU-HW-REV,GPU,HW-REV,Total number of outbound packets discarded by the port because the port is down or congested.,Inventory,string,"NSM: 0x01, 0x01",TBD,TBD,TBD,"2023.0b 
/redfish/v1/Systems/HGX_Baseboard_{InstanceId}/Processors/GPU_SXM_{InstanceId}/Ports/NVLink_{InstanceId}/Metrics
{Networking{TXDiscards}}","2023.0b 
/redfish/v1/Systems/HGX_Baseboard_{InstanceId}/Processors/GPU_{InstanceId}/Ports/NVLink_{InstanceId}/Metrics
{Networking{TXDiscards}}","2023.0b 
/redfish/v1/Systems/System_{InstanceId}/Processors/GPU_{InstanceId}/Ports/NVLink_{InstanceId}/Metrics
{Networking{TXDiscards}}",/redfish/v1/TelemetryService/MetricReports/HGX_ProcessorPortMetrics_0,,busctl get-property  xyz.openbmc_project.NSM /xyz/openbmc_project/inventory/system/accelerator/GPU_$gpuid xyz.openbmc_project.Inventory.Decorator.Revision Version,,NA,NA,PortXmitDiscards,NA,Yes,Yes,NA,Yes,Yes,Yes,Yes,Yes,NA,NA,NA,NA,NA,NA,NA,,,Available OOB,NO,No Impact,1 Hr,30,"2023.0b 
/redfish/v1/Systems/{SYSTEM_NAME}_{InstanceId}/Processors/{GPU_PROC_NAME}_{InstanceId}/Ports/NVLink_{InstanceId}/Metrics
{Networking{TXDiscards}}","2023.0b 
/redfish/v1/Systems/$SystemId/Processors/$ProcessorId/Ports/$PortId/Metrics
{Networking{TXDiscards}}","{SystemId:{SystemType: Physical}, ProcessorId: {ProcessorType: GPU}, PortId: {PortProtocol: NVLink}}",,,Y,ES,,,QS,"L0, R1","L1, R1",NA
GPU-MODEL,GPU,MODEL,"Number of incoming VL15 packets dropped due to resource limitations (e.g., lack of buffers) of the port.",Inventory,string,"NSM: 0x01, 0x01",NVML_FI_DEV_NVLINK_COUNT_VL15_DROPPED,TBD,TBD,"2023.0b 
/redfish/v1/Systems/HGX_Baseboard_{InstanceId}/Processors/GPU_SXM_{InstanceId}/Ports/NVLink_{InstanceId}/Metrics
{Oem{Nvidia{VL15Dropped}}}","2023.0b 
/redfish/v1/Systems/HGX_Baseboard_{InstanceId}/Processors/GPU_{InstanceId}/Ports/NVLink_{InstanceId}/Metrics
{Oem{Nvidia{VL15Dropped}}}","2023.0b 
/redfish/v1/Systems/System_{InstanceId}/Processors/GPU_{InstanceId}/Ports/NVLink_{InstanceId}/Metrics
{Oem{Nvidia{VL15Dropped}}}",/redfish/v1/TelemetryService/MetricReports/HGX_ProcessorPortMetrics_0,,busctl get-property  xyz.openbmc_project.NSM /xyz/openbmc_project/inventory/system/accelerator/GPU_$gpuid xyz.openbmc_project.Inventory.Decorator.Asset Model,,NA,NA,PortXmitDiscards,NA,Yes,Yes,NA,Yes,Yes,Yes,Yes,Yes,NA,NA,NA,NA,NA,NA,NA,,,Available,NO,No Impact,1 Hr,30,"2023.0b 
/redfish/v1/Systems/{SYSTEM_NAME}_{InstanceId}/Processors/{GPU_PROC_NAME}_{InstanceId}/Ports/NVLink_{InstanceId}/Metrics
{Oem{Nvidia{VL15Dropped}}}","2023.0b 
/redfish/v1/Systems/$SystemId/Processors/$ProcessorId/Ports/$PortId/Metrics
{Oem{Nvidia{VL15Dropped}}}","{SystemId:{SystemType: Physical}, ProcessorId: {ProcessorType: GPU}, PortId: {PortProtocol: NVLink}}",,,Y,ES,,,QS,"L0, R1","L1, R1",NA
GPU-PCI-VENDOR-ID,GPU,PCI-VENDOR-ID,GPU Manufacturer,Inventory,string,NA,NA,nvidia_smi_log.gpu.product_brand,NA,"2021.1c
/redfish/v1/Systems/HGX_Baseboard_{InstanceId}/Processors/GPU_SXM_{InstanceId}
{Manufacturer}","2021.1c
/redfish/v1/Systems/HGX_Baseboard_{InstanceId}/Processors/GPU_{InstanceId}
{Manufacturer}","2021.1c
/redfish/v1/Systems/System_{InstanceId}/Processors/GPU_{InstanceId}
{Manufacturer}",,,busctl get-property  xyz.openbmc_project.NSM /xyz/openbmc_project/inventory/system/chassis/HGX_GPU_$gpuid/PCIeDevices/GPU_$gpuid xyz.openbmc_project.Inventory.Item.PCIeDevice Function0VendorId,,NA,NA,NA,Yes,Yes,Yes,Yes,Yes,Yes,Yes,Yes,NA,Yes,NA,Yes,Yes,Yes,NA,Yes,Yes,,Available OOB,No,No Impact,1 Hr,30,"2021.1c
/redfish/v1/Systems/{SYSTEM_NAME}_{InstanceId}/Processors/{GPU_PROC_NAME}_{InstanceId}
{Manufacturer}","2021.1c
/redfish/v1/Systems/$SystemId/Processors/$ProcessorId
{Manufacturer}","{SystemId:{SystemType: Physical}, ProcessorId: {ProcessorType: GPU}}",GPU,,Y,ES,,,,"L0, R1","L1, R1",NA
GPU-BUILD-DATE,GPU,BUILD-DATE,Serial Number,Inventory,string,"SMBPBI: (0x05, [0x02], [0x00-0x03]) | NSM: (0x03, 0x0C)",nvmlDeviceGetSerial,nvidia_smi_log.gpu.serial,DCGM_FI_DEV_SERIAL:53,"2021.1c
/redfish/v1/Chassis/HGX_GPU_SXM_{InstanceId}
{SerialNumber}","2021.1c
/redfish/v1/Chassis/HGX_GPU_{InstanceId}
{SerialNumber}","2021.1c
/redfish/v1/Chassis/GPU_{InstanceId}
{SerialNumber}",,,busctl get-property  xyz.openbmc_project.NSM /xyz/openbmc_project/inventory/system/chassis/HGX_GPU_$gpuid/Assembly1 xyz.openbmc_project.Inventory.Decorator.Asset BuildDate,,NA,NA,NA,Yes,Yes,Yes,Yes,Yes,Yes,Yes,Yes,NA,Yes,NA,Yes,Yes,Yes,NA,Yes,Yes,,Available,No,No Impact,1 Hr,30,"2021.1c
/redfish/v1/Chassis/{GPU_CHAS_NAME}_{InstanceId}
{SerialNumber}","2021.1c
/redfish/v1/Chassis/$ChassisId
{SerialNumber}","{ChassisId: {Id_contains: {anyOf: [GPU], not: [RoT]}}}",GPU,,Y,ES Factory,,,,"L0, R1","L1, R1",RF:DCGM
GPU-SUBSYSTEM-VENDOR-ID,GPU,SUBSYSTEM-VENDOR-ID,GPU Part Number,Inventory,string,"SMBPBI: (0x05, [0x04], [0x00-0x05]) | NSM: (0x03, 0x0C)",nvmlDeviceGetBoardPartNumber,nvidia_smi_log.gpu.gpu_part_number,NA,"2021.1c
/redfish/v1/Systems/HGX_Baseboard_{InstanceId}/Processors/GPU_SXM_{InstanceId}
{PartNumber}","2021.1c
/redfish/v1/Systems/HGX_Baseboard_{InstanceId}/Processors/GPU_{InstanceId}
{PartNumber}","2021.1c
/redfish/v1/Systems/System_{InstanceId}/Processors/GPU_{InstanceId}
{PartNumber}",,,busctl get-property  xyz.openbmc_project.NSM /xyz/openbmc_project/inventory/system/chassis/HGX_GPU_$gpuid/PCIeDevices/GPU_$gpuid xyz.openbmc_project.Inventory.Item.PCIeDevice Function0SubsystemVendorId,,NA,NA,NA,Yes,Yes,Yes,Yes,Yes,Yes,Yes,Yes,NA,Yes,NA,Yes,Yes,Yes,NA,Yes,Yes,,Available,No,No Impact,1 Hr,30,"2021.1c
/redfish/v1/Systems/{SYSTEM_NAME}_{InstanceId}/Processors/{GPU_PROC_NAME}_{InstanceId}
{PartNumber}","2021.1c
/redfish/v1/Systems/$SystemId/Processors/$ProcessorId
{PartNumber}","{SystemId:{SystemType: Physical}, ProcessorId: {ProcessorType: GPU}}",GPU,,Y,ES Factory,,,,"L0, R1","L1, R1",NA
GPU-SUBSYSTEM-ID,GPU,SUBSYSTEM-ID,GPU GUID/UUID,Inventory,string,"SMBPBI: (0x05, [0x0D], [0x00-0x03]) | NSM: (0x3, 0xC)",nvmlDeviceGetUUID,nvidia_smi_log.gpu.uuid,DCGM_FI_DEV_UUID:54,"2021.1c
/redfish/v1/Chassis/HGX_GPU_SXM_{InstanceId}
{UUID}","2021.1c
/redfish/v1/Chassis/HGX_GPU_{InstanceId}
{UUID}","2021.1c
/redfish/v1/Chassis/GPU_{InstanceId}
{UUID}",,,busctl get-property  xyz.openbmc_project.NSM /xyz/openbmc_project/inventory/system/chassis/HGX_GPU_$gpuid/PCIeDevices/GPU_$gpuid xyz.openbmc_project.Inventory.Item.PCIeDevice Function0SubsystemId,,NA,NA,NA,Yes,Yes,Yes,Yes,Yes,Yes,Yes,Yes,NA,Yes,NA,Yes,Yes,Yes,NA,Yes,Yes,,Available,No,No Impact,1 Hr,30,"2021.1c
/redfish/v1/Chassis/{GPU_CHAS_NAME}_{InstanceId}
{UUID}","2021.1c
/redfish/v1/Systems/$SystemId/Processors/$ProcessorId
{UUID}","{SystemId:{SystemType: Physical}, ProcessorId: {ProcessorType: GPU}}",GPU,,Y,ES Factory,,,,"L0, R1","L1, R1",RF:DCGM
GPU-CURR-CLK-GFX,GPU,CURR-CLK-GFX,"GUID of the HCA, switch, GPU, or router itself. All ports on the same node shall report the same NodeGUID. Provides a means to uniquely identify a node within a subnet and determine co-location of ports.",Sensor.Clock,Uint64,,TBD,,NA,,NA,NA,,,busctl get-property  xyz.openbmc_project.NSM /xyz/openbmc_project/inventory/system/accelerator/GPU_$gpuid xyz.openbmc_project.Inventory.Item.Cpu.OperatingConfig OperatingSpeed,,NA,NA,Node_GUID,NA,NA,NA,NA,NA,NA,NA,NA,Yes,NA,NA,NA,NA,NA,NA,NA,NA,NA,Available OOB,,,1 Hr,,NA,NA,NA,,,,ES,,,QS,L0,L1,NA
GPU-CURR-CLK-MEM,GPU,CURR-CLK-MEM,GUID of the port. Each port of the GPU should have a GUID of its own.,Sensor.Clock,Uint64,,TBD,,NA,,NA,NA,,,busctl get-property  xyz.openbmc_project.NSM /xyz/openbmc_project/inventory/system/dimm/GPU_$gpuid_DRAM_0 xyz.openbmc_project.Inventory.Item.Dimm MemoryConfiguredSpeedInMhz,,NA,NA,Port_GUID,NA,NA,NA,NA,NA,NA,NA,NA,Yes,NA,NA,NA,NA,NA,NA,NA,NA,NA,Available OOB,,,1 Hr,,NA,NA,NA,,,,ES,,,QS,L0,L1,NA
GPU-CURR-CLK-SM,GPU,CURR-CLK-SM,PCIe Device ID as assigned by device manufacturer.,Sensor.Clock,Uint64,"SMBPBI: (0x05, [0x09-0x0C], Unused) | NSM: (0x02, 0x04)",nvmlDeviceGetPciInfo,nvidia_smi_log.gpu.pci.pci_device_id,DCGM_FI_DEV_PCI_COMBINED_ID:58,"2021.1c
/redfish/v1/Chassis/HGX_GPU_SXM_{InstanceId}/PCIeDevices/GPU_SXM_{InstanceId}/PCIeFunctions/{InstanceId}
{DeviceId}","2021.1c
/redfish/v1/Chassis/HGX_GPU_{InstanceId}/PCIeDevices/GPU_{InstanceId}/PCIeFunctions/{InstanceId}
{DeviceId}","2021.1c
/redfish/v1/Chassis/GPU_{InstanceId}/PCIeDevices/GPU_{InstanceId}/PCIeFunctions/{InstanceId}
{DeviceId}",,,busctl get-property  xyz.openbmc_project.NSM /xyz/openbmc_project/inventory/system/accelerator/GPU_$gpuid xyz.openbmc_project.Inventory.Item.Cpu.OperatingConfig OperatingSpeed,,NA,NA,NA,Yes,Yes,Yes,Yes,Yes,Yes,Yes,Yes,NA,Yes,NA,Yes,Yes,Yes,NA,Yes,Yes,,Available,No,No Impact,1 Hr,30,"2021.1c
/redfish/v1/Chassis/{GPU_CHAS_NAME}_{InstanceId}/PCIeDevices/{GPU_PCIED_NAME}_{InstanceId}/PCIeFunctions/{InstanceId}
{DeviceId}","2021.1c
/redfish/v1/Chassis/$ChassisId/PCIeDevices/$PCIeId/PCIeFunctions/$PCIeFuncId
{DeviceId}","{ChassisId: {Id_contains: {anyOf: [GPU], not: [RoT]}}, PCIeId: {DeviceType: all}, PCIeFuncId: {FunctionId: all}}",,hex(int(DCGMVal) >> 16),Y,ES Factory,,,,"L0, R1","L1, R1",RF:DCGM
GPU-CURR-CLK-VID,GPU,CURR-CLK-VID,The hardware version of the processor,Sensor.Clock,Uint64,"SMBPBI: (0x05, [0x04], [0x00-0x03]): silicon revision | NSM: (0x3, 0xC)",NA,NA,NA,"2021.1c
/redfish/v1/Systems/HGX_Baseboard_{InstanceId}/Processors/GPU_SXM_{InstanceId}
{Version}","2021.1c
/redfish/v1/Systems/HGX_Baseboard_{InstanceId}/Processors/GPU_{InstanceId}
{Version}","2021.1c
/redfish/v1/Systems/System_{InstanceId}/Processors/GPU_{InstanceId}
{Version}",,,busctl get-property  xyz.openbmc_project.NSM /xyz/openbmc_project/inventory/system/accelerator/GPU_$gpuid xyz.openbmc_project.Inventory.Item.Cpu.OperatingConfig OperatingSpeed,,NA,NA,NA,Yes,Yes,Yes,Yes,Yes,Yes,Yes,Yes,NA,Yes,NA,Yes,Yes,Yes,NA,Yes,Yes,,Available OOB,No,No Impact,1 Hr,30,"2021.1c
/redfish/v1/Systems/{SYSTEM_NAME}_{InstanceId}/Processors/{GPU_PROC_NAME}_{InstanceId}
{Version}","2021.1c
/redfish/v1/Systems/$SystemId/Processors/$ProcessorId
{Version}","{SystemId:{SystemType: Physical}, ProcessorId: {ProcessorType: GPU}}",,,Y,ES,,,,"L0, R1","L1, R1",NA
GPU-UTIL-SM-TIME-TOTAL,GPU,UTIL-SM-TIME-TOTAL,The model information as provided by the manufacturer of this processor,Sensor.Other,Uint64,"SMBPBI: (0x05) Marketing Name | NSM: (0x03, 0x0C)",nvmlDeviceGetName,nvidia_smi_log.gpu.product_name,DCGM_FI_DEV_NAME:50,"2021.1c
/redfish/v1/Systems/HGX_Baseboard_{InstanceId}/Processors/GPU_SXM_{InstanceId}
{Model}","2021.1c
/redfish/v1/Systems/HGX_Baseboard_{InstanceId}/Processors/GPU_{InstanceId}
{Model}","2021.1c
/redfish/v1/Systems/System_{InstanceId}/Processors/GPU_{InstanceId}
{Model}",,,busctl get-property  xyz.openbmc_project.NSM /xyz/openbmc_project/inventory/system/accelerator/GPU_$gpuid xyz.openbmc_project.State.ProcessorPerformance AccumulatedSMUtilizationDuration,"""nsmd_HGX_ProcessorMetrics_0""",NA,NA,NA,Yes,Yes,Yes,Yes,Yes,Yes,Yes,Yes,NA,Yes,NA,Yes,Yes,Yes,NA,Yes,Yes,,Available,No,No Impact,1 Hr,30,"2021.1c
/redfish/v1/Systems/{SYSTEM_NAME}_{InstanceId}/Processors/{GPU_PROC_NAME}_{InstanceId}
{Model}","2021.1c
/redfish/v1/Systems/$SystemId/Processors/$ProcessorId
{Model}","{SystemId:{SystemType: Physical}, ProcessorId: {ProcessorType: GPU}}",GPU,,Y,ES Factory,,,,"L0, R1","L1, R1","RF:DCGM, nvoem"
GPU-UTIL-CTXT-TIME-TOTAL,GPU,UTIL-CTXT-TIME-TOTAL,The name of the organization for reproducing the PCIe device,Sensor.Other,Uint64,"SMBPBI: (0x05, [0x09], Unused) | NSM: (0x02, 0x04)",nvmlDeviceGetPciInfo,nvidia_smi_log.gpu.pci.pci_device_id,DCGM_FI_DEV_PCI_COMBINED_ID:58,"2021.1c
/redfish/v1/Chassis/HGX_GPU_SXM_{InstanceId}/PCIeDevices/GPU_SXM_{InstanceId}/PCIeFunctions/{InstanceId}
{VendorId}","2021.1c
/redfish/v1/Chassis/HGX_GPU_{InstanceId}/PCIeDevices/GPU_{InstanceId}/PCIeFunctions/{InstanceId}
{VendorId}","2021.1c
/redfish/v1/Chassis/GPU_{InstanceId}/PCIeDevices/GPU_{InstanceId}/PCIeFunctions/{InstanceId}
{VendorId}",,,busctl get-property  xyz.openbmc_project.NSM /xyz/openbmc_project/inventory/system/accelerator/GPU_$gpuid xyz.openbmc_project.State.ProcessorPerformance AccumulatedGPUContextUtilizationDuration,,NA,NA,NA,Yes,Yes,Yes,Yes,Yes,Yes,Yes,Yes,NA,Yes,NA,Yes,Yes,Yes,NA,Yes,Yes,,Available,No,No Impact,1 Hr,30,"2021.1c
/redfish/v1/Chassis/{GPU_CHAS_NAME}_{InstanceId}/PCIeDevices/{GPU_PCIED_NAME}_{InstanceId}/PCIeFunctions/{InstanceId}
{VendorId}","2021.1c
/redfish/v1/Chassis/$ChassisId/PCIeDevices/$PCIeId/PCIeFunctions/$PCIeFuncId
{VendorId}","{ChassisId: {Id_contains: {anyOf: [GPU], not: [RoT]}}, PCIeId: {DeviceType: all}, PCIeFuncId: {FunctionId: all}}",,hex(int(DCGMVal)&0xFFFF),Y,ES Factory,,,,"L0, R1","L1, R1",RF:DCGM
GPU-UTIL-SM,GPU,UTIL-SM,The number of GPUs in the system,Sensor.Other,Uint64,NA,nvmlUnitGetCount,nvidia_smi_log.attached_gpus,DCGM_FI_DEV_COUNT:4,NA,NA,NA,,,busctl get-property  xyz.openbmc_project.NSM /xyz/openbmc_project/inventory/system/accelerator/GPU_$gpuid xyz.openbmc_project.Inventory.Item.Cpu.OperatingConfig Utilization,,NA,NA,NA,Yes,Yes,Yes,Yes,Yes,Yes,Yes,Yes,NA,Yes,NA,Yes,Yes,Yes,NA,Yes,Yes,,Available IB,No,No Impact,1 Hr,,NA,NA,NA,,,Y,,,,,L1,L1,NA
GPU-BANK-REMAP-HISTOGRAM,GPU,BANK-REMAP-HISTOGRAM,Build Date of GPU,Sensor.Other,Uint64,"SMBPBI: (0x05, [0x07], [0x00]) | NSM: (0x03, 0x0C)",NA,NA,NA,"2021.1c
/redfish/v1/Chassis/HGX_GPU_SXM_{InstanceId}/Assembly
{Assemblies[1]{ProductionDate}}","2021.1c
/redfish/v1/Chassis/HGX_GPU_{InstanceId}/Assembly
{Assemblies[1]{ProductionDate}}","2021.1c
/redfish/v1/Chassis/GPU_{InstanceId}/Assembly
{Assemblies[1]{ProductionDate}}",,,busctl get-property  xyz.openbmc_project.NSM /xyz/openbmc_project/inventory/system/dimm/GPU_$gpuid_DRAM_0 com.nvidia.MemoryRowRemapping ceRowRemappingCount,"""nsmd_HGX_MemoryMetrics_0""",NA,NA,NA,Yes,Yes,Yes,Yes,Yes,Yes,Yes,Yes,NA,Yes,NA,Yes,Yes,Yes,NA,Yes,Yes,,Available OOB,No,No Impact,1 Hr,30,"2021.1c
/redfish/v1/Chassis/{GPU_CHAS_NAME}_{InstanceId}/Assembly
{Assemblies[1]{ProductionDate}}","2021.1c
/redfish/v1/Chassis/$ChassisId/Assembly
{Assemblies[1]{ProductionDate}}","{ChassisId: {Id_contains: {anyOf: [GPU], not: [RoT]}}}",GPU,,Y,ES Factory,,,,"L0, R1","L1, R1",NA
GPU-NVLINK-THROUGHPUT-TX[0],GPU,NVLINK-THROUGHPUT-TX[0],Current Clock Frequency in KHz (Streaming Multiprocessor),Sensor.Perf,Uint64,"SMBPBI: (0x1B, [0x00], [0x00])| NSM: (0x3, 0x11)",nvmlDeviceGetClock,nvidia_smi_log.gpu.clocks.sm_clock,DCGM_FI_DEV_SM_CLOCK:100,"2021.1c
/redfish/v1/Systems/HGX_Baseboard_{InstanceId}/Processors/GPU_SXM_{InstanceId}
{OperatingSpeedMHz}","2021.1c
/redfish/v1/Systems/HGX_Baseboard_{InstanceId}/Processors/GPU_{InstanceId}
{OperatingSpeedMHz}","2021.1c
/redfish/v1/Systems/System_{InstanceId}/Processors/GPU_{InstanceId}
{OperatingSpeedMHz}",,,busctl get-property  xyz.openbmc_project.NSM /xyz/openbmc_project/inventory/system/accelerator/GPU_$gpuid/Ports/NVLink_[gpu_nvlinkid] xyz.openbmc_project.Metrics.PortMetricsOem3 TXNoProtocolBytes,"""nsmd_HGX_ProcessorPortMetrics_0""",NA,NA,NA,Yes,Yes,Yes,Yes,Yes,Yes,Yes,Yes,NA,Yes,NA,Yes,Yes,Yes,NA,Yes,Yes,,Available,No,No Impact,10 Sec,30,"2021.1c
/redfish/v1/Systems/{SYSTEM_NAME}_{InstanceId}/Processors/{GPU_PROC_NAME}_{InstanceId}
{OperatingSpeedMHz}","2021.1c
/redfish/v1/Systems/$SystemId/Processors/$ProcessorId
{OperatingSpeedMHz}","{SystemId:{SystemType: Physical}, ProcessorId: {ProcessorType: GPU}}",GPU,,Y,ES,,,,"L0, R1","L1, R1",RF:DCGM
GPU-NVLINK-THROUGHPUT-RX[0],GPU,NVLINK-THROUGHPUT-RX[0],Current Clock Frequency in KHz (Memory),Sensor.Perf,Uint64,"SMBPBI: (0x1B, [0x00], [0x01]) | NSM: (0x3, 0xB)",nvmlDeviceGetClock,nvidia_smi_log.gpu.clocks.mem_clock,DCGM_FI_DEV_MEM_CLOCK:101,"2021.1c
/redfish/v1/Systems/HGX_Baseboard_{InstanceId}/Memory/GPU_SXM_{InstanceId}_DRAM_{InstanceId}/MemoryMetrics
{OperatingSpeedMHz}","2021.1c
/redfish/v1/Systems/HGX_Baseboard_{InstanceId}/Memory/GPU_{InstanceId}_DRAM_{InstanceId}/MemoryMetrics
{OperatingSpeedMHz}","2021.1c
/redfish/v1/Systems/System_{InstanceId}/Memory/GPU_{InstanceId}_DRAM_{InstanceId}/MemoryMetrics
{OperatingSpeedMHz}",/redfish/v1/TelemetryService/MetricReports/HGX_MemoryMetrics_0,/redfish/v1/TelemetryService/MetricReports/MemoryMetrics_0,busctl get-property  xyz.openbmc_project.NSM /xyz/openbmc_project/inventory/system/accelerator/GPU_$gpuid/Ports/NVLink_[gpu_nvlinkid] xyz.openbmc_project.Metrics.PortMetricsOem3 RXNoProtocolBytes,"""nsmd_HGX_ProcessorPortMetrics_0""",NA,NA,NA,Yes,Yes,Yes,Yes,Yes,Yes,Yes,Yes,NA,Yes,NA,Yes,Yes,Yes,NA,Yes,Yes,,Available,No,Disabled,10 Sec,30,"2021.1c
/redfish/v1/Systems/{SYSTEM_NAME}_{InstanceId}/Memory/{GPU_MEM_NAME}_{InstanceId}_DRAM_{InstanceId}/MemoryMetrics
{OperatingSpeedMHz}","2021.1c
/redfish/v1/Systems/$SystemId/Memory/$MemoryId/MemoryMetrics
{OperatingSpeedMHz}","{SystemId:{SystemType: Physical}, MemoryId: {MemoryDeviceType: HBM}}",GPU,,Y,ES,,,,"L0, R1","L1, R1",RF:DCGM
GPU-PCI-THROUGHPUT-RX,GPU,PCI-THROUGHPUT-RX,Accumulated SM utilization time. Clears on SBR or fundamental reset; no rollover protection,Sensor.Perf,Uint64,"SMBPBI: (0x19,0x01,unused) | NSM: (0x3, 0x46)",NA,NA,NA,"2023.3
/redfish/v1/Systems/HGX_Baseboard_{InstanceId}/Processors/GPU_SXM_{InstanceId}/ProcessorMetrics
{Oem{Nvidia{AccumulatedSMUtilizationDuration}}}","2023.3
/redfish/v1/Systems/HGX_Baseboard_{InstanceId}/Processors/GPU_{InstanceId}/ProcessorMetrics
{Oem{Nvidia{AccumulatedSMUtilizationDuration}}}","2023.3
/redfish/v1/Systems/System_{InstanceId}/Processors/GPU_{InstanceId}/ProcessorMetrics
{Oem{Nvidia{AccumulatedSMUtilizationDuration}}}",/redfish/v1/TelemetryService/MetricReports/HGX_ProcessorMetrics_0,,busctl get-property  xyz.openbmc_project.NSM /xyz/openbmc_project/inventory/system/accelerator/GPU_$gpuid xyz.openbmc_project.State.ProcessorPerformance PCIeRXBytes,"""nsmd_HGX_ProcessorMetrics_0""",NA,NA,NA,Yes,Yes,Yes,Yes,Yes,Yes,Yes,Yes,NA,Yes,NA,Yes,Yes,Yes,NA,Yes,Yes,,Available,Yes,Disabled,10 Sec,30,"2023.3
/redfish/v1/Systems/{SYSTEM_NAME}_{InstanceId}/Processors/{GPU_PROC_NAME}_{InstanceId}/ProcessorMetrics
{Oem{Nvidia{AccumulatedSMUtilizationDuration}}}","2023.3
/redfish/v1/Systems/$SystemId/Processors/$ProcessorId/ProcessorMetrics
{Oem{Nvidia{AccumulatedSMUtilizationDuration}}}","{SystemId:{SystemType: Physical}, ProcessorId: {ProcessorType: GPU}}",GPU,,Y,ES,,,,"L0, R1","L1, R1",NA
GPU-PCI-THROUGHPUT-TX,GPU,PCI-THROUGHPUT-TX,Accumulated context utilization time. Clears on SBR or fundamental reset; no rollover protection,Sensor.Perf,Uint64,"SMBPBI: (0x19,0x00,unused) | NSM: (0x3, 0x46)",NA,NA,NA,"2023.3
/redfish/v1/Systems/HGX_Baseboard_{InstanceId}/Processors/GPU_SXM_{InstanceId}/ProcessorMetrics
{Oem{Nvidia{AccumulatedGPUContextUtilizationDuration}}}","2023.3
/redfish/v1/Systems/HGX_Baseboard_{InstanceId}/Processors/GPU_{InstanceId}/ProcessorMetrics
{Oem{Nvidia{AccumulatedGPUContextUtilizationDuration}}}","2023.3
/redfish/v1/Systems/System_{InstanceId}/Processors/GPU_{InstanceId}/ProcessorMetrics
{Oem{Nvidia{AccumulatedGPUContextUtilizationDuration}}}",/redfish/v1/TelemetryService/MetricReports/HGX_ProcessorMetrics_0,,busctl get-property  xyz.openbmc_project.NSM /xyz/openbmc_project/inventory/system/accelerator/GPU_$gpuid xyz.openbmc_project.State.ProcessorPerformance PCIeTXBytes,"""nsmd_HGX_ProcessorMetrics_0""",NA,NA,NA,Yes,Yes,Yes,Yes,Yes,Yes,Yes,Yes,NA,Yes,NA,Yes,Yes,Yes,NA,Yes,Yes,,Available OOB,Yes,Disabled,10 Sec,30,"2023.3
/redfish/v1/Systems/{SYSTEM_NAME}_{InstanceId}/Processors/{GPU_PROC_NAME}_{InstanceId}/ProcessorMetrics
{Oem{Nvidia{AccumulatedGPUContextUtilizationDuration}}}","2023.3
/redfish/v1/Systems/$SystemId/Processors/$ProcessorId/ProcessorMetrics
{Oem{Nvidia{AccumulatedGPUContextUtilizationDuration}}}","{SystemId:{SystemType: Physical}, ProcessorId: {ProcessorType: GPU}}",GPU,,Y,ES,,,,"L0, R1","L1, R1",NA
GPU-UTIL-MEM,GPU,UTIL-MEM,Bank remapping availability histogram,Sensor.Perf,Uint64,"SMBPBI: (0x20,0x02,unused)",nvmlDeviceGetRowRemapperHistogram,nvidia_smi_log.gpu.remapped_rows.row_remapper_histogram,"DCGM_FI_DEV_BANKS_REMAP_ROWS_AVAIL_[MAX,HIGH,PARTIAL,LOW,NONE]:[385-389]","2024.0c
/redfish/v1/Systems/HGX_Baseboard_{InstanceId}/Memory/GPU_SXM_{InstanceId}_DRAM_{InstanceId}/MemoryMetrics
{Oem{Nvidia{RowRemapping}}}","2024.0c
/redfish/v1/Systems/HGX_Baseboard_{InstanceId}/Memory/GPU_{InstanceId}_DRAM_{InstanceId}/MemoryMetrics
{Oem{Nvidia{RowRemapping}}}","2024.0c
/redfish/v1/Systems/System_{InstanceId}/Memory/GPU_{InstanceId}_DRAM_{InstanceId}/MemoryMetrics
{Oem{Nvidia{RowRemapping}}}",,,busctl get-property  xyz.openbmc_project.NSM /xyz/openbmc_project/inventory/system/dimm/GPU_$gpuid_DRAM_0 xyz.openbmc_project.Inventory.Item.Dimm.MemoryMetrics CapacityUtilizationPercent,"""nsmd_HGX_MemoryMetrics_0""",NA,NA,NA,NA,NA,NA,NA,NA,NA,NA,NA,NA,Yes,NA,Yes,Yes,Yes,NA,NA,NA,,Available,No,Disabled,10 Sec,,"2024.0c
/redfish/v1/Systems/{SYSTEM_NAME}_{InstanceId}/Memory/{GPU_MEM_NAME}_{InstanceId}_DRAM_{InstanceId}/MemoryMetrics
{Oem{Nvidia{RowRemapping}}}","2024.0c
/redfish/v1/Systems/$SystemId/Memory/$MemoryId/MemoryMetrics
{Oem{Nvidia{RowRemapping}}}","{SystemId:{SystemType: Physical}, MemoryId: {MemoryDeviceType: HBM}}",,,Y,,,,,L1,L1,NA
GPU-UTIL-MEM-BANDWIDTH,GPU,UTIL-MEM-BANDWIDTH,Correctable Bank RowRemapping Count for Histogram,Sensor.Perf,Uint64,"SMBPBI: (0x20,0x02,unused)",nvmlDeviceGetRowRemapperHistogram,nvidia_smi_log.gpu.remapped_rows.remapped_row_corr,DCGM_FI_DEV_CORRECTABLE_REMAPPED_ROWS:394,"2024.0c
/redfish/v1/Systems/HGX_Baseboard_{InstanceId}/Memory/GPU_SXM_{InstanceId}_DRAM_{InstanceId}/MemoryMetrics
{Oem{Nvidia{RowRemapping{CorrectableRowRemappingCount}}}}","2024.0c
/redfish/v1/Systems/HGX_Baseboard_{InstanceId}/Memory/GPU_{InstanceId}_DRAM_{InstanceId}/MemoryMetrics
{Oem{Nvidia{RowRemapping{CorrectableRowRemappingCount}}}}","2024.0c
/redfish/v1/Systems/System_{InstanceId}/Memory/GPU_{InstanceId}_DRAM_{InstanceId}/MemoryMetrics
{Oem{Nvidia{RowRemapping{CorrectableRowRemappingCount}}}}",,,busctl get-property  xyz.openbmc_project.NSM /xyz/openbmc_project/inventory/system/dimm/GPU_$gpuid_DRAM_0 xyz.openbmc_project.Inventory.Item.Dimm Utilization,"""nsmd_HGX_MemoryMetrics_0""",NA,NA,NA,NA,Yes,Yes,Yes,Yes,Yes,Yes,Yes,NA,Yes,NA,Yes,Yes,Yes,NA,Yes,Yes,,Available,No,Disabled,10 Sec,,"2024.0c
/redfish/v1/Systems/{SYSTEM_NAME}_{InstanceId}/Memory/{GPU_MEM_NAME}_{InstanceId}_DRAM_{InstanceId}/MemoryMetrics
{Oem{Nvidia{RowRemapping{CorrectableRowRemappingCount}}}}","2024.0c
/redfish/v1/Systems/$SystemId/Memory/$MemoryId/MemoryMetrics
{Oem{Nvidia{RowRemapping{CorrectableRowRemappingCount}}}}","{SystemId:{SystemType: Physical}, MemoryId: {MemoryDeviceType: HBM}}",,,Y,,,,,L1,L1,RF:DCGM
GPU-UTIL-PCI-RAW-BANDWIDTH-TX,GPU,UTIL-PCI-RAW-BANDWIDTH-TX,High Availability Bank Count for Histogram,Sensor.Perf,Uint64,"SMBPBI: (0x20,0x02,unused)",nvmlDeviceGetRowRemapperHistogram,nvidia_smi_log.gpu.remapped_rows.row_remapper_histogram.row_remapper_histogram_high,DCGM_FI_DEV_BANKS_REMAP_ROWS_AVAIL_HIGH:386,"2024.0c
/redfish/v1/Systems/HGX_Baseboard_{InstanceId}/Memory/GPU_SXM_{InstanceId}_DRAM_{InstanceId}/MemoryMetrics
{Oem{Nvidia{RowRemapping{HighAvailabilityBankCount}}}}","2024.0c
/redfish/v1/Systems/HGX_Baseboard_{InstanceId}/Memory/GPU_{InstanceId}_DRAM_{InstanceId}/MemoryMetrics
{Oem{Nvidia{RowRemapping{HighAvailabilityBankCount}}}}","2024.0c
/redfish/v1/Systems/System_{InstanceId}/Memory/GPU_{InstanceId}_DRAM_{InstanceId}/MemoryMetrics
{Oem{Nvidia{RowRemapping{HighAvailabilityBankCount}}}}",,,busctl get-property  xyz.openbmc_project.NSM /xyz/openbmc_project/inventory/system/accelerator/GPU_$gpuid com.nvidia.GPMMetrics PCIeRawTxBandwidthGbps," ""nsmd_HGX_ProcessorGPMMetrics_0""",NA,NA,NA,NA,Yes,Yes,Yes,Yes,Yes,Yes,Yes,NA,NA,NA,NA,NA,NA,NA,Yes,Yes,,Available,No,Disabled,10 Sec,,"2024.0c
/redfish/v1/Systems/{SYSTEM_NAME}_{InstanceId}/Memory/{GPU_MEM_NAME}_{InstanceId}_DRAM_{InstanceId}/MemoryMetrics
{Oem{Nvidia{RowRemapping{HighAvailabilityBankCount}}}}","2024.0c
/redfish/v1/Systems/$SystemId/Memory/$MemoryId/MemoryMetrics
{Oem{Nvidia{RowRemapping{HighAvailabilityBankCount}}}}","{SystemId:{SystemType: Physical}, MemoryId: {MemoryDeviceType: HBM}}",,,Y,,,,,L1,L1,RF:DCGM
GPU-UTIL-PCI-RAW-BANDWIDTH-RX,GPU,UTIL-PCI-RAW-BANDWIDTH-RX,Low Availability Bank Count for Histogram,Sensor.Perf,Uint64,"SMBPBI: (0x20,0x02,unused)",nvmlDeviceGetRowRemapperHistogram,nvidia_smi_log.gpu.remapped_rows.row_remapper_histogram.row_remapper_histogram_low,DCGM_FI_DEV_BANKS_REMAP_ROWS_AVAIL_LOW:388,"2024.0c
/redfish/v1/Systems/HGX_Baseboard_{InstanceId}/Memory/GPU_SXM_{InstanceId}_DRAM_{InstanceId}/MemoryMetrics
{Oem{Nvidia{RowRemapping{LowAvailabilityBankCount}}}}","2024.0c
/redfish/v1/Systems/HGX_Baseboard_{InstanceId}/Memory/GPU_{InstanceId}_DRAM_{InstanceId}/MemoryMetrics
{Oem{Nvidia{RowRemapping{LowAvailabilityBankCount}}}}","2024.0c
/redfish/v1/Systems/System_{InstanceId}/Memory/GPU_{InstanceId}_DRAM_{InstanceId}/MemoryMetrics
{Oem{Nvidia{RowRemapping{LowAvailabilityBankCount}}}}",,,busctl get-property  xyz.openbmc_project.NSM /xyz/openbmc_project/inventory/system/accelerator/GPU_$gpuid com.nvidia.GPMMetrics PCIeRawRxBandwidthGbps," ""nsmd_HGX_ProcessorGPMMetrics_0""",NA,NA,NA,NA,Yes,Yes,Yes,Yes,Yes,Yes,Yes,NA,NA,NA,NA,NA,NA,NA,Yes,Yes,,Available,No,Disabled,10 Sec,,"2024.0c
/redfish/v1/Systems/{SYSTEM_NAME}_{InstanceId}/Memory/{GPU_MEM_NAME}_{InstanceId}_DRAM_{InstanceId}/MemoryMetrics
{Oem{Nvidia{RowRemapping{LowAvailabilityBankCount}}}}","2024.0c
/redfish/v1/Systems/$SystemId/Memory/$MemoryId/MemoryMetrics
{Oem{Nvidia{RowRemapping{LowAvailabilityBankCount}}}}","{SystemId:{SystemType: Physical}, MemoryId: {MemoryDeviceType: HBM}}",,,Y,,,,,L1,L1,RF:DCGM
GPU-UTIL-DFMA,GPU,UTIL-DFMA,Max Availability Bank Count for Histogram,Sensor.Perf,Double,"SMBPBI: (0x20,0x02,unused)",nvmlDeviceGetRowRemapperHistogram,nvidia_smi_log.gpu.remapped_rows.row_remapper_histogram.row_remapper_histogram_max,DCGM_FI_DEV_BANKS_REMAP_ROWS_AVAIL_MAX:385,"2024.0c
/redfish/v1/Systems/HGX_Baseboard_{InstanceId}/Memory/GPU_SXM_{InstanceId}_DRAM_{InstanceId}/MemoryMetrics
{Oem{Nvidia{RowRemapping{MaxAvailabilityBankCount}}}}","2024.0c
/redfish/v1/Systems/HGX_Baseboard_{InstanceId}/Memory/GPU_{InstanceId}_DRAM_{InstanceId}/MemoryMetrics
{Oem{Nvidia{RowRemapping{MaxAvailabilityBankCount}}}}","2024.0c
/redfish/v1/Systems/System_{InstanceId}/Memory/GPU_{InstanceId}_DRAM_{InstanceId}/MemoryMetrics
{Oem{Nvidia{RowRemapping{MaxAvailabilityBankCount}}}}",,,busctl get-property  xyz.openbmc_project.NSM /xyz/openbmc_project/inventory/system/accelerator/GPU_$gpuid com.nvidia.GPMMetrics DMMAUtilizationPercent," ""nsmd_HGX_ProcessorGPMMetrics_0""",NA,NA,NA,NA,Yes,Yes,Yes,Yes,Yes,Yes,Yes,NA,NA,NA,NA,NA,NA,NA,Yes,Yes,,Available,No,Disabled,10 Sec,,"2024.0c
/redfish/v1/Systems/{SYSTEM_NAME}_{InstanceId}/Memory/{GPU_MEM_NAME}_{InstanceId}_DRAM_{InstanceId}/MemoryMetrics
{Oem{Nvidia{RowRemapping{MaxAvailabilityBankCount}}}}","2024.0c
/redfish/v1/Systems/$SystemId/Memory/$MemoryId/MemoryMetrics
{Oem{Nvidia{RowRemapping{MaxAvailabilityBankCount}}}}","{SystemId:{SystemType: Physical}, MemoryId: {MemoryDeviceType: HBM}}",,,Y,,,,,L1,L1,RF:DCGM
GPU-UTIL-HMMA,GPU,UTIL-HMMA,No Availability Bank Count for Histogram,Sensor.Perf,Double,"SMBPBI: (0x20,0x02,unused)",nvmlDeviceGetRowRemapperHistogram,nvidia_smi_log.gpu.remapped_rows.row_remapper_histogram.row_remapper_histogram_none,DCGM_FI_DEV_BANKS_REMAP_ROWS_AVAIL_NONE:389,"2024.0c
/redfish/v1/Systems/HGX_Baseboard_{InstanceId}/Memory/GPU_SXM_{InstanceId}_DRAM_{InstanceId}/MemoryMetrics
{Oem{Nvidia{RowRemapping{NoAvailabilityBankCount}}}}","2024.0c
/redfish/v1/Systems/HGX_Baseboard_{InstanceId}/Memory/GPU_{InstanceId}_DRAM_{InstanceId}/MemoryMetrics
{Oem{Nvidia{RowRemapping{NoAvailabilityBankCount}}}}","2024.0c
/redfish/v1/Systems/System_{InstanceId}/Memory/GPU_{InstanceId}_DRAM_{InstanceId}/MemoryMetrics
{Oem{Nvidia{RowRemapping{NoAvailabilityBankCount}}}}",,,busctl get-property  xyz.openbmc_project.NSM /xyz/openbmc_project/inventory/system/accelerator/GPU_$gpuid com.nvidia.GPMMetrics DMMAUtilizationPercent," ""nsmd_HGX_ProcessorGPMMetrics_0""",NA,NA,NA,NA,Yes,Yes,Yes,Yes,Yes,Yes,Yes,NA,NA,NA,NA,NA,NA,NA,Yes,Yes,,Available,No,Disabled,10 Sec,,"2024.0c
/redfish/v1/Systems/{SYSTEM_NAME}_{InstanceId}/Memory/{GPU_MEM_NAME}_{InstanceId}_DRAM_{InstanceId}/MemoryMetrics
{Oem{Nvidia{RowRemapping{NoAvailabilityBankCount}}}}","2024.0c
/redfish/v1/Systems/$SystemId/Memory/$MemoryId/MemoryMetrics
{Oem{Nvidia{RowRemapping{NoAvailabilityBankCount}}}}","{SystemId:{SystemType: Physical}, MemoryId: {MemoryDeviceType: HBM}}",,,Y,,,,,L1,L1,RF:DCGM
GPU-UTIL-IMMA,GPU,UTIL-IMMA,Partial Availability Bank Count for Histogram,Sensor.Perf,Double,"SMBPBI: (0x20,0x02,unused)",nvmlDeviceGetRowRemapperHistogram,nvidia_smi_log.gpu.remapped_rows.row_remapper_histogram.row_remapper_histogram_partial,DCGM_FI_DEV_BANKS_REMAP_ROWS_AVAIL_PARTIAL:387,"2024.0c
/redfish/v1/Systems/HGX_Baseboard_{InstanceId}/Memory/GPU_SXM_{InstanceId}_DRAM_{InstanceId}/MemoryMetrics
{Oem{Nvidia{RowRemapping{PartialAvailabilityBankCount}}}}","2024.0c
/redfish/v1/Systems/HGX_Baseboard_{InstanceId}/Memory/GPU_{InstanceId}_DRAM_{InstanceId}/MemoryMetrics
{Oem{Nvidia{RowRemapping{PartialAvailabilityBankCount}}}}","2024.0c
/redfish/v1/Systems/System_{InstanceId}/Memory/GPU_{InstanceId}_DRAM_{InstanceId}/MemoryMetrics
{Oem{Nvidia{RowRemapping{PartialAvailabilityBankCount}}}}",,,busctl get-property  xyz.openbmc_project.NSM /xyz/openbmc_project/inventory/system/accelerator/GPU_$gpuid com.nvidia.GPMMetrics IMMAUtilizationPercent," ""nsmd_HGX_ProcessorGPMMetrics_0""",NA,NA,NA,NA,Yes,Yes,Yes,Yes,Yes,Yes,Yes,NA,NA,NA,NA,NA,NA,NA,Yes,Yes,,Available,No,Disabled,10 Sec,,"2024.0c
/redfish/v1/Systems/{SYSTEM_NAME}_{InstanceId}/Memory/{GPU_MEM_NAME}_{InstanceId}_DRAM_{InstanceId}/MemoryMetrics
{Oem{Nvidia{RowRemapping{PartialAvailabilityBankCount}}}}","2024.0c
/redfish/v1/Systems/$SystemId/Memory/$MemoryId/MemoryMetrics
{Oem{Nvidia{RowRemapping{PartialAvailabilityBankCount}}}}","{SystemId:{SystemType: Physical}, MemoryId: {MemoryDeviceType: HBM}}",,,Y,,,,,L1,L1,RF:DCGM
GPU-UTIL-INT,GPU,UTIL-INT,Uncorrectable Bank RowRemapping Count for Histogram,Sensor.Perf,Double,"SMBPBI: (0x20,0x02,unused)",nvmlDeviceGetRowRemapperHistogram,nvidia_smi_log.gpu.remapped_rows.remapped_row_unc,DCGM_FI_DEV_UNCORRECTABLE_REMAPPED_ROWS:393,"2024.0c
/redfish/v1/Systems/HGX_Baseboard_{InstanceId}/Memory/GPU_SXM_{InstanceId}_DRAM_{InstanceId}/MemoryMetrics
{Oem{Nvidia{RowRemapping{UncorrectableRowRemappingCount}}}}","2024.0c
/redfish/v1/Systems/HGX_Baseboard_{InstanceId}/Memory/GPU_{InstanceId}_DRAM_{InstanceId}/MemoryMetrics
{Oem{Nvidia{RowRemapping{UncorrectableRowRemappingCount}}}}","2024.0c
/redfish/v1/Systems/System_{InstanceId}/Memory/GPU_{InstanceId}_DRAM_{InstanceId}/MemoryMetrics
{Oem{Nvidia{RowRemapping{UncorrectableRowRemappingCount}}}}",,,busctl get-property  xyz.openbmc_project.NSM /xyz/openbmc_project/inventory/system/accelerator/GPU_$gpuid com.nvidia.GPMMetrics IntegerActivityUtilizationPercent," ""nsmd_HGX_ProcessorGPMMetrics_0""",NA,NA,NA,NA,Yes,Yes,Yes,Yes,Yes,Yes,Yes,NA,Yes,NA,Yes,Yes,Yes,NA,Yes,Yes,,Available,No,Disabled,10 Sec,,"2024.0c
/redfish/v1/Systems/{SYSTEM_NAME}_{InstanceId}/Memory/{GPU_MEM_NAME}_{InstanceId}_DRAM_{InstanceId}/MemoryMetrics
{Oem{Nvidia{RowRemapping{UncorrectableRowRemappingCount}}}}","2024.0c
/redfish/v1/Systems/$SystemId/Memory/$MemoryId/MemoryMetrics
{Oem{Nvidia{RowRemapping{UncorrectableRowRemappingCount}}}}","{SystemId:{SystemType: Physical}, MemoryId: {MemoryDeviceType: HBM}}",,,Y,,,,,L1,L1,RF:DCGM
GPU-UTIL-NVOFA,GPU,UTIL-NVOFA,NVLink TX Data Throughput,Sensor.Perf,Double,"SMBPBI:  (0x1A, 09h, [<link_index>,0xFF = Aggregate Count]);extended data || NSM: (0x1, 0x42)",NVML_FI_DEV_NVLINK_THROUGHPUT_DATA_TX,NA,NA,"2021.1d
/redfish/v1/Systems/HGX_Baseboard_{InstanceId}/Processors/GPU_SXM_{InstanceId}/Ports/NVLink_{InstanceId}/Metrics
{Oem{Nvidia{TXNoProtocolBytes}}}","2021.1d
/redfish/v1/Systems/HGX_Baseboard_{InstanceId}/Processors/GPU_{InstanceId}/Ports/NVLink_{InstanceId}/Metrics
{Oem{Nvidia{TXNoProtocolBytes}}}","2021.1d
/redfish/v1/Systems/System_{InstanceId}/Processors/GPU_{InstanceId}/Ports/NVLink_{InstanceId}/Metrics
{Oem{Nvidia{TXNoProtocolBytes}}}",/redfish/v1/TelemetryService/MetricReports/HGX_ProcessorPortMetrics_0,/redfish/v1/TelemetryService/MetricReports/ProcessorPortMetrics_0,busctl get-property  xyz.openbmc_project.NSM /xyz/openbmc_project/inventory/system/accelerator/GPU_$gpuid com.nvidia.GPMMetrics NVOfaUtilizationPercent," ""nsmd_HGX_ProcessorGPMMetrics_0""",NA,NA,NA,Yes,Yes,Yes,Yes,Yes,Yes,Yes,Yes,NA,NA,NA,Yes,NA,Yes,NA,Yes,NA,,Available,No,No Impact/Disabled,10 Sec,30,"2021.1d
/redfish/v1/Systems/{SYSTEM_NAME}_{InstanceId}/Processors/{GPU_PROC_NAME}_{InstanceId}/Ports/NVLink_{InstanceId}/Metrics
{Oem{Nvidia{TXNoProtocolBytes}}}","2021.1d
/redfish/v1/Systems/$SystemId/Processors/$ProcessorId/Ports/$PortId/Metrics
{Oem{Nvidia{TXNoProtocolBytes}}}","{SystemId:{SystemType: Physical}, ProcessorId: {ProcessorType: GPU}, PortId: {PortProtocol: NVLink, Id_contains: NVLink}}",GPU[NVLink],,Y,ES,,,,"L0, R1","L1, R1",NA
GPU-PCI-LINK-WIDTH-CURR,GPU,PCI-LINK-WIDTH-CURR,NVLink RX Data Throughput,Sensor.Perf,Uint64,"SMBPBI:  (0x1A, 0Ah, [<link_index>,0xFF = Aggregate Count]);extended data | NSM: (0x1, 0x42)",NVML_FI_DEV_NVLINK_THROUGHPUT_DATA_RX,NA,NA,"2021.1d
/redfish/v1/Systems/HGX_Baseboard_{InstanceId}/Processors/GPU_SXM_{InstanceId}/Ports/NVLink_{InstanceId}/Metrics
{Oem{Nvidia{RXNoProtocolBytes}}}","2021.1d
/redfish/v1/Systems/HGX_Baseboard_{InstanceId}/Processors/GPU_{InstanceId}/Ports/NVLink_{InstanceId}/Metrics
{Oem{Nvidia{RXNoProtocolBytes}}}","2021.1d
/redfish/v1/Systems/System_{InstanceId}/Processors/GPU_{InstanceId}/Ports/NVLink_{InstanceId}/Metrics
{Oem{Nvidia{RXNoProtocolBytes}}}",/redfish/v1/TelemetryService/MetricReports/HGX_ProcessorPortMetrics_0,/redfish/v1/TelemetryService/MetricReports/ProcessorPortMetrics_0,busctl get-property  xyz.openbmc_project.NSM /xyz/openbmc_project/inventory/system/chassis/HGX_GPU_$gpuid/PCIeDevices/GPU_$gpuid xyz.openbmc_project.Inventory.Item.PCIeDevice LanesInUse,"""nsmd_HGX_ProcessorMetrics_0""",NA,NA,NA,Yes,Yes,Yes,Yes,Yes,Yes,Yes,Yes,NA,NA,NA,Yes,NA,Yes,NA,Yes,NA,,Available,No,No Impact/Disabled,10 Sec,30,"2021.1d
/redfish/v1/Systems/{SYSTEM_NAME}_{InstanceId}/Processors/{GPU_PROC_NAME}_{InstanceId}/Ports/NVLink_{InstanceId}/Metrics
{Oem{Nvidia{RXNoProtocolBytes}}}","2021.1d
/redfish/v1/Systems/$SystemId/Processors/$ProcessorId/Ports/$PortId/Metrics
{Oem{Nvidia{RXNoProtocolBytes}}}","{SystemId:{SystemType: Physical}, ProcessorId: {ProcessorType: GPU}, PortId: {PortProtocol: NVLink, Id_contains: NVLink}}",GPU[NVLink],,Y,ES,,,,"L0, R1","L1, R1",NA
GPU-NVLINK-BANDWIDTH[0],GPU,NVLINK-BANDWIDTH[0],NVLink TX Data Throughput with protocol overhead,Sensor.Perf,Uint64,"SMBPBI: (0x1A, 0Bh, [<link_index>,0xFF = Aggregate Count]) ;extended data | NSM: (0x1, 0x1)",NVML_FI_DEV_NVLINK_THROUGHPUT_RAW_TX,NA,"DCGM_FI_PROF_NVLINK_L[0-17]_TX_BYTES:[1040,1042,1044,1046,1048,1050,1052,1054,1056,1058,1060,1062,1064,1066,1068,1070,1072,1074]","2021.1d
/redfish/v1/Systems/HGX_Baseboard_{InstanceId}/Processors/GPU_SXM_{InstanceId}/Ports/NVLink_{InstanceId}/Metrics
{TXBytes}","2021.1d
/redfish/v1/Systems/HGX_Baseboard_{InstanceId}/Processors/GPU_{InstanceId}/Ports/NVLink_{InstanceId}/Metrics
{TXBytes}","2021.1d
/redfish/v1/Systems/System_{InstanceId}/Processors/GPU_{InstanceId}/Ports/NVLink_{InstanceId}/Metrics
{TXBytes}",/redfish/v1/TelemetryService/MetricReports/HGX_ProcessorPortMetrics_0,/redfish/v1/TelemetryService/MetricReports/ProcessorPortMetrics_0,busctl get-property  xyz.openbmc_project.NSM /xyz/openbmc_project/inventory/system/accelerator/GPU_$gpuid/Ports/NVLink_[gpu_nvlinkid] xyz.openbmc_project.Inventory.Decorator.PortInfo CurrentSpeed,"""nsmd_HGX_ProcessorPortMetrics_0""",NA,NA,NA,Yes,Yes,Yes,Yes,Yes,Yes,Yes,Yes,NA,NA,NA,Yes,NA,Yes,NA,Yes,NA,,Available,No,No Impact/Disabled,10 Sec,30,"2021.1d
/redfish/v1/Systems/{SYSTEM_NAME}_{InstanceId}/Processors/{GPU_PROC_NAME}_{InstanceId}/Ports/NVLink_{InstanceId}/Metrics
{TXBytes}","2021.1d
/redfish/v1/Systems/$SystemId/Processors/$ProcessorId/Ports/$PortId/Metrics
{TXBytes}","{SystemId:{SystemType: Physical}, ProcessorId: {ProcessorType: GPU}, PortId: {PortProtocol: NVLink, Id_contains: NVLink}}",GPU[NVLink],,Y,ES,,,,"L0, R1","L1, R1",Not Supported
GPU-UTIL-NVLINK-BANDWIDTH-TX,GPU,UTIL-NVLINK-BANDWIDTH-TX,NVLink RX Data Throughput with protocol overhead,Sensor.Perf,Uint64,"SMBPBI: (0x1A, 0Ch, [<link_index>,0xFF = Aggregate Count]) ;extended data | | NSM: (0x1, 0x1)",NVML_FI_DEV_NVLINK_THROUGHPUT_RAW_RX,NA,"DCGM_FI_PROF_NVLINK_L[0-17]_RX_BYTES:[1041,1043,1045,1047,1049,1051,1053,1055,1057,1059,1061,1063,1065,1067,1069,1071,1073,1075]","2021.1d
/redfish/v1/Systems/HGX_Baseboard_{InstanceId}/Processors/GPU_SXM_{InstanceId}/Ports/NVLink_{InstanceId}/Metrics
{RXBytes}","2021.1d
/redfish/v1/Systems/HGX_Baseboard_{InstanceId}/Processors/GPU_{InstanceId}/Ports/NVLink_{InstanceId}/Metrics
{RXBytes}","2021.1d
/redfish/v1/Systems/System_{InstanceId}/Processors/GPU_{InstanceId}/Ports/NVLink_{InstanceId}/Metrics
{RXBytes}",/redfish/v1/TelemetryService/MetricReports/HGX_ProcessorPortMetrics_0,/redfish/v1/TelemetryService/MetricReports/ProcessorPortMetrics_0,busctl get-property  xyz.openbmc_project.NSM /xyz/openbmc_project/inventory/system/accelerator/GPU_$gpuid com.nvidia.NVLink.NVLinkMetrics NVLinkDataTxBandwidthGbps,,NA,NA,NA,Yes,Yes,Yes,Yes,Yes,Yes,Yes,Yes,NA,NA,NA,Yes,NA,Yes,NA,Yes,NA,,Available,No,No Impact/Disabled,10 Sec,30,"2021.1d
/redfish/v1/Systems/{SYSTEM_NAME}_{InstanceId}/Processors/{GPU_PROC_NAME}_{InstanceId}/Ports/NVLink_{InstanceId}/Metrics
{RXBytes}","2021.1d
/redfish/v1/Systems/$SystemId/Processors/$ProcessorId/Ports/$PortId/Metrics
{RXBytes}","{SystemId:{SystemType: Physical}, ProcessorId: {ProcessorType: GPU}, PortId: {PortProtocol: NVLink, Id_contains: NVLink}}",GPU[NVLink],,Y,ES,,,,"L0, R1","L1, R1",Not Supported
GPU-UTIL-NVLINK-BANDWIDTH-RX,GPU,UTIL-NVLINK-BANDWIDTH-RX,PCIe RX throughput (KB/s),Sensor.Perf,Uint64,"SMBPBI: (0x21, 0x04, 0x00); extended data | NSM: (0x2, 0x4)",nvmlDeviceGetPcieThroughput,nvidia_smi_log.gpu.pci.rx_util,,"2023.3
/redfish/v1/Systems/HGX_Baseboard_{InstanceId}/Processors/GPU_SXM_{InstanceId}/ProcessorMetrics
{Oem{Nvidia{PCIeRXBytes}}}","2023.3
/redfish/v1/Systems/HGX_Baseboard_{InstanceId}/Processors/GPU_{InstanceId}/ProcessorMetrics
{Oem{Nvidia{PCIeRXBytes}}}","2023.3
/redfish/v1/Systems/System_{InstanceId}/Processors/GPU_{InstanceId}/ProcessorMetrics
{Oem{Nvidia{PCIeRXBytes}}}",/redfish/v1/TelemetryService/MetricReports/HGX_ProcessorMetrics_0,,busctl get-property  xyz.openbmc_project.NSM /xyz/openbmc_project/inventory/system/accelerator/GPU_$gpuid com.nvidia.NVLink.NVLinkMetrics NVLinkDataRxBandwidthGbps,,NA,NA,NA,Yes,Yes,Yes,Yes,Yes,Yes,Yes,Yes,NA,Yes,NA,Yes,Yes,Yes,NA,Yes,Yes,,Available OOB,No,No Impact,10 Sec,30,"2023.3
/redfish/v1/Systems/{SYSTEM_NAME}_{InstanceId}/Processors/{GPU_PROC_NAME}_{InstanceId}/ProcessorMetrics
{Oem{Nvidia{PCIeRXBytes}}}","2023.3
/redfish/v1/Systems/$SystemId/Processors/$ProcessorId/ProcessorMetrics
{Oem{Nvidia{PCIeRXBytes}}}","{SystemId:{SystemType: Physical}, ProcessorId: {ProcessorType: GPU}}",GPU,,Y,ES,,,,"L0, R1","L1, R1",NA
GPU-NVLINK-PORT-RAW-BANDWIDTH-TX,GPU,NVLINK-PORT-RAW-BANDWIDTH-TX,PCIe TX throughput (KB/s),Sensor.Perf,Uint64,"SMBPBI: (0x21, 0x04, 0x00) | NSM: (0x2, 0x4)",nvmlDeviceGetPcieThroughput,nvidia_smi_log.gpu.pci.tx_util,,"2023.3
/redfish/v1/Systems/HGX_Baseboard_{InstanceId}/Processors/GPU_SXM_{InstanceId}/ProcessorMetrics
{Oem{Nvidia{PCIeTXBytes}}}","2023.3
/redfish/v1/Systems/HGX_Baseboard_{InstanceId}/Processors/GPU_{InstanceId}/ProcessorMetrics
{Oem{Nvidia{PCIeTXBytes}}}","2023.3
/redfish/v1/Systems/System_{InstanceId}/Processors/GPU_{InstanceId}/ProcessorMetrics
{Oem{Nvidia{PCIeTXBytes}}}",/redfish/v1/TelemetryService/MetricReports/HGX_ProcessorMetrics_0,,busctl get-property  xyz.openbmc_project.NSM /xyz/openbmc_project/inventory/system/accelerator/GPU_$gpuid com.nvidia.NVLink.NVLinkMetrics NVLinkRawTxBandwidthGbps,"""nsmd_HGX_ProcessorPortGPMMetrics_0""",NA,NA,NA,Yes,Yes,Yes,Yes,Yes,Yes,Yes,Yes,NA,Yes,NA,Yes,Yes,Yes,NA,Yes,Yes,,Available OOB,No,No Impact,10 Sec,30,"2023.3
/redfish/v1/Systems/{SYSTEM_NAME}_{InstanceId}/Processors/{GPU_PROC_NAME}_{InstanceId}/ProcessorMetrics
{Oem{Nvidia{PCIeTXBytes}}}","2023.3
/redfish/v1/Systems/$SystemId/Processors/$ProcessorId/ProcessorMetrics
{Oem{Nvidia{PCIeTXBytes}}}","{SystemId:{SystemType: Physical}, ProcessorId: {ProcessorType: GPU}}",GPU,,Y,ES,,,,"L0, R1","L1, R1",NA
GPU-NVLINK-PORT-RAW-BANDWIDTH-RX,GPU,NVLINK-PORT-RAW-BANDWIDTH-RX,Current SM utilization (in percentage),Sensor.Perf,Uint64,"SMBPBI: (0x28,0x00,0x01) | NSM: (0x3, 0x49)","NVML_GPM_METRIC_SM_OCCUPANCY/
NVML_GPM_METRIC_SM_UTIL",NA,DCGM_FI_DEV_GPU_UTIL:203,"2021.1c
/redfish/v1/Systems/HGX_Baseboard_{InstanceId}/Processors/GPU_SXM_{InstanceId}/ProcessorMetrics
{BandwidthPercent}","2021.1c
/redfish/v1/Systems/HGX_Baseboard_{InstanceId}/Processors/GPU_{InstanceId}/ProcessorMetrics
{BandwidthPercent}","2021.1c
/redfish/v1/Systems/System_{InstanceId}/Processors/GPU_{InstanceId}/ProcessorMetrics
{BandwidthPercent}",/redfish/v1/TelemetryService/MetricReports/HGX_ProcessorMetrics_0,/redfish/v1/TelemetryService/MetricReports/ProcessorMetrics_0,busctl get-property  xyz.openbmc_project.NSM /xyz/openbmc_project/inventory/system/accelerator/GPU_$gpuid com.nvidia.NVLink.NVLinkMetrics NVLinkRawRxBandwidthGbps,"""nsmd_HGX_ProcessorPortGPMMetrics_0""",NA,NA,NA,Yes,Yes,Yes,Yes,Yes,Yes,Yes,Yes,NA,Yes,NA,Yes,Yes,Yes,NA,Yes,Yes,,Available,Yes,Disabled,10 Sec,30,"2021.1c
/redfish/v1/Systems/{SYSTEM_NAME}_{InstanceId}/Processors/{GPU_PROC_NAME}_{InstanceId}/ProcessorMetrics
{BandwidthPercent}","2021.1c
/redfish/v1/Systems/$SystemId/Processors/$ProcessorId/ProcessorMetrics
{BandwidthPercent}","{SystemId:{SystemType: Physical}, ProcessorId: {ProcessorType: GPU}}",GPU,,Y,QS,,,,L1,L1,RF:DCGM
GPU-UTIL-SM-OCCUPANCY,GPU,UTIL-SM-OCCUPANCY,Current memory utilization (in percentage),Sensor.Perf,Uint64,"SMBPBI: (0x10,0x0A,0x32) | NSM: (0x3, 0x47)",nvmlDeviceGetMemoryInfo_v2,nvidia_smi_log.gpu.fb_memory_usage.used,DCGM_FI_DEV_FB_USED_PERCENT:254,"2023.3
/redfish/v1/Systems/HGX_Baseboard_{InstanceId}/Memory/GPU_SXM_{InstanceId}_DRAM_{InstanceId}/MemoryMetrics
{CapacityUtilizationPercent}","2023.3
/redfish/v1/Systems/HGX_Baseboard_{InstanceId}/Memory/GPU_{InstanceId}_DRAM_{InstanceId}/MemoryMetrics
{CapacityUtilizationPercent}","2023.3
/redfish/v1/Systems/System_{InstanceId}/Memory/GPU_{InstanceId}_DRAM_{InstanceId}/MemoryMetrics
{CapacityUtilizationPercent}",/redfish/v1/TelemetryService/MetricReports/HGX_MemoryMetrics_0,/redfish/v1/TelemetryService/MetricReports/MemoryMetrics_0,busctl get-property  xyz.openbmc_project.NSM /xyz/openbmc_project/inventory/system/accelerator/GPU_$gpuid com.nvidia.GPMMetrics SMOccupancyPercent,"""nsmd_HGX_ProcessorGPMMetrics_0""",NA,NA,NA,Yes,Yes,Yes,Yes,Yes,Yes,Yes,Yes,NA,NA,NA,NA,Yes,Yes,NA,Yes,Yes,,Available,Yes,Disabled,10 Sec,30,"2023.3
/redfish/v1/Systems/{SYSTEM_NAME}_{InstanceId}/Memory/{GPU_MEM_NAME}_{InstanceId}_DRAM_{InstanceId}/MemoryMetrics
{CapacityUtilizationPercent}","2023.3
/redfish/v1/Systems/$SystemId/Memory/$MemoryId/MemoryMetrics
{CapacityUtilizationPercent}","{SystemId:{SystemType: Physical}, MemoryId: {MemoryDeviceType: HBM}}",GPU,,Y,QS,,,,L1,L1,RF:DCGM
GPU-UTIL-SM-ACTIVITY,GPU,UTIL-SM-ACTIVITY,The current bandwidth transferred on PCIe with protocol overhead.,Sensor.Perf,Uint64,"SMBPBI: (0x28,-,-) | NSM: (0x3, 0x49)",,,DCGM_FI_PROF_PCIE_TX_BYTES:1009,"2023.0a
/redfish/v1/Systems/HGX_Baseboard_{InstanceId}/Processors/GPU_SXM_{InstanceId}/ProcessorMetrics
{Oem{Nvidia{PCIeRawTxBandwidthGbps}}}","2023.0a
/redfish/v1/Systems/HGX_Baseboard_{InstanceId}/Processors/GPU_{InstanceId}/ProcessorMetrics
{Oem{Nvidia{PCIeRawTxBandwidthGbps}}}","2023.0a
/redfish/v1/Systems/System_{InstanceId}/Processors/GPU_{InstanceId}/ProcessorMetrics
{Oem{Nvidia{PCIeRawTxBandwidthGbps}}}",,,busctl get-property  xyz.openbmc_project.NSM /xyz/openbmc_project/inventory/system/accelerator/GPU_$gpuid com.nvidia.GPMMetrics SMActivityPercent,"""nsmd_HGX_ProcessorGPMMetrics_0""",NA,NA,NA,NA,Yes,Yes,NA,Yes,Yes,Yes,Yes,NA,Yes,NA,Yes,Yes,Yes,NA,NA,,,Available,Yes,Disabled,10 Sec,30,"2023.0a
/redfish/v1/Systems/{SYSTEM_NAME}_{InstanceId}/Processors/{GPU_PROC_NAME}_{InstanceId}/ProcessorMetrics
{Oem{Nvidia{PCIeRawTxBandwidthGbps}}}","Future
/redfish/v1/Systems/$SystemId/Processors/$ProcessorId/ProcessorMetrics
{Oem{Nvidia{PCIeRawTxBandwidthGbps}}}","{SystemId:{SystemType: Physical}, ProcessorId: {ProcessorType: GPU}}",GPU,,,QS,,,,L1,L1,Not Supported
GPU-UTIL-PCIE-TX,GPU,UTIL-PCIE-TX,The current bandwidth received on PCIe with protocol overhead,Sensor.Perf,Uint64,"SMBPBI: (0x28,-,-) | NSM: (0x3, 0x49)",,,DCGM_FI_PROF_PCIE_RX_BYTES:1010,"2023.0a
/redfish/v1/Systems/HGX_Baseboard_{InstanceId}/Processors/GPU_SXM_{InstanceId}/ProcessorMetrics
{Oem{Nvidia{PCIeRawRxBandwidthGbps}}}","2023.0a
/redfish/v1/Systems/HGX_Baseboard_{InstanceId}/Processors/GPU_{InstanceId}/ProcessorMetrics
{Oem{Nvidia{PCIeRawRxBandwidthGbps}}}","2023.0a
/redfish/v1/Systems/System_{InstanceId}/Processors/GPU_{InstanceId}/ProcessorMetrics
{Oem{Nvidia{PCIeRawRxBandwidthGbps}}}",,,busctl get-property  xyz.openbmc_project.NSM /xyz/openbmc_project/inventory/system/accelerator/GPU_$gpuid xyz.openbmc_project.State.ProcessorPerformance PCIeTXBytes,"""nsmd_HGX_ProcessorMetrics_0""",NA,NA,NA,NA,Yes,Yes,NA,Yes,Yes,Yes,Yes,NA,Yes,NA,Yes,Yes,Yes,NA,NA,,,Available,Yes,Disabled,10 Sec,30,"2023.0a
/redfish/v1/Systems/{SYSTEM_NAME}_{InstanceId}/Processors/{GPU_PROC_NAME}_{InstanceId}/ProcessorMetrics
{Oem{Nvidia{PCIeRawRxBandwidthGbps}}}","Future
/redfish/v1/Systems/$SystemId/Processors/$ProcessorId/ProcessorMetrics
{Oem{Nvidia{PCIeRawRxBandwidthGbps}}}","{SystemId:{SystemType: Physical}, ProcessorId: {ProcessorType: GPU}}",GPU,,,QS,,,,L1,L1,Not Supported
GPU-UTIL-PCIE-RX,GPU,UTIL-PCIE-RX,Nvlink Raw bandwidth (TX),Sensor.Perf,Uint64,"SMBPBI: (0x28,-,-) | NSM: (0x3, 0x49)",,,,"2023.0a
/redfish/v1/Systems/HGX_Baseboard_{InstanceId}/Processors/GPU_SXM_{InstanceId}/ProcessorMetrics
{Oem{Nvidia{NVLinkRawTxBandwidthGbps}}}","2023.0a
/redfish/v1/Systems/HGX_Baseboard_{InstanceId}/Processors/GPU_{InstanceId}/ProcessorMetrics
{Oem{Nvidia{NVLinkRawTxBandwidthGbps}}}","2023.0a
/redfish/v1/Systems/System_{InstanceId}/Processors/GPU_{InstanceId}/ProcessorMetrics
{Oem{Nvidia{NVLinkRawTxBandwidthGbps}}}",/redfish/v1/TelemetryService/MetricReports/HGX_ProcessorMetrics_0,,busctl get-property  xyz.openbmc_project.NSM /xyz/openbmc_project/inventory/system/accelerator/GPU_$gpuid xyz.openbmc_project.State.ProcessorPerformance PCIeRXBytes,"""nsmd_HGX_ProcessorMetrics_0""",NA,NA,NA,NA,Yes,Yes,NA,Yes,Yes,Yes,Yes,NA,NA,NA,NA,NA,Yes,NA,NA,,,Available OOB,Yes,Disabled,10 Sec,30,"2023.0a
/redfish/v1/Systems/{SYSTEM_NAME}_{InstanceId}/Processors/{GPU_PROC_NAME}_{InstanceId}/ProcessorMetrics
{Oem{Nvidia{NVLinkRawTxBandwidthGbps}}}","2023.0a
/redfish/v1/Systems/$SystemId/Processors/$ProcessorId/ProcessorMetrics
{Oem{Nvidia{NVLinkRawTxBandwidthGbps}}}","{SystemId:{SystemType: Physical}, ProcessorId: {ProcessorType: GPU}}",GPU,,,QS,,,,L1,L1,NA
GPU-NVLINK-THROUGHPUT-WITH-OVERHEAD-TX,GPU,NVLINK-THROUGHPUT-WITH-OVERHEAD-TX,Nvlink Raw bandwidth (RX),Sensor.Perf,Uint64,"SMBPBI: (0x28,-,-)  | NSM: (0x3, 0x49)",,,,"2023.0a
/redfish/v1/Systems/HGX_Baseboard_{InstanceId}/Processors/GPU_SXM_{InstanceId}/ProcessorMetrics
{Oem{Nvidia{NVLinkRawRxBandwidthGbps}}}","2023.0a
/redfish/v1/Systems/HGX_Baseboard_{InstanceId}/Processors/GPU_{InstanceId}/ProcessorMetrics
{Oem{Nvidia{NVLinkRawRxBandwidthGbps}}}","2023.0a
/redfish/v1/Systems/System_{InstanceId}/Processors/GPU_{InstanceId}/ProcessorMetrics
{Oem{Nvidia{NVLinkRawRxBandwidthGbps}}}",/redfish/v1/TelemetryService/MetricReports/HGX_ProcessorMetrics_0,,busctl get-property  xyz.openbmc_project.NSM /xyz/openbmc_project/inventory/system/accelerator/GPU_$gpuid/Ports/NVLink_[gpu_nvlinkid] xyz.openbmc_project.Metrics.PortMetricsOem2 TXBytes,"""nsmd_HGX_ProcessorPortMetrics_0""",NA,NA,NA,NA,Yes,Yes,NA,Yes,Yes,Yes,Yes,NA,NA,NA,NA,NA,Yes,NA,NA,,,Available OOB,Yes,Disabled,10 Sec,30,"2023.0a
/redfish/v1/Systems/{SYSTEM_NAME}_{InstanceId}/Processors/{GPU_PROC_NAME}_{InstanceId}/ProcessorMetrics
{Oem{Nvidia{NVLinkRawRxBandwidthGbps}}}","2023.0a
/redfish/v1/Systems/$SystemId/Processors/$ProcessorId/ProcessorMetrics
{Oem{Nvidia{NVLinkRawRxBandwidthGbps}}}","{SystemId:{SystemType: Physical}, ProcessorId: {ProcessorType: GPU}}",GPU,,,QS,,,,L1,L1,NA
GPU-NVLINK-THROUGHPUT-WITH-OVERHEAD-RX,GPU,NVLINK-THROUGHPUT-WITH-OVERHEAD-RX,Nvlink bandwidth (TX),Sensor.Perf,Uint64,"SMBPBI: (0x28,-,-) | NSM: (0x3, 0x49)",,,,"2023.0a
/redfish/v1/Systems/HGX_Baseboard_{InstanceId}/Processors/GPU_SXM_{InstanceId}/ProcessorMetrics
{Oem{Nvidia{NVLinkDataTxBandwidthGbps}}}","2023.0a
/redfish/v1/Systems/HGX_Baseboard_{InstanceId}/Processors/GPU_{InstanceId}/ProcessorMetrics
{Oem{Nvidia{NVLinkDataTxBandwidthGbps}}}","2023.0a
/redfish/v1/Systems/System_{InstanceId}/Processors/GPU_{InstanceId}/ProcessorMetrics
{Oem{Nvidia{NVLinkDataTxBandwidthGbps}}}",/redfish/v1/TelemetryService/MetricReports/HGX_ProcessorMetrics_0,,busctl get-property  xyz.openbmc_project.NSM /xyz/openbmc_project/inventory/system/accelerator/GPU_$gpuid/Ports/NVLink_[gpu_nvlinkid] xyz.openbmc_project.Metrics.PortMetricsOem2 RXBytes,"""nsmd_HGX_ProcessorPortMetrics_0""",NA,NA,NA,NA,Yes,Yes,NA,Yes,Yes,Yes,Yes,NA,NA,NA,NA,NA,Yes,NA,NA,,,Available OOB,Yes,Disabled,10 Sec,30,"2023.0a
/redfish/v1/Systems/{SYSTEM_NAME}_{InstanceId}/Processors/{GPU_PROC_NAME}_{InstanceId}/ProcessorMetrics
{Oem{Nvidia{NVLinkDataTxBandwidthGbps}}}","2023.0a
/redfish/v1/Systems/$SystemId/Processors/$ProcessorId/ProcessorMetrics
{Oem{Nvidia{NVLinkDataTxBandwidthGbps}}}","{SystemId:{SystemType: Physical}, ProcessorId: {ProcessorType: GPU}}",GPU,,,QS,,,,L1,L1,NA
GPU-UTIL-NVLINK-PORT-RAW-BANDWIDTH-TX,GPU,UTIL-NVLINK-PORT-RAW-BANDWIDTH-TX,Nvlink bandwidth (RX),Sensor.Perf,Uint64,"SMBPBI: (0x28,-,-) | NSM: (0x3, 0x49)",,,,"2023.0a
/redfish/v1/Systems/HGX_Baseboard_{InstanceId}/Processors/GPU_SXM_{InstanceId}/ProcessorMetrics
{Oem{Nvidia{NVLinkDataRxBandwidthGbps}}}","2023.0a
/redfish/v1/Systems/HGX_Baseboard_{InstanceId}/Processors/GPU_{InstanceId}/ProcessorMetrics
{Oem{Nvidia{NVLinkDataRxBandwidthGbps}}}","2023.0a
/redfish/v1/Systems/System_{InstanceId}/Processors/GPU_{InstanceId}/ProcessorMetrics
{Oem{Nvidia{NVLinkDataRxBandwidthGbps}}}",/redfish/v1/TelemetryService/MetricReports/HGX_ProcessorMetrics_0,,busctl get-property  xyz.openbmc_project.NSM /xyz/openbmc_project/inventory/system/accelerator/GPU_$gpuid/Ports/NVLink_[gpu_nvlinkid] com.nvidia.NVLink.NVLinkMetrics NVLinkRawTxBandwidthGbps,"""nsmd_HGX_ProcessorPortGPMMetrics_0""",NA,NA,NA,NA,Yes,Yes,NA,Yes,Yes,Yes,Yes,NA,NA,NA,NA,NA,Yes,NA,NA,,,Available OOB,Yes,Disabled,10 Sec,30,"2023.0a
/redfish/v1/Systems/{SYSTEM_NAME}_{InstanceId}/Processors/{GPU_PROC_NAME}_{InstanceId}/ProcessorMetrics
{Oem{Nvidia{NVLinkDataRxBandwidthGbps}}}","2023.0a
/redfish/v1/Systems/$SystemId/Processors/$ProcessorId/ProcessorMetrics
{Oem{Nvidia{NVLinkDataRxBandwidthGbps}}}","{SystemId:{SystemType: Physical}, ProcessorId: {ProcessorType: GPU}}",GPU,,,QS,,,,L1,L1,NA
GPU-UTIL-NVLINK-PORT-RAW-BANDWIDTH-RX,GPU,UTIL-NVLINK-PORT-RAW-BANDWIDTH-RX,Nvlink Port Raw bandwidth (TX),Sensor.Perf,Uint64,"SMBPBI: (0x28,-,-) | NSM: (0x3, 0x49)",NVML_GPM_METRIC_NVLINK_L[0-17]_TX_PER_SEC,NA,"DCGM_FI_PROF_NVLINK_L[0-17]_TX_BYTES:[1040,1042,1044,1046,1048,1050,1052,1054,1056,1058,1060,1062,1064,1066,1068,1070,1072,1074]","2023.0a
/redfish/v1/Systems/HGX_Baseboard_{InstanceId}/Processors/GPU_SXM_{InstanceId}/Ports/NVLink_{InstanceId}/Metrics
{Oem{Nvidia{NVLinkRawTxBandwidthGbps}}}","2023.0a
/redfish/v1/Systems/HGX_Baseboard_{InstanceId}/Processors/GPU_{InstanceId}/Ports/NVLink_{InstanceId}/Metrics
{Oem{Nvidia{NVLinkRawTxBandwidthGbps}}}","2023.0a
/redfish/v1/Systems/System_{InstanceId}/Processors/GPU_{InstanceId}/Ports/NVLink_{InstanceId}/Metrics
{Oem{Nvidia{NVLinkRawTxBandwidthGbps}}}",/redfish/v1/TelemetryService/MetricReports/HGX_ProcessorPortMetrics_0,,busctl get-property  xyz.openbmc_project.NSM /xyz/openbmc_project/inventory/system/accelerator/GPU_$gpuid/Ports/NVLink_[gpu_nvlinkid] com.nvidia.NVLink.NVLinkMetrics NVLinkRawRxBandwidthGbps,"""nsmd_HGX_ProcessorPortGPMMetrics_0""",NA,NA,NA,NA,Yes,Yes,NA,Yes,Yes,Yes,Yes,NA,NA,NA,Yes,NA,Yes,NA,NA,,,Available,Yes,Disabled,10 Sec,30,"2023.0a
/redfish/v1/Systems/{SYSTEM_NAME}_{InstanceId}/Processors/{GPU_PROC_NAME}_{InstanceId}/Ports/NVLink_{InstanceId}/Metrics
{Oem{Nvidia{NVLinkRawTxBandwidthGbps}}}","Future
/redfish/v1/Systems/$SystemId/Processors/$ProcessorId/Ports/$PortId/Metrics
{Oem{Nvidia{NVLinkRawTxBandwidthGbps}}}","{SystemId:{SystemType: Physical}, ProcessorId: {ProcessorType: GPU}, PortId: {PortProtocol: NVLink, Id_contains: NVLink}}",GPU[NVLink],,,QS,,,,L1,L1,Not Supported
GPU-UTIL-NVLINK-PORT-BANDWIDTH-TX,GPU,UTIL-NVLINK-PORT-BANDWIDTH-TX,Nvlink Port Raw bandwidth (RX),Sensor.Perf,Uint64,"SMBPBI: (0x28,-,-) | NSM: (0x3, 0x49)",NVML_GPM_METRIC_NVLINK_L[0-17]_RX_PER_SEC,NA,"DCGM_FI_PROF_NVLINK_L[0-17]_RX_BYTES:[1041,1043,1045,1047,1049,1051,1053,1055,1057,1059,1061,1063,1065,1067,1069,1071,1073,1075]","2023.0a
/redfish/v1/Systems/HGX_Baseboard_{InstanceId}/Processors/GPU_SXM_{InstanceId}/Ports/NVLink_{InstanceId}/Metrics
{Oem{Nvidia{NVLinkRawRxBandwidthGbps}}}","2023.0a
/redfish/v1/Systems/HGX_Baseboard_{InstanceId}/Processors/GPU_{InstanceId}/Ports/NVLink_{InstanceId}/Metrics
{Oem{Nvidia{NVLinkRawRxBandwidthGbps}}}","2023.0a
/redfish/v1/Systems/System_{InstanceId}/Processors/GPU_{InstanceId}/Ports/NVLink_{InstanceId}/Metrics
{Oem{Nvidia{NVLinkRawRxBandwidthGbps}}}",/redfish/v1/TelemetryService/MetricReports/HGX_ProcessorPortMetrics_0,,busctl get-property  xyz.openbmc_project.NSM /xyz/openbmc_project/inventory/system/accelerator/GPU_$gpuid/Ports/NVLink_[gpu_nvlinkid] com.nvidia.NVLink.NVLinkMetrics NVLinkDataTxBandwidthGbps,"""nsmd_HGX_ProcessorPortGPMMetrics_0""",NA,NA,NA,NA,Yes,Yes,NA,Yes,Yes,Yes,Yes,NA,NA,NA,Yes,NA,Yes,NA,NA,,,Available,Yes,Disabled,10 Sec,30,"2023.0a
/redfish/v1/Systems/{SYSTEM_NAME}_{InstanceId}/Processors/{GPU_PROC_NAME}_{InstanceId}/Ports/NVLink_{InstanceId}/Metrics
{Oem{Nvidia{NVLinkRawRxBandwidthGbps}}}","Future
/redfish/v1/Systems/$SystemId/Processors/$ProcessorId/Ports/$PortId/Metrics
{Oem{Nvidia{NVLinkRawRxBandwidthGbps}}}","{SystemId:{SystemType: Physical}, ProcessorId: {ProcessorType: GPU}, PortId: {PortProtocol: NVLink, Id_contains: NVLink}}",GPU[NVLink],,,QS,,,,L1,L1,Not Supported
GPU-UTIL-NVLINK-PORT-BANDWIDTH-RX,GPU,UTIL-NVLINK-PORT-BANDWIDTH-RX,Nvlink Port bandwidth (TX),Sensor.Perf,Uint64,"SMBPBI: (0x28,-,-)  | NSM: (0x3, 0x49)",,,,"2023.0a
/redfish/v1/Systems/HGX_Baseboard_{InstanceId}/Processors/GPU_SXM_{InstanceId}/Ports/NVLink_{InstanceId}/Metrics
{Oem{Nvidia{NVLinkDataTxBandwidthGbps}}}","2023.0a
/redfish/v1/Systems/HGX_Baseboard_{InstanceId}/Processors/GPU_{InstanceId}/Ports/NVLink_{InstanceId}/Metrics
{Oem{Nvidia{NVLinkDataTxBandwidthGbps}}}","2023.0a
/redfish/v1/Systems/System_{InstanceId}/Processors/GPU_{InstanceId}/Ports/NVLink_{InstanceId}/Metrics
{Oem{Nvidia{NVLinkDataTxBandwidthGbps}}}",/redfish/v1/TelemetryService/MetricReports/HGX_ProcessorPortMetrics_0,,busctl get-property  xyz.openbmc_project.NSM /xyz/openbmc_project/inventory/system/accelerator/GPU_$gpuid/Ports/NVLink_[gpu_nvlinkid] com.nvidia.NVLink.NVLinkMetrics NVLinkDataRxBandwidthGbps,"""nsmd_HGX_ProcessorGPMMetrics_0""",NA,NA,NA,NA,Yes,Yes,NA,Yes,Yes,Yes,Yes,NA,NA,NA,Yes,NA,Yes,NA,NA,,,Available OOB,Yes,Disabled,10 Sec,30,"2023.0a
/redfish/v1/Systems/{SYSTEM_NAME}_{InstanceId}/Processors/{GPU_PROC_NAME}_{InstanceId}/Ports/NVLink_{InstanceId}/Metrics
{Oem{Nvidia{NVLinkDataTxBandwidthGbps}}}","Future
/redfish/v1/Systems/$SystemId/Processors/$ProcessorId/Ports/$PortId/Metrics
{Oem{Nvidia{NVLinkDataTxBandwidthGbps}}}","{SystemId:{SystemType: Physical}, ProcessorId: {ProcessorType: GPU}, PortId: {PortProtocol: NVLink, Id_contains: NVLink}}",GPU[NVLink],,,QS,,,,L1,L1,NA
GPU-UTIL-NVLINK-RAW-BANDWIDTH-TX,GPU,UTIL-NVLINK-RAW-BANDWIDTH-TX,Nvlink Port bandwidth (RX),Sensor.Perf,Uint64,"SMBPBI: (0x28,-,-) | NSM: (0x3, 0x49)",,,,"2023.0a
/redfish/v1/Systems/HGX_Baseboard_{InstanceId}/Processors/GPU_SXM_{InstanceId}/Ports/NVLink_{InstanceId}/Metrics
{Oem{Nvidia{NVLinkDataRxBandwidthGbps}}}","2023.0a
/redfish/v1/Systems/HGX_Baseboard_{InstanceId}/Processors/GPU_{InstanceId}/Ports/NVLink_{InstanceId}/Metrics
{Oem{Nvidia{NVLinkDataRxBandwidthGbps}}}","2023.0a
/redfish/v1/Systems/System_{InstanceId}/Processors/GPU_{InstanceId}/Ports/NVLink_{InstanceId}/Metrics
{Oem{Nvidia{NVLinkDataRxBandwidthGbps}}}",/redfish/v1/TelemetryService/MetricReports/HGX_ProcessorPortMetrics_0,,busctl get-property  xyz.openbmc_project.NSM /xyz/openbmc_project/inventory/system/accelerator/GPU_$gpuid com.nvidia.NVLink.NVLinkMetrics NVLinkRawTxBandwidthGbps,"""nsmd_HGX_ProcessorGPMMetrics_0""",NA,NA,NA,NA,Yes,Yes,NA,Yes,Yes,Yes,Yes,NA,NA,NA,Yes,NA,Yes,NA,NA,,,Available OOB,Yes,Disabled,10 Sec,30,"2023.0a
/redfish/v1/Systems/{SYSTEM_NAME}_{InstanceId}/Processors/{GPU_PROC_NAME}_{InstanceId}/Ports/NVLink_{InstanceId}/Metrics
{Oem{Nvidia{NVLinkDataRxBandwidthGbps}}}","Future
/redfish/v1/Systems/$SystemId/Processors/$ProcessorId/Ports/$PortId/Metrics
{Oem{Nvidia{NVLinkDataRxBandwidthGbps}}}","{SystemId:{SystemType: Physical}, ProcessorId: {ProcessorType: GPU}, PortId: {PortProtocol: NVLink, Id_contains: NVLink}}",GPU[NVLink],,,QS,,,,L1,L1,NA
GPU-UTIL-NVLINK-RAW-BANDWIDTH-RX,GPU,UTIL-NVLINK-RAW-BANDWIDTH-RX,The ratio of cycles an SM has at least 1 warp assigned (computed from the number of cycles and elapsed cycles),Sensor.Perf,Uint64,"SMBPBI: (0x28,0x00,0x01) | NSM: (0x3, 0x49)",NVML_GPM_METRIC_SM_UTIL,nvidia_smi_log.gpu.utilization.gpu_util,DCGM_FI_PROF_SM_ACTIVE:1002,"2023.3
/redfish/v1/Systems/HGX_Baseboard_{InstanceId}/Processors/GPU_SXM_{InstanceId}/ProcessorMetrics
{Oem{Nvidia{SMActivityPercent}}}","2023.3
/redfish/v1/Systems/HGX_Baseboard_{InstanceId}/Processors/GPU_{InstanceId}/ProcessorMetrics
{Oem{Nvidia{SMActivityPercent}}}","2023.3
/redfish/v1/Systems/System_{InstanceId}/Processors/GPU_{InstanceId}/ProcessorMetrics
{Oem{Nvidia{SMActivityPercent}}}",,,busctl get-property  xyz.openbmc_project.NSM /xyz/openbmc_project/inventory/system/accelerator/GPU_$gpuid com.nvidia.NVLink.NVLinkMetrics NVLinkRawRxBandwidthGbps,"""nsmd_HGX_ProcessorGPMMetrics_0""",NA,NA,NA,NA,NA,NA,Yes,Yes,Yes,Yes,Yes,NA,Yes,NA,Yes,Yes,Yes,NA,Yes,Yes,,Available,Yes,Disabled,10 Sec,30,"2023.3
/redfish/v1/Systems/{SYSTEM_NAME}_{InstanceId}/Processors/{GPU_PROC_NAME}_{InstanceId}/ProcessorMetrics
{Oem{Nvidia{SMActivityPercent}}}","2023.3
/redfish/v1/Systems/$SystemId/Processors/$ProcessorId/ProcessorMetrics
{Oem{Nvidia{SMActivityPercent}}}","{SystemId:{SystemType: Physical}, ProcessorId: {ProcessorType: GPU}}",GPU,,Y,ES,,,,"L0, R1","L1, R1",Not Supported
GPU-UTIL-CORE,GPU,UTIL-CORE,The ratio of number of warps resident on an SM. (number of resident as a ratio of the theoretical maximum number of warps per elapsed cycle),Sensor.Perf,Double,"SMBPBI: (0x28,0x00,0x02) | NSM: (0x3, 0x49)",NVML_GPM_METRIC_SM_OCCUPANCY,NA,DCGM_FI_PROF_SM_OCCUPANCY:1003,"2023.3
/redfish/v1/Systems/HGX_Baseboard_{InstanceId}/Processors/GPU_SXM_{InstanceId}/ProcessorMetrics
{Oem{Nvidia{SMOccupancyPercent}}}","2023.3
/redfish/v1/Systems/HGX_Baseboard_{InstanceId}/Processors/GPU_{InstanceId}/ProcessorMetrics
{Oem{Nvidia{SMOccupancyPercent}}}","2023.3
/redfish/v1/Systems/System_{InstanceId}/Processors/GPU_{InstanceId}/ProcessorMetrics
{Oem{Nvidia{SMOccupancyPercent}}}",,,busctl get-property  xyz.openbmc_project.NSM /xyz/openbmc_project/inventory/system/accelerator/GPU_$gpuid com.nvidia.GPMMetrics GraphicsEngineActivityPercent,,NA,NA,NA,NA,NA,NA,Yes,Yes,Yes,Yes,Yes,NA,Yes,NA,Yes,Yes,Yes,NA,Yes,Yes,,Available,Yes,Disabled,10 Sec,30,"2023.3
/redfish/v1/Systems/{SYSTEM_NAME}_{InstanceId}/Processors/{GPU_PROC_NAME}_{InstanceId}/ProcessorMetrics
{Oem{Nvidia{SMOccupancyPercent}}}","2023.3
/redfish/v1/Systems/$SystemId/Processors/$ProcessorId/ProcessorMetrics
{Oem{Nvidia{SMOccupancyPercent}}}","{SystemId:{SystemType: Physical}, ProcessorId: {ProcessorType: GPU}}",GPU,,Y,ES,,,,"L0, R1","L1, R1",Not Supported
GPU-CTR-ENERGY,GPU,CTR-ENERGY,Ratio of cycles each of the NVJPG engines are active.,Sensor.Power,Double,"SMBPBI: (0x28,-,-) | NSM: (0x3, 0x49)",NVML_GPM_METRIC_NVJPG_[0-7]_UTIL,nvidia_smi_log.gpu.utilization.jpeg_util,DCGM_FI_PROF_NVJPG[0-7]_ACTIVE:[1025-1032],"2023.3
/redfish/v1/Systems/HGX_Baseboard_{InstanceId}/Processors/GPU_SXM_{InstanceId}/ProcessorMetrics
{Oem{Nvidia{NVJpgInstanceUtilizationPercent}}}","2023.3
/redfish/v1/Systems/HGX_Baseboard_{InstanceId}/Processors/GPU_{InstanceId}/ProcessorMetrics
{Oem{Nvidia{NVJpgInstanceUtilizationPercent}}}","2023.3
/redfish/v1/Systems/System_{InstanceId}/Processors/GPU_{InstanceId}/ProcessorMetrics
{Oem{Nvidia{NVJpgInstanceUtilizationPercent}}}",,,busctl get-property  xyz.openbmc_project.NSM /xyz/openbmc_project/sensors/energy/HGX_GPU_$gpuid_Energy_0 xyz.openbmc_project.Sensor.Value Value,,,,,NA,NA,NA,Yes,Yes,Yes,Yes,Yes,,Yes,NA,Yes,Yes,Yes,NA,NA,,,Available,Yes,Disabled,10 Sec,30,"2023.3
/redfish/v1/Systems/{SYSTEM_NAME}_{InstanceId}/Processors/{GPU_PROC_NAME}_{InstanceId}/ProcessorMetrics
{Oem{Nvidia{NVJpgInstanceUtilizationPercent}}}","2023.3
/redfish/v1/Systems/$SystemId/Processors/$ProcessorId/ProcessorMetrics
{Oem{Nvidia{NVJpgInstanceUtilizationPercent}}}","{SystemId:{SystemType: Physical}, ProcessorId: {ProcessorType: GPU}}",,,Y,ES,,,,"L0, R1","L1, R1",Not Supported
GPU-PWR-MEM,GPU,PWR-MEM,Ratio of cycles each of the NVOFA engines are active.,Sensor.Power,Uint64,"SMBPBI: (0x28,-,-) | NSM: (0x3, 0x49)",NVML_GPM_METRIC_NVOFA_0_UTIL,nvidia_smi_log.gpu.utilization.ofa_util,DCGM_FI_PROF_NVOFA0_ACTIVE:1033,"2023.3
/redfish/v1/Systems/HGX_Baseboard_{InstanceId}/Processors/GPU_SXM_{InstanceId}/ProcessorMetrics
{Oem{Nvidia{NVOfaUtilizationPercent}}}","2023.3
/redfish/v1/Systems/HGX_Baseboard_{InstanceId}/Processors/GPU_{InstanceId}/ProcessorMetrics
{Oem{Nvidia{NVOfaUtilizationPercent}}}","2023.3
/redfish/v1/Systems/System_{InstanceId}/Processors/GPU_{InstanceId}/ProcessorMetrics
{Oem{Nvidia{NVOfaUtilizationPercent}}}",,,busctl get-property  xyz.openbmc_project.NSM /xyz/openbmc_project/sensors/power/HGX_GPU_$gpuid_DRAM_0_Power_0 xyz.openbmc_project.Sensor.Value Value,,,,,NA,NA,NA,Yes,Yes,Yes,Yes,Yes,,Yes,NA,Yes,Yes,Yes,NA,NA,,,Available,Yes,Disabled,10 Sec,30,"2023.3
/redfish/v1/Systems/{SYSTEM_NAME}_{InstanceId}/Processors/{GPU_PROC_NAME}_{InstanceId}/ProcessorMetrics
{Oem{Nvidia{NVOfaUtilizationPercent}}}","2023.3
/redfish/v1/Systems/$SystemId/Processors/$ProcessorId/ProcessorMetrics
{Oem{Nvidia{NVOfaUtilizationPercent}}}","{SystemId:{SystemType: Physical}, ProcessorId: {ProcessorType: GPU}}",GPU,,Y,ES,,,,"L0, R1","L1, R1",Not Supported
GPU-PWR-CURR,GPU,PWR-CURR,Ratio of cycles the integer pipe is active.,Sensor.Power,Uint64,"SMBPBI: (0x28,-,-) | NSM: (0x3, 0x49)",NVML_GPM_METRIC_INTEGER_UTIL,NA,DCGM_FI_PROF_PIPE_INT_ACTIVE:1016,"2023.3
/redfish/v1/Systems/HGX_Baseboard_{InstanceId}/Processors/GPU_SXM_{InstanceId}/ProcessorMetrics
{Oem{Nvidia{IntegerActivityUtilizationPercent}}}","2023.3
/redfish/v1/Systems/HGX_Baseboard_{InstanceId}/Processors/GPU_{InstanceId}/ProcessorMetrics
{Oem{Nvidia{IntegerActivityUtilizationPercent}}}","2023.3
/redfish/v1/Systems/System_{InstanceId}/Processors/GPU_{InstanceId}/ProcessorMetrics
{Oem{Nvidia{IntegerActivityUtilizationPercent}}}",,,busctl get-property  xyz.openbmc_project.NSM /xyz/openbmc_project/sensors/power/HGX_GPU_$gpuid_Power_0 xyz.openbmc_project.Sensor.Value Value,,,,,NA,NA,NA,Yes,Yes,Yes,Yes,Yes,,Yes,NA,Yes,Yes,Yes,NA,NA,,,Available,Yes,Disabled,10 Sec,30,"2023.3
/redfish/v1/Systems/{SYSTEM_NAME}_{InstanceId}/Processors/{GPU_PROC_NAME}_{InstanceId}/ProcessorMetrics
{Oem{Nvidia{IntegerActivityUtilizationPercent}}}","2023.3
/redfish/v1/Systems/$SystemId/Processors/$ProcessorId/ProcessorMetrics
{Oem{Nvidia{IntegerActivityUtilizationPercent}}}","{SystemId:{SystemType: Physical}, ProcessorId: {ProcessorType: GPU}}",GPU,,Y,ES,,,,"L0, R1","L1, R1",Not Supported
GPU-TEMP-TLIMIT,GPU,TEMP-TLIMIT,The ratio of cycles the tensor (DFMA) pipe is active (off the peak sustained elapsed cycles),Sensor.Thermal,Uint64,"SMBPBI: (0x28,-,-) | NSM: (0x3, 0x49)",NVML_GPM_METRIC_DFMA_TENSOR_UTIL,NA,DCGM_FI_PROF_PIPE_TENSOR_DFMA_ACTIVE:1015,"2023.3
/redfish/v1/Systems/HGX_Baseboard_{InstanceId}/Processors/GPU_SXM_{InstanceId}/ProcessorMetrics
{Oem{Nvidia{DMMAUtilizationPercent}}}","2023.3
/redfish/v1/Systems/HGX_Baseboard_{InstanceId}/Processors/GPU_{InstanceId}/ProcessorMetrics
{Oem{Nvidia{DMMAUtilizationPercent}}}","2023.3
/redfish/v1/Systems/System_{InstanceId}/Processors/GPU_{InstanceId}/ProcessorMetrics
{Oem{Nvidia{DMMAUtilizationPercent}}}",,,busctl get-property  xyz.openbmc_project.NSM /xyz/openbmc_project/sensors/temperature/HGX_GPU_$gpuid_TEMP_1 xyz.openbmc_project.Sensor.Value Value,,,,,NA,NA,NA,Yes,Yes,Yes,Yes,Yes,,Yes,NA,Yes,Yes,Yes,NA,NA,,,Available,Yes,Disabled,10 Sec,30,"2023.3
/redfish/v1/Systems/{SYSTEM_NAME}_{InstanceId}/Processors/{GPU_PROC_NAME}_{InstanceId}/ProcessorMetrics
{Oem{Nvidia{DMMAUtilizationPercent}}}","2023.3
/redfish/v1/Systems/$SystemId/Processors/$ProcessorId/ProcessorMetrics
{Oem{Nvidia{DMMAUtilizationPercent}}}","{SystemId:{SystemType: Physical}, ProcessorId: {ProcessorType: GPU}}",GPU,,Y,ES,,,,"L0, R1","L1, R1",Not Supported
GPU-TEMP-GB-GPU[0],GPU,TEMP-GB-GPU[0],The total number of bytes sent by the PCIe transmitter,Sensor.Thermal,Double,"SMBPBI: (0x28,-,-)| NSM: (0x2, 0x4)",,,,"2023.3
/redfish/v1/Systems/HGX_Baseboard_{InstanceId}/Processors/GPU_SXM_{InstanceId}/ProcessorMetrics
{Oem{Nvidia{PCIeTXBytes}}}","2023.3
/redfish/v1/Systems/HGX_Baseboard_{InstanceId}/Processors/GPU_{InstanceId}/ProcessorMetrics
{Oem{Nvidia{PCIeTXBytes}}}","2023.3
/redfish/v1/Systems/System_{InstanceId}/Processors/GPU_{InstanceId}/ProcessorMetrics
{Oem{Nvidia{PCIeTXBytes}}}",,,busctl get-property  xyz.openbmc_project.NSM /xyz/openbmc_project/sensors/temperature/HGX_GPU_$gpuid_TEMP_0 xyz.openbmc_project.Sensor.Value Value,,NA,NA,NA,Yes,Yes,Yes,Yes,Yes,Yes,Yes,Yes,NA,Yes,NA,Yes,Yes,Yes,NA,Yes,Yes,,Available OOB,Yes,Disabled,10 Sec,30,"2023.3
/redfish/v1/Systems/{SYSTEM_NAME}_{InstanceId}/Processors/{GPU_PROC_NAME}_{InstanceId}/ProcessorMetrics
{Oem{Nvidia{PCIeTXBytes}}}","2023.3
/redfish/v1/Systems/$SystemId/Processors/$ProcessorId/ProcessorMetrics
{Oem{Nvidia{PCIeTXBytes}}}","{SystemId:{SystemType: Physical}, ProcessorId: {ProcessorType: GPU}}",GPU,,,ES,,,,"L0, R1","L1, R1",NA
GPU-TEMP-GB-GPU[1],GPU,TEMP-GB-GPU[1],The total number of bytes received by the PCIe receiver,Sensor.Thermal,Double,"SMBPBI: (0x28,-,-) | NSM: (0x2, 0x4)",,,,"2023.3
/redfish/v1/Systems/HGX_Baseboard_{InstanceId}/Processors/GPU_SXM_{InstanceId}/ProcessorMetrics
{Oem{Nvidia{PCIeRXBytes}}}","2023.3
/redfish/v1/Systems/HGX_Baseboard_{InstanceId}/Processors/GPU_{InstanceId}/ProcessorMetrics
{Oem{Nvidia{PCIeRXBytes}}}","2023.3
/redfish/v1/Systems/System_{InstanceId}/Processors/GPU_{InstanceId}/ProcessorMetrics
{Oem{Nvidia{PCIeRXBytes}}}",,,busctl get-property  xyz.openbmc_project.NSM /xyz/openbmc_project/sensors/temperature/HGX_GPU_$gpuid_TEMP_1 xyz.openbmc_project.Sensor.Value Value,,NA,NA,NA,Yes,Yes,Yes,Yes,Yes,Yes,Yes,Yes,NA,Yes,NA,Yes,Yes,Yes,NA,Yes,Yes,,Available OOB,Yes,Disabled,10 Sec,30,"2023.3
/redfish/v1/Systems/{SYSTEM_NAME}_{InstanceId}/Processors/{GPU_PROC_NAME}_{InstanceId}/ProcessorMetrics
{Oem{Nvidia{PCIeRXBytes}}}","2023.3
/redfish/v1/Systems/$SystemId/Processors/$ProcessorId/ProcessorMetrics
{Oem{Nvidia{PCIeRXBytes}}}","{SystemId:{SystemType: Physical}, ProcessorId: {ProcessorType: GPU}}",GPU,,,ES,,,,"L0, R1","L1, R1",NA
GPU-TEMP-MEM,GPU,TEMP-MEM,The ratio of cycles the tensor (HMMA) pipe is active (off the peak sustained elapsed cycles),Sensor.Thermal,Uint64,"SMBPBI: (0x28,-,-) | NSM: (0x3, 0x49)",NVML_GPM_METRIC_HMMA_TENSOR_UTIL,NA,DCGM_FI_PROF_PIPE_TENSOR_HMMA_ACTIVE:1014,"2023.3
/redfish/v1/Systems/HGX_Baseboard_{InstanceId}/Processors/GPU_SXM_{InstanceId}/ProcessorMetrics
{Oem{Nvidia{HMMAUtilizationPercent}}}","2023.3
/redfish/v1/Systems/HGX_Baseboard_{InstanceId}/Processors/GPU_{InstanceId}/ProcessorMetrics
{Oem{Nvidia{HMMAUtilizationPercent}}}","2023.3
/redfish/v1/Systems/System_{InstanceId}/Processors/GPU_{InstanceId}/ProcessorMetrics
{Oem{Nvidia{HMMAUtilizationPercent}}}",,,busctl get-property  xyz.openbmc_project.NSM /xyz/openbmc_project/sensors/temperature/HGX_GPU_$gpuid_DRAM_0_Temp_0 xyz.openbmc_project.Sensor.Value Value,,,,,NA,NA,NA,Yes,Yes,Yes,Yes,Yes,,Yes,NA,Yes,Yes,Yes,NA,NA,,,Available,Yes,Disabled,10 Sec,30,"2023.3
/redfish/v1/Systems/{SYSTEM_NAME}_{InstanceId}/Processors/{GPU_PROC_NAME}_{InstanceId}/ProcessorMetrics
{Oem{Nvidia{HMMAUtilizationPercent}}}","2023.3
/redfish/v1/Systems/$SystemId/Processors/$ProcessorId/ProcessorMetrics
{Oem{Nvidia{HMMAUtilizationPercent}}}","{SystemId:{SystemType: Physical}, ProcessorId: {ProcessorType: GPU}}",GPU,,Y,ES,,,,"L0, R1","L1, R1",Not Supported
GPU-VOLTAGE,GPU,VOLTAGE,The ratio of cycles the tensor (IMMA) pipe is active (off the peak sustained elapsed cycles),Specs,Double,"SMBPBI: (0x28,-,-) | NSM: (0x3, 0x49)",NVML_GPM_METRIC_IMMA_TENSOR_UTIL,NA,DCGM_FI_PROF_PIPE_TENSOR_IMMA_ACTIVE:1013,"2023.3
/redfish/v1/Systems/HGX_Baseboard_{InstanceId}/Processors/GPU_SXM_{InstanceId}/ProcessorMetrics
{Oem{Nvidia{IMMAUtilizationPercent}}}","2023.3
/redfish/v1/Systems/HGX_Baseboard_{InstanceId}/Processors/GPU_{InstanceId}/ProcessorMetrics
{Oem{Nvidia{IMMAUtilizationPercent}}}","2023.3
/redfish/v1/Systems/System_{InstanceId}/Processors/GPU_{InstanceId}/ProcessorMetrics
{Oem{Nvidia{IMMAUtilizationPercent}}}",,,busctl get-property  xyz.openbmc_project.NSM /xyz/openbmc_project/sensors/voltage/HGX_GPU_$gpuid_Voltage_0 xyz.openbmc_project.Sensor.Value Value,,,,,NA,NA,NA,Yes,Yes,Yes,Yes,Yes,,Yes,NA,Yes,Yes,Yes,NA,NA,,,Available,Yes,Disabled,10 Sec,30,"2023.3
/redfish/v1/Systems/{SYSTEM_NAME}_{InstanceId}/Processors/{GPU_PROC_NAME}_{InstanceId}/ProcessorMetrics
{Oem{Nvidia{IMMAUtilizationPercent}}}","2023.3
/redfish/v1/Systems/$SystemId/Processors/$ProcessorId/ProcessorMetrics
{Oem{Nvidia{IMMAUtilizationPercent}}}","{SystemId:{SystemType: Physical}, ProcessorId: {ProcessorType: GPU}}",GPU,,Y,ES,,,,"L0, R1","L1, R1",Not Supported
GPU-MEM-TYPE,GPU,MEM-TYPE,Current PCIe link width in effect,Specs,string,"SMBPBI: (0x21, [0x00], Unused) [6:4] | NSM: (0x2, 0x4)",nvmlDeviceGetCurrPcieLinkWidth,nvidia_smi_log.gpu.pci.pci_gpu_link_info.link_widths.current_link_width,DCGM_FI_DEV_PCIE_LINK_WIDTH:238,"2021.1c
/redfish/v1/Chassis/HGX_GPU_SXM_{InstanceId}/PCIeDevices/GPU_SXM_{InstanceId}
{PCIeInterface{LanesInUse}}","2021.1c
/redfish/v1/Chassis/HGX_GPU_{InstanceId}/PCIeDevices/GPU_{InstanceId}
{PCIeInterface{LanesInUse}}","2021.1c
/redfish/v1/Chassis/GPU_{InstanceId}/PCIeDevices/GPU_{InstanceId}
{PCIeInterface{LanesInUse}}",/redfish/v1/TelemetryService/MetricReports/HGX_ProcessorMetrics_0,/redfish/v1/TelemetryService/MetricReports/ProcessorMetrics_0,busctl get-property  xyz.openbmc_project.NSM /xyz/openbmc_project/inventory/system/dimm/GPU_$gpuid_DRAM_0 xyz.openbmc_project.Inventory.Item.Dimm MemoryType,,NA,NA,NA,Yes,Yes,Yes,Yes,Yes,Yes,Yes,Yes,NA,Yes,NA,Yes,Yes,Yes,NA,Yes,Yes,,Available,No,No Impact,10 Sec,30,"2021.1c
/redfish/v1/Chassis/{GPU_CHAS_NAME}_{InstanceId}/PCIeDevices/{GPU_PCIED_NAME}_{InstanceId}
{PCIeInterface{LanesInUse}}","2021.1c
/redfish/v1/Chassis/$ChassisId/PCIeDevices/$PCIeId
{PCIeInterface{LanesInUse}}","{ChassisId: {Id_contains: {anyOf: [GPU], not: [RoT]}}, PCIeId: {DeviceType: all}}",,,Y,ES,,,,"L0, R1","L1, R1",RF:DCGM
GPU-MIN-PROG-CLK-GFX,GPU,MIN-PROG-CLK-GFX,The current internal bandwidth or speed of this link,Specs,Uint64,"SMBPBI: (0x1A, 0x02, Unused)  | NSM: (0x1, 0x42)",NA,nvidia-smi nvlink -s,"DCGM_FI_DEV_NVLINK_BANDWIDTH_L[0-17]: [440,441,442,443,444,445,475,476,477,478,479,480,446,447,448,494,495,496]","2021.1d
/redfish/v1/Systems/HGX_Baseboard_{InstanceId}/Processors/GPU_SXM_{InstanceId}/Ports/NVLink_{InstanceId}
{CurrentSpeedGbps}","2021.1d
/redfish/v1/Systems/HGX_Baseboard_{InstanceId}/Processors/GPU_{InstanceId}/Ports/NVLink_{InstanceId}
{CurrentSpeedGbps}","2021.1d
/redfish/v1/Systems/System_{InstanceId}/Processors/GPU_{InstanceId}/Ports/NVLink_{InstanceId}
{CurrentSpeedGbps}",/redfish/v1/TelemetryService/MetricReports/HGX_ProcessorPortMetrics_0,/redfish/v1/TelemetryService/MetricReports/ProcessorPortMetrics_0,busctl get-property  xyz.openbmc_project.NSM /xyz/openbmc_project/inventory/system/accelerator/GPU_$gpuid xyz.openbmc_project.Inventory.Item.Cpu.OperatingConfig MinSpeed,,NA,NA,Link_speed_active,Yes,Yes,Yes,Yes,Yes,Yes,Yes,Yes,Yes,NA,NA,Yes,NA,Yes,NA,Yes,NA,,Available,No,No Impact,10 Sec,30,"2021.1d
/redfish/v1/Systems/{SYSTEM_NAME}_{InstanceId}/Processors/{GPU_PROC_NAME}_{InstanceId}/Ports/NVLink_{InstanceId}
{CurrentSpeedGbps}","2021.1d
/redfish/v1/Systems/$SystemId/Processors/$ProcessorId/Ports/$PortId
{CurrentSpeedGbps}","{SystemId:{SystemType: Physical}, ProcessorId: {ProcessorType: GPU}, PortId: {PortProtocol: NVLink, Id_contains: NVLink}}",GPU[NVLink],,Y,ES,,,,"L0, R1","L1, R1","RF:DCGM, nvoem"
GPU-MAX-PROG-CLK-GFX,GPU,MAX-PROG-CLK-GFX,The memory Bandwidth utilization. DRAM usage as a percentage (relative to maximum theoretical bandwidth),Specs,Uint64,"SMBPBI: (0x28,-,-) DRAM usage | NSM: (0x3, 0x49) DRAM_USAGE",NVML_GPM_METRIC_DRAM_BW_UTIL,NA,DCGM_FI_PROF_DRAM_ACTIVE:1005,"2021.1c
/redfish/v1/Systems/HGX_Baseboard_{InstanceId}/Memory/GPU_SXM_{InstanceId}_DRAM_{InstanceId}/MemoryMetrics
{BandwidthPercent}","2021.1c
/redfish/v1/Systems/HGX_Baseboard_{InstanceId}/Memory/GPU_{InstanceId}_DRAM_{InstanceId}/MemoryMetrics
{BandwidthPercent}","2021.1c
/redfish/v1/Systems/System_{InstanceId}/Memory/GPU_{InstanceId}_DRAM_{InstanceId}/MemoryMetrics
{BandwidthPercent}",/redfish/v1/TelemetryService/MetricReports/HGX_MemoryMetrics_0,/redfish/v1/TelemetryService/MetricReports/ProcessorMetrics_0,busctl get-property  xyz.openbmc_project.NSM /xyz/openbmc_project/inventory/system/accelerator/GPU_$gpuid xyz.openbmc_project.Inventory.Item.Cpu.OperatingConfig MaxSpeed,,NA,NA,NA,Yes,Yes,Yes,Yes,Yes,Yes,Yes,Yes,NA,Yes,NA,Yes,Yes,Yes,NA,Yes,Yes,,Available,Yes,Disabled,10 Sec,30,"2021.1c
/redfish/v1/Systems/{SYSTEM_NAME}_{InstanceId}/Memory/{GPU_MEM_NAME}_{InstanceId}_DRAM_{InstanceId}/MemoryMetrics
{BandwidthPercent}","2021.1c
/redfish/v1/Systems/$SystemId/Memory/$MemoryId/MemoryMetrics
{BandwidthPercent}","{SystemId:{SystemType: Physical}, MemoryId: {MemoryDeviceType: HBM}}",,,Y,ES,,,,"L0, R1","L1, R1",Not Supported
GPU-PWR-TGP,GPU,PWR-TGP,The fp16 utilization,Specs,Uint64,"SMBPBI: (0x28,-,-) FP16 Activity  | NSM: (0x3, 0x49)",NVML_GPM_METRIC_FP16_UTIL,NA,DCGM_FI_PROF_PIPE_FP16_ACTIVE:1008,"2023.3
/redfish/v1/Systems/HGX_Baseboard_{InstanceId}/Processors/GPU_SXM_{InstanceId}/ProcessorMetrics
{Oem{Nvidia{FP16ActivityPercent}}}","2023.3
/redfish/v1/Systems/HGX_Baseboard_{InstanceId}/Processors/GPU_{InstanceId}/ProcessorMetrics
{Oem{Nvidia{FP16ActivityPercent}}}","2023.3
/redfish/v1/Systems/System_{InstanceId}/Processors/GPU_{InstanceId}/ProcessorMetrics
{Oem{Nvidia{FP16ActivityPercent}}}",,,busctl get-property  xyz.openbmc_project.NSM /xyz/openbmc_project/inventory/system/accelerator/GPU_$gpuid xyz.openbmc_project.Control.Power.Cap PowerCap,,NA,NA,NA,NA,Yes,Yes,Yes,Yes,Yes,Yes,Yes,NA,Yes,NA,Yes,Yes,Yes,NA,NA,,,Available,Yes,Disabled,10 Sec,30,"2023.3
/redfish/v1/Systems/{SYSTEM_NAME}_{InstanceId}/Processors/{GPU_PROC_NAME}_{InstanceId}/ProcessorMetrics
{Oem{Nvidia{FP16ActivityPercent}}}","2023.3
/redfish/v1/Systems/$SystemId/Processors/$ProcessorId/ProcessorMetrics
{Oem{Nvidia{FP16ActivityPercent}}}","{SystemId:{SystemType: Physical}, ProcessorId: {ProcessorType: GPU}}",GPU,,Y,ES,,,,"L0, R1","L1, R1",Not Supported
GPU-PCI-LINK-SPEED-MAX,GPU,PCI-LINK-SPEED-MAX,The fp32 utilization,Specs,String,"SMBPBI: (0x28,-,-) FP32 Activity  | NSM: (0x3, 0x49)",NVML_GPM_METRIC_FP32_UTIL,NA,DCGM_FI_PROF_PIPE_FP32_ACTIVE:1007,"2023.3
/redfish/v1/Systems/HGX_Baseboard_{InstanceId}/Processors/GPU_SXM_{InstanceId}/ProcessorMetrics
{Oem{Nvidia{FP32ActivityPercent}}}","2023.3
/redfish/v1/Systems/HGX_Baseboard_{InstanceId}/Processors/GPU_{InstanceId}/ProcessorMetrics
{Oem{Nvidia{FP32ActivityPercent}}}","2023.3
/redfish/v1/Systems/System_{InstanceId}/Processors/GPU_{InstanceId}/ProcessorMetrics
{Oem{Nvidia{FP32ActivityPercent}}}",,,busctl get-property  xyz.openbmc_project.NSM /xyz/openbmc_project/inventory/system/chassis/HGX_GPU_$gpuid/PCIeDevices/GPU_$gpuid xyz.openbmc_project.Inventory.Item.PCIeDevice MaxPCIeType,,NA,NA,NA,NA,Yes,Yes,Yes,Yes,Yes,Yes,Yes,NA,Yes,NA,Yes,Yes,Yes,NA,NA,,,Available,Yes,Disabled,10 Sec,30,"2023.3
/redfish/v1/Systems/{SYSTEM_NAME}_{InstanceId}/Processors/{GPU_PROC_NAME}_{InstanceId}/ProcessorMetrics
{Oem{Nvidia{FP32ActivityPercent}}}","2023.3
/redfish/v1/Systems/$SystemId/Processors/$ProcessorId/ProcessorMetrics
{Oem{Nvidia{FP32ActivityPercent}}}","{SystemId:{SystemType: Physical}, ProcessorId: {ProcessorType: GPU}}",GPU,,Y,ES,,,,"L0, R1","L1, R1",Not Supported
GPU-PWR-LIMIT-MIN,GPU,PWR-LIMIT-MIN,The fp64 utilization,Specs,Uint64,"SMBPBI: (0x28,-,-) FP64 Activity  | NSM: (0x3, 0x49)",NVML_GPM_METRIC_FP64_UTIL,NA,DCGM_FI_PROF_PIPE_FP64_ACTIVE:1006,"2023.3
/redfish/v1/Systems/HGX_Baseboard_{InstanceId}/Processors/GPU_SXM_{InstanceId}/ProcessorMetrics
{Oem{Nvidia{FP64ActivityPercent}}}","2023.3
/redfish/v1/Systems/HGX_Baseboard_{InstanceId}/Processors/GPU_{InstanceId}/ProcessorMetrics
{Oem{Nvidia{FP64ActivityPercent}}}","2023.3
/redfish/v1/Systems/System_{InstanceId}/Processors/GPU_{InstanceId}/ProcessorMetrics
{Oem{Nvidia{FP64ActivityPercent}}}",,,busctl get-property  xyz.openbmc_project.NSM /xyz/openbmc_project/inventory/system/accelerator/GPU_$gpuid xyz.openbmc_project.Control.Power.Cap MinPowerCapValue,,NA,NA,NA,NA,Yes,Yes,Yes,Yes,Yes,Yes,Yes,NA,Yes,NA,Yes,Yes,Yes,NA,NA,,,Available,Yes,Disabled,10 Sec,30,"2023.3
/redfish/v1/Systems/{SYSTEM_NAME}_{InstanceId}/Processors/{GPU_PROC_NAME}_{InstanceId}/ProcessorMetrics
{Oem{Nvidia{FP64ActivityPercent}}}","2023.3
/redfish/v1/Systems/$SystemId/Processors/$ProcessorId/ProcessorMetrics
{Oem{Nvidia{FP64ActivityPercent}}}","{SystemId:{SystemType: Physical}, ProcessorId: {ProcessorType: GPU}}",GPU,,Y,ES,,,,"L0, R1","L1, R1",Not Supported
GPU-PWR-LIMIT-MAX,GPU,PWR-LIMIT-MAX,Ratio of time the graphics engine is active. The graphics engine is active if a graphics/compute context is bound and the graphics pipe or compute pipe is busy.,Specs,Uint64,"SMBPBI: (0x28,-,-) Graphics Engine | NSM: (0x3, 0x49)",NVML_GPM_METRIC_GRAPHICS_UTIL,NA,DCGM_FI_PROF_GR_ENGINE_ACTIVE:1001,"2023.3
/redfish/v1/Systems/HGX_Baseboard_{InstanceId}/Processors/GPU_SXM_{InstanceId}/ProcessorMetrics
{Oem{Nvidia{GraphicsEngineActivityPercent}}}","2023.3
/redfish/v1/Systems/HGX_Baseboard_{InstanceId}/Processors/GPU_{InstanceId}/ProcessorMetrics
{Oem{Nvidia{GraphicsEngineActivityPercent}}}","2023.3
/redfish/v1/Systems/System_{InstanceId}/Processors/GPU_{InstanceId}/ProcessorMetrics
{Oem{Nvidia{GraphicsEngineActivityPercent}}}",,,busctl get-property  xyz.openbmc_project.NSM /xyz/openbmc_project/inventory/system/accelerator/GPU_$gpuid xyz.openbmc_project.Control.Power.Cap MaxPowerCapValue,,NA,NA,NA,NA,Yes,Yes,Yes,Yes,Yes,Yes,Yes,NA,Yes,NA,Yes,Yes,Yes,NA,NA,,,Available,Yes,Disabled,10 Sec,30,"2023.3
/redfish/v1/Systems/{SYSTEM_NAME}_{InstanceId}/Processors/{GPU_PROC_NAME}_{InstanceId}/ProcessorMetrics
{Oem{Nvidia{GraphicsEngineActivityPercent}}}","2023.3
/redfish/v1/Systems/$SystemId/Processors/$ProcessorId/ProcessorMetrics
{Oem{Nvidia{GraphicsEngineActivityPercent}}}","{SystemId:{SystemType: Physical}, ProcessorId: {ProcessorType: GPU}}",GPU,,Y,ES,,,,"L0, R1","L1, R1",Not Supported
GPU-MEM-TEMP-THRESH-MAX,GPU,MEM-TEMP-THRESH-MAX,The ratio of cycles the any tensor pipe is active,Specs,Uint64,"SMBPBI: (0x28,-,-) Tensor Core Activity | NSM: (0x3, 0x49)",NVML_GPM_METRIC_ANY_TENSOR_UTIL,NA,DCGM_FI_PROF_PIPE_TENSOR_ACTIVE:1004,"2023.3
/redfish/v1/Systems/HGX_Baseboard_{InstanceId}/Processors/GPU_SXM_{InstanceId}/ProcessorMetrics
{Oem{Nvidia{TensorCoreActivityPercent}}}","2023.3
/redfish/v1/Systems/HGX_Baseboard_{InstanceId}/Processors/GPU_{InstanceId}/ProcessorMetrics
{Oem{Nvidia{TensorCoreActivityPercent}}}","2023.3
/redfish/v1/Systems/System_{InstanceId}/Processors/GPU_{InstanceId}/ProcessorMetrics
{Oem{Nvidia{TensorCoreActivityPercent}}}",,,busctl get-property  xyz.openbmc_project.NSM /xyz/openbmc_project/sensors/temperature/HGX_GPU_$gpuid_DRAM_0_Temp_0 xyz.openbmc_project.Sensor.Value MaxAllowableValue,,NA,NA,NA,NA,Yes,Yes,Yes,Yes,Yes,Yes,Yes,NA,Yes,NA,Yes,Yes,Yes,NA,NA,,,Available,Yes,Disabled,10 Sec,30,"2023.3
/redfish/v1/Systems/{SYSTEM_NAME}_{InstanceId}/Processors/{GPU_PROC_NAME}_{InstanceId}/ProcessorMetrics
{Oem{Nvidia{TensorCoreActivityPercent}}}","2023.3
/redfish/v1/Systems/$SystemId/Processors/$ProcessorId/ProcessorMetrics
{Oem{Nvidia{TensorCoreActivityPercent}}}","{SystemId:{SystemType: Physical}, ProcessorId: {ProcessorType: GPU}}",GPU,,Y,ES,,,,"L0, R1","L1, R1",Not Supported
GPU-PCI-LINK-WIDTH-MAX,GPU,PCI-LINK-WIDTH-MAX,Decoder utilization (in %).,Specs,Uint64,"SMBPBI: (0x28,-,-): NVDEC Utilization | NSM: (0x3, 0x49)",NVML_GPM_METRIC_NVDEC_[0-7]_UTIL,nvidia_smi_log.gpu.utilization.decoder_util,DCGM_FI_PROF_NVDEC[0-7]_ACTIVE:[1017-1024],"2023.3
/redfish/v1/Systems/HGX_Baseboard_{InstanceId}/Processors/GPU_SXM_{InstanceId}/ProcessorMetrics
{Oem{Nvidia{NVDecInstanceUtilizationPercent}}}","2023.3
/redfish/v1/Systems/HGX_Baseboard_{InstanceId}/Processors/GPU_{InstanceId}/ProcessorMetrics
{Oem{Nvidia{NVDecInstanceUtilizationPercent}}}","2023.3
/redfish/v1/Systems/System_{InstanceId}/Processors/GPU_{InstanceId}/ProcessorMetrics
{Oem{Nvidia{NVDecInstanceUtilizationPercent}}}",,,busctl get-property  xyz.openbmc_project.NSM /xyz/openbmc_project/inventory/system/chassis/HGX_GPU_$gpuid/PCIeDevices/GPU_$gpuid xyz.openbmc_project.Inventory.Item.PCIeDevice MaxLanes,,NA,NA,NA,NA,Yes,Yes,Yes,Yes,Yes,Yes,Yes,NA,Yes,NA,Yes,Yes,Yes,NA,NA,,,Available,Yes,Disabled,10 Sec,30,"2023.3
/redfish/v1/Systems/{SYSTEM_NAME}_{InstanceId}/Processors/{GPU_PROC_NAME}_{InstanceId}/ProcessorMetrics
{Oem{Nvidia{NVDecInstanceUtilizationPercent}}}","2023.3
/redfish/v1/Systems/$SystemId/Processors/$ProcessorId/ProcessorMetrics
{Oem{Nvidia{NVDecInstanceUtilizationPercent}}}","{SystemId:{SystemType: Physical}, ProcessorId: {ProcessorType: GPU}}",,,Y,ES,,,,"L0, R1","L1, R1",Not Supported
GPU-ECC-SCHEME,GPU,ECC-SCHEME,Framebuffer memory free (in MiB).,Specs,string,NA,nvmlDeviceGetMemoryInfo,nvidia_smi_log.gpu.fb_memory_usage.free,DCGM_FI_DEV_FB_FREE:251,NA,NA,NA,,,busctl get-property  xyz.openbmc_project.NSM /xyz/openbmc_project/inventory/system/dimm/GPU_$gpuid_DRAM_0 xyz.openbmc_project.Inventory.Item.Dimm ECC,,NA,NA,NA,Yes,Yes,Yes,Yes,Yes,Yes,Yes,Yes,NA,Yes,NA,Yes,Yes,Yes,NA,Yes,Yes,,Available IB,Yes,No Impact,10 Sec,,NA,NA,,,,Y,ES Factory,,,,"L0, R1","L1, R1",NA
GPU-UTIL-ROWREMAP-BANK-COUNT-HIGH,GPU,UTIL-ROWREMAP-BANK-COUNT-HIGH,GPU utilization (in %).,Specs,Uint64,"SMBPBI: (0x28,-,-): Graphics Engine | NSM: (0x3, 0x49)",nvmlDeviceGetUtilizationRates,nvidia_smi_log.gpu.utilization.gpu_util,DCGM_FI_DEV_GPU_UTIL:203,"Future
/redfish/v1/Systems/HGX_Baseboard_{InstanceId}/Processors/GPU_SXM_{InstanceId}/ProcessorMetrics
{Oem{Nvidia{NVDecUtilizationPercent}}}","Future
/redfish/v1/Systems/HGX_Baseboard_{InstanceId}/Processors/GPU_{InstanceId}/ProcessorMetrics
{Oem{Nvidia{NVDecUtilizationPercent}}}","Future
/redfish/v1/Systems/System_{InstanceId}/Processors/GPU_{InstanceId}/ProcessorMetrics
{Oem{Nvidia{NVDecUtilizationPercent}}}",,,busctl get-property  xyz.openbmc_project.NSM /xyz/openbmc_project/inventory/system/dimm/GPU_$gpuid_DRAM_0 com.nvidia.MemoryRowRemapping HighRemappingAvailablityBankCount,,NA,NA,NA,Yes,Yes,Yes,Yes,Yes,Yes,Yes,Yes,NA,Yes,NA,Yes,Yes,Yes,NA,Yes,,,Available IB,Yes,Disabled,10 Sec,30,"Future
/redfish/v1/Systems/{SYSTEM_NAME}_{InstanceId}/Processors/{GPU_PROC_NAME}_{InstanceId}/ProcessorMetrics
{Oem{Nvidia{NVDecUtilizationPercent}}}","Future
/redfish/v1/Systems/$SystemId/Processors/$ProcessorId/ProcessorMetrics
{Oem{Nvidia{NVDecUtilizationPercent}}}","{SystemId:{SystemType: Physical}, ProcessorId: {ProcessorType: GPU}}",,,,,,,,L1,L1,NA
GPU-UTIL-ROWREMAP-BANK-COUNT-LOW,GPU,UTIL-ROWREMAP-BANK-COUNT-LOW,Energy Counter,Specs,Uint64,"SMBPBI: (0x22,unused,unused) |  NSM: (0x3, 0x06)","nvmlDeviceGetTotalEnergyConsumption/
NVML_FI_DEV_TOTAL_ENERGY_CONSUMPTION",NA,DCGM_FI_DEV_TOTAL_ENERGY_CONSUMPTION:156,"2021.1c
/redfish/v1/Chassis/HGX_GPU_SXM_{InstanceId}/Sensors/HGX_GPU_SXM_{InstanceId}_Energy_{InstanceId}
{Reading}","2021.1c
/redfish/v1/Chassis/HGX_GPU_{InstanceId}/Sensors/HGX_GPU_{InstanceId}_Energy_{InstanceId}
{Reading}","2021.1c
/redfish/v1/Chassis/GPU_{InstanceId}/Sensors/GPU_{InstanceId}_Energy_{InstanceId}
{Reading}",/redfish/v1/TelemetryService/MetricReports/HGX_PlatformEnvironmentMetrics_0,/redfish/v1/TelemetryService/MetricReports/PlatformEnvironmentMetrics_0,busctl get-property  xyz.openbmc_project.NSM /xyz/openbmc_project/inventory/system/dimm/GPU_$gpuid_DRAM_0 com.nvidia.MemoryRowRemapping LowRemappingAvailablityBankCount,,NA,NA,NA,Yes,Yes,Yes,Yes,Yes,Yes,Yes,Yes,NA,Yes,NA,Yes,Yes,Yes,NA,Yes,Yes,,Available,Yes,No Impact,,0.3,"2021.1c
/redfish/v1/Chassis/{GPU_CHAS_NAME}_{InstanceId}/Sensors/{GPU_SENS_NAME}_{InstanceId}_Energy_{InstanceId}
{Reading}","2021.1c
/redfish/v1/Chassis/$ChassisId/Sensors/$SensorId
{Reading}","{ChassisId: {Id_contains: {anyOf: [GPU], not: [RoT]}}, SensorId: {ReadingType: EnergyJoules}}",GPU,int(DCGMVal) / 1000,Y,ES Factory,,,,"L0, R1","L1, R1","RF:DCGM, nvoem"
GPU-UTIL-ROWREMAP-BANK-COUNT-MAX,GPU,UTIL-ROWREMAP-BANK-COUNT-MAX,The current memory power,Specs,Uint64,"SMBPBI: (0X04,[0x02],Unused) |  NSM: (0x3, 0x03)",NA,NA,NA,"2021.1c
/redfish/v1/Chassis/HGX_GPU_SXM_{InstanceId}/Sensors/HGX_GPU_SXM_{InstanceId}_DRAM_{InstanceId}_Power_0
{Reading}","2021.1c
/redfish/v1/Chassis/HGX_GPU_{InstanceId}/Sensors/HGX_GPU_{InstanceId}_DRAM_{InstanceId}_Power_0
{Reading}","2021.1c
/redfish/v1/Chassis/GPU_{InstanceId}/Sensors/GPU_{InstanceId}_DRAM_{InstanceId}_Power_0
{Reading}",/redfish/v1/TelemetryService/MetricReports/HGX_PlatformEnvironmentMetrics_0,/redfish/v1/TelemetryService/MetricReports/PlatformEnvironmentMetrics_0,busctl get-property  xyz.openbmc_project.NSM /xyz/openbmc_project/inventory/system/dimm/GPU_$gpuid_DRAM_0 com.nvidia.MemoryRowRemapping MaxRemappingAvailablityBankCount,,NA,NA,NA,Yes,Yes,Yes,Yes,Yes,Yes,Yes,Yes,NA,Yes,NA,Yes,Yes,Yes,NA,Yes,Yes,,Available OOB,Yes,No Impact,,0.3,"2021.1c
/redfish/v1/Chassis/{GPU_CHAS_NAME}_{InstanceId}/Sensors/{GPU_SENS_NAME}_{InstanceId}_DRAM_{InstanceId}_Power_0
{Reading}","2021.1c
/redfish/v1/Chassis/$ChassisId/Sensors/$SensorId
{Reading}","{ChassisId: {Id_contains: {anyOf: [GPU], not: [RoT]}}, SensorId: {ReadingType: Power, Id_Contains: DRAM}}",,,Y,ES Factory,,,,"L0, R1","L1, R1",NA
GPU-UTIL-ROWREMAP-BANK-COUNT-NONE,GPU,UTIL-ROWREMAP-BANK-COUNT-NONE,The current GPU power (each),Specs,Uint64,"SMBPBI: (0x04,[0x00],Unused) |  NSM: (0x3, 0x03)",nvmlDeviceGetPowerUsage,nvidia_smi_log.gpu.gpu_power_readings.power_draw | nvidia_smi_log.gpu.gpu_power_readings.instant_power_draw,DCGM_FI_DEV_POWER_USAGE:155,"2021.1c
/redfish/v1/Chassis/HGX_GPU_SXM_{InstanceId}/Sensors/HGX_GPU_SXM_{InstanceId}_Power_0
{Reading}","2021.1c
/redfish/v1/Chassis/HGX_GPU_{InstanceId}/Sensors/HGX_GPU_{InstanceId}_Power_0
{Reading}","2021.1c
/redfish/v1/Chassis/GPU_{InstanceId}/Sensors/GPU_{InstanceId}_Power_0
{Reading}",/redfish/v1/TelemetryService/MetricReports/HGX_PlatformEnvironmentMetrics_0,/redfish/v1/TelemetryService/MetricReports/PlatformEnvironmentMetrics_0,busctl get-property  xyz.openbmc_project.NSM /xyz/openbmc_project/inventory/system/dimm/GPU_$gpuid_DRAM_0 com.nvidia.MemoryRowRemapping NoRemappingAvailablityBankCount,,NA,NA,NA,Yes,Yes,Yes,Yes,Yes,Yes,Yes,Yes,NA,Yes,NA,Yes,Yes,Yes,NA,Yes,Yes,,Available,Yes,No Impact,,0.3,"2021.1c
/redfish/v1/Chassis/{GPU_CHAS_NAME}_{InstanceId}/Sensors/{GPU_SENS_NAME}_{InstanceId}_Power_0
{Reading}","2021.1c
/redfish/v1/Chassis/$ChassisId/Sensors/$SensorId
{Reading}","{ChassisId: {Id_contains: {anyOf: [GPU], not: [RoT]}}, SensorId: {ReadingType: Power, Id_Contains: {not: [DRAM]}}}",GPU,,Y,ES Factory,,,,"L0, R1","L1, R1",RF:DCGM
GPU-UTIL-ROWREMAP-BANK-COUNT-PARTIAL,GPU,UTIL-ROWREMAP-BANK-COUNT-PARTIAL,"Countdown in degrees Cel to the threshold at which the closest software slowdown mechanism will engage.
See https://partners.nvidia.com/DocumentDetails?DocID=1095822",Specs,Uint64,"SMBPBI: (0x02, 0x07, Unused) | NSM: (0x3, 0x0)",NA,nvidia_smi_log.gpu.temperature.gpu_temp_tlimit,NA,"2021.1f
/redfish/v1/Chassis/HGX_GPU_SXM_{InstanceId}/Sensors/HGX_GPU_SXM_{InstanceId}_TEMP_1
{Reading}","2021.1f
/redfish/v1/Chassis/HGX_GPU_{InstanceId}/Sensors/HGX_GPU_{InstanceId}_TEMP_1
{Reading}","2021.1f
/redfish/v1/Chassis/GPU_{InstanceId}/Sensors/GPU_{InstanceId}_Temp_1
{Reading}",/redfish/v1/TelemetryService/MetricReports/HGX_PlatformEnvironmentMetrics_0,,busctl get-property  xyz.openbmc_project.NSM /xyz/openbmc_project/inventory/system/dimm/GPU_$gpuid_DRAM_0 com.nvidia.MemoryRowRemapping PartialRemappingAvailablityBankCount,,NA,NA,NA,Yes,Yes,NA,Yes,Yes,Yes,Yes,Yes,NA,Yes,NA,Yes,Yes,Yes,NA,Yes,Yes,,Available OOB,No,Throttled,10 Sec,30,"2021.1f
/redfish/v1/Chassis/{GPU_CHAS_NAME}_{InstanceId}/Sensors/{GPU_SENS_NAME}_{InstanceId}_{TEMP_SENSOR_NAME}_1
{Reading}","2021.1f
/redfish/v1/Chassis/$ChassisId/Sensors/$SensorId
{Reading}","{ChassisId: {Id_contains: {anyOf: [GPU], not: [RoT]}}, SensorId: {ReadingType: Temperature, Implementation: Synthesized, Id_contains: {not: [DRAM]}}}",GPU,,Y,ES Factory,,,,"L0, R1","L1, R1",NA
GPU-ECC-SRAM-THRESHOLD-CROSSED,GPU,ECC-SRAM-THRESHOLD-CROSSED,Temperature of the GPU,Specs,Uint64,"SMBPBI: (0x02/03,00,unused) | NSM: (0x3, 0x0)",nvmlDeviceGetTemperature,nvidia_smi_log.gpu.temperature.gpu_temp,DCGM_FI_DEV_GPU_TEMP:150,"2021.1c
/redfish/v1/Chassis/HGX_GPU_SXM_{InstanceId}/Sensors/HGX_GPU_SXM_{InstanceId}_TEMP_0
{Reading}","2021.1c
/redfish/v1/Chassis/HGX_GPU_{InstanceId}/Sensors/HGX_GPU_{InstanceId}_TEMP_0
{Reading}","2021.1c
/redfish/v1/Chassis/GPU_{InstanceId}/Sensors/GPU_{InstanceId}_Temp_0
{Reading}",/redfish/v1/TelemetryService/MetricReports/HGX_PlatformEnvironmentMetrics_0,,busctl get-property  xyz.openbmc_project.NSM /xyz/openbmc_project/inventory/system/accelerator/GPU_$gpuid xyz.openbmc_project.Memory.MemoryECC isThresholdExceeded,,NA,NA,NA,Yes,Yes,NA,Yes,Yes,Yes,Yes,Yes,NA,Yes,NA,Yes,Yes,Yes,NA,Yes,Yes,,Available,No,Throttled,10 Sec,0.3,"2021.1c
/redfish/v1/Chassis/{GPU_CHAS_NAME}_{InstanceId}/Sensors/{GPU_SENS_NAME}_{InstanceId}_{TEMP_SENSOR_NAME}_0
{Reading}","2021.1c
/redfish/v1/Chassis/$ChassisId/Sensors/$SensorId
{Reading}","{ChassisId: {Id_contains: {anyOf: [GPU], not: [RoT]}}, SensorId: {ReadingType: Temperature, Implementation: {not: [Synthesized]}, Id_contains: {not: [DRAM]}}}",GPU,,Y,ES Factory,,,,"L0, R1","L1, R1",RF:DCGM
GPU-UTIL-FP16,GPU,UTIL-FP16,The current memory temperature,Specs,Double,"SMBPBI: (0x02, [0x05], Unused) | NSM: (0x3, 0x02)",nvmlDeviceGetTemperature,nvidia_smi_log.gpu.temperature.memory_temp,DCGM_FI_DEV_MEMORY_TEMP:140,"2021.1c
/redfish/v1/Chassis/HGX_GPU_SXM_{InstanceId}/Sensors/HGX_GPU_SXM_{InstanceId}_DRAM_{InstanceId}_Temp_0
{Reading}","2021.1c
/redfish/v1/Chassis/HGX_GPU_{InstanceId}/Sensors/HGX_GPU_{InstanceId}_DRAM_{InstanceId}_Temp_0
{Reading}","2021.1c
/redfish/v1/Chassis/GPU_{InstanceId}/Sensors/GPU_{InstanceId}_DRAM_{InstanceId}_Temp_0
{Reading}",/redfish/v1/TelemetryService/MetricReports/HGX_PlatformEnvironmentMetrics_0,,busctl get-property  xyz.openbmc_project.NSM /xyz/openbmc_project/inventory/system/accelerator/GPU_$gpuid com.nvidia.GPMMetrics FP16ActivityPercent,,NA,NA,NA,Yes,Yes,Yes,Yes,Yes,Yes,Yes,Yes,NA,Yes,NA,Yes,Yes,Yes,NA,Yes,Yes,,Available,No,Throttled,10 Sec,0.3,"2021.1c
/redfish/v1/Chassis/{GPU_CHAS_NAME}_{InstanceId}/Sensors/{GPU_SENS_NAME}_{InstanceId}_DRAM_{InstanceId}_Temp_0
{Reading}","2021.1c
/redfish/v1/Chassis/$ChassisId/Sensors/$SensorId
{Reading}","{ChassisId: {Id_contains: {anyOf: [GPU], not: [RoT]}}, SensorId: {ReadingType: Temperature, Id_Contains: DRAM}}",GPU,,Y,ES Factory,,,,"L0, R1","L1, R1",RF:DCGM
GPU-UTIL-FP32,GPU,UTIL-FP32,The core voltage of this processor in Volts,Specs,Double,"SMBPBI: (0x29, [0x01], Unused) | NSM: (0x3, 0x0F)",nvmlUnitGetPsuInfo,nvidia_smi_log.gpu.voltage.graphics_volt,NA,"2022.1e
/redfish/v1/Systems/HGX_Baseboard_{InstanceId}/Processors/GPU_SXM_{InstanceId}/ProcessorMetrics
{CoreVoltage{Reading}}","2022.1e
/redfish/v1/Systems/HGX_Baseboard_{InstanceId}/Processors/GPU_{InstanceId}/ProcessorMetrics
{CoreVoltage{Reading}}","2022.1e
/redfish/v1/Systems/System_{InstanceId}/Processors/GPU_{InstanceId}/ProcessorMetrics
{CoreVoltage{Reading}}",,,busctl get-property  xyz.openbmc_project.NSM /xyz/openbmc_project/inventory/system/accelerator/GPU_$gpuid com.nvidia.GPMMetrics FP32ActivityPercent,,NA,NA,NA,Yes,Yes,Yes,Yes,Yes,Yes,Yes,Yes,NA,Yes,NA,Yes,Yes,Yes,NA,Yes,Yes,,Available OOB,No,No Impact,10 Sec,30,"2022.1e
/redfish/v1/Systems/{SYSTEM_NAME}_{InstanceId}/Processors/{GPU_PROC_NAME}_{InstanceId}/ProcessorMetrics
{CoreVoltage{Reading}}","2022.1e
/redfish/v1/Systems/$SystemId/Processors/$ProcessorId/ProcessorMetrics
{CoreVoltage{Reading}}","{SystemId:{SystemType: Physical}, ProcessorId: {ProcessorType: GPU}}",GPU,,Y,ES Factory,,,,"L0, R1","L1, R1",NA
GPU-UTIL-FP64,GPU,UTIL-FP64,The lower bound of the total GPU power limit,Specs,Double,NA,NA,nvidia_smi_log.gpu.gpu_power_readings.min_power_limit,NA,"2021.1c
/redfish/v1/Chassis/HGX_GPU_SXM_{InstanceId}
{MinPowerWatts}","2021.1c
/redfish/v1/Chassis/HGX_GPU_{InstanceId}
{MinPowerWatts}","2021.1c
/redfish/v1/Chassis/GPU_{InstanceId}
{MinPowerWatts}",,,busctl get-property  xyz.openbmc_project.NSM /xyz/openbmc_project/inventory/system/accelerator/GPU_$gpuid com.nvidia.GPMMetrics FP64ActivityPercent,,,,,NA,NA,NA,NA,NA,NA,NA,NA,,Yes,NA,Yes,Yes,Yes,NA,NA,,,Available OOB,No,No Impact,10 Min,30,"2021.1c
/redfish/v1/Chassis/{GPU_CHAS_NAME}_{InstanceId}
{MinPowerWatts}","2021.1c
/redfish/v1/Chassis/$ChassisId
{MinPowerWatts}","{ChassisId: {Id_contains: {anyOf: [GPU], not: [RoT]}}}",GPU,,,ES,,,,L0,L1,NA
GPU-UTIL-SM-PERCENT,GPU,UTIL-SM-PERCENT,The upper bound of the total GPU power limit,Specs,Double,NA,NA,nvidia_smi_log.gpu.gpu_power_readings.max_power_limit,NA,"2021.1c
/redfish/v1/Chassis/HGX_GPU_SXM_{InstanceId}
{MaxPowerWatts}","2021.1c
/redfish/v1/Chassis/HGX_GPU_{InstanceId}
{MaxPowerWatts}","2021.1c
/redfish/v1/Chassis/GPU_{InstanceId}
{MaxPowerWatts}",,,busctl get-property  xyz.openbmc_project.NSM /xyz/openbmc_project/inventory/system/accelerator/GPU_$gpuid com.nvidia.GPMMetrics SMActivityPercent,,,,,NA,NA,NA,NA,NA,NA,NA,NA,,Yes,NA,Yes,Yes,Yes,NA,NA,,,Available OOB,No,No Impact,10 Min,30,"2021.1c
/redfish/v1/Chassis/{GPU_CHAS_NAME}_{InstanceId}
{MaxPowerWatts}","2021.1c
/redfish/v1/Chassis/$ChassisId
{MaxPowerWatts}","{ChassisId: {Id_contains: {anyOf: [GPU], not: [RoT]}}}",GPU,,,ES,,,,L0,L1,NA
GPU-UTIL-TENSOR-CORES,GPU,UTIL-TENSOR-CORES,"The type of memory device, e.g. DDR4/DDR5, HBM",Specs,Double,NA,NA,NA,NA,"2021.1c
/redfish/v1/Systems/HGX_Baseboard_{InstanceId}/Memory/GPU_SXM_{InstanceId}_DRAM_{InstanceId}
{MemoryDeviceType}","2021.1c
/redfish/v1/Systems/HGX_Baseboard_{InstanceId}/Memory/GPU_{InstanceId}_DRAM_{InstanceId}
{MemoryDeviceType}","2021.1c
/redfish/v1/Systems/System_{InstanceId}/Memory/GPU_{InstanceId}_DRAM_{InstanceId}
{MemoryDeviceType}",,,busctl get-property  xyz.openbmc_project.NSM /xyz/openbmc_project/inventory/system/accelerator/GPU_$gpuid com.nvidia.GPMMetrics TensorCoreActivityPercent,,NA,NA,NA,Yes,Yes,Yes,Yes,Yes,Yes,Yes,Yes,NA,Yes,NA,Yes,Yes,Yes,NA,Yes,Yes,,Available OOB,No,No Impact,10 Min,30,"2021.1c
/redfish/v1/Systems/{SYSTEM_NAME}_{InstanceId}/Memory/{GPU_MEM_NAME}_{InstanceId}_DRAM_{InstanceId}
{MemoryDeviceType}","2021.1c
/redfish/v1/Systems/$SystemId/Memory/$MemoryId
{MemoryDeviceType}","{SystemId:{SystemType: Physical}, MemoryId: {MemoryDeviceType: HBM}}",,,,ES,,,,"L0, R1","L1, R1",NA
GPU-NVLINK-STATUS[0],GPU,NVLINK-STATUS[0],Minimum Programmable Clock in KHz (Memory),Status,string,"SMBPBI: (0x1B, [0x01], [0x01])| NSM: (0x3, 0xC)",nvmlDeviceGetSupportedMemoryClocks,nvidia_smi_log.gpu.supported_clocks.supported_mem_clock,NA,"2021.1c
/redfish/v1/Systems/HGX_Baseboard_{InstanceId}/Memory/GPU_SXM_{InstanceId}_DRAM_{InstanceId}
{AllowedSpeedsMHz[0]}","2021.1c
/redfish/v1/Systems/HGX_Baseboard_{InstanceId}/Memory/GPU_{InstanceId}_DRAM_{InstanceId}
{AllowedSpeedsMHz[0]}","2021.1c
/redfish/v1/Systems/System_{InstanceId}/Memory/GPU_{InstanceId}_DRAM_{InstanceId}
{AllowedSpeedsMHz[0]}",,,busctl get-property  xyz.openbmc_project.NSM /xyz/openbmc_project/inventory/system/accelerator/GPU_$gpuid/Ports/NVLink_[gpu_nvlinkid] xyz.openbmc_project.Inventory.Decorator.PortState LinkStatus,"""nsmd_HGX_ProcessorPortMetrics_0""",NA,NA,NA,Yes,Yes,Yes,Yes,Yes,Yes,Yes,Yes,NA,Yes,NA,Yes,Yes,Yes,NA,Yes,Yes,,Available,No,No Impact,10 Min,30,"2021.1c
/redfish/v1/Systems/{SYSTEM_NAME}_{InstanceId}/Memory/{GPU_MEM_NAME}_{InstanceId}_DRAM_{InstanceId}
{AllowedSpeedsMHz[0]}","2021.1c
/redfish/v1/Systems/$SystemId/Memory/$MemoryId
{AllowedSpeedsMHz[0]}","{SystemId:{SystemType: Physical}, MemoryId: {MemoryDeviceType: HBM}}",,,,ES,,,,"L0, R1","L1, R1",NA
GPU-NVLINK-SUBLINK-WIDTH-RX[0],GPU,NVLINK-SUBLINK-WIDTH-RX[0],Minimum Programmable Clock in KHz (Streaming Multiprocessor),Status,Uint64,"SMBPBI: (0x1B, [0x01], [0x00])| NSM: (0x3, 0x0C)",nvmlDeviceGetSupportedGraphicsClocks,nvidia_smi_log.gpu.supported_clocks.supported_mem_clock.supported_graphics_clock,NA,"2021.1c
/redfish/v1/Systems/HGX_Baseboard_{InstanceId}/Processors/GPU_SXM_{InstanceId}
{MinSpeedMHz}","2021.1c
/redfish/v1/Systems/HGX_Baseboard_{InstanceId}/Processors/GPU_{InstanceId}
{MinSpeedMHz}","2021.1c
/redfish/v1/Systems/System_{InstanceId}/Processors/GPU_{InstanceId}
{MinSpeedMHz}",,,busctl get-property  xyz.openbmc_project.NSM /xyz/openbmc_project/inventory/system/accelerator/GPU_$gpuid/Ports/NVLink_[gpu_nvlinkid] xyz.openbmc_project.Metrics.PortMetricsOem3 RXWidth,"""nsmd_HGX_ProcessorPortMetrics_0""",NA,NA,NA,Yes,Yes,Yes,Yes,Yes,Yes,Yes,Yes,NA,Yes,NA,Yes,Yes,Yes,NA,Yes,Yes,,Available,No,No Impact,10 Min,30,"2021.1c
/redfish/v1/Systems/{SYSTEM_NAME}_{InstanceId}/Processors/{GPU_PROC_NAME}_{InstanceId}
{MinSpeedMHz}","2021.1c
/redfish/v1/Systems/$SystemId/Processors/$ProcessorId
{MinSpeedMHz}","{SystemId:{SystemType: Physical}, ProcessorId: {ProcessorType: GPU}}",GPU,,,ES,,,,"L0, R1","L1, R1",NA
GPU-NVLINK-SUBLINK-WIDTH-TX[0],GPU,NVLINK-SUBLINK-WIDTH-TX[0],Maximum Programmable Clock in KHz (Streaming Multiprocessor),Status,Uint64,"SMBPBI: (0x1B, [0x02], [0x00])| NSM: (0x3, 0x0C)",nvmlDeviceGetMaxClockInfo,nvidia_smi_log.gpu.max_clocks.sm_clock,DCGM_FI_DEV_MAX_SM_CLOCK:113,"2021.1c
/redfish/v1/Systems/HGX_Baseboard_{InstanceId}/Processors/GPU_SXM_{InstanceId}
{MaxSpeedMHz}","2021.1c
/redfish/v1/Systems/HGX_Baseboard_{InstanceId}/Processors/GPU_{InstanceId}
{MaxSpeedMHz}","2021.1c
/redfish/v1/Systems/System_{InstanceId}/Processors/GPU_{InstanceId}
{MaxSpeedMHz}",,,busctl get-property  xyz.openbmc_project.NSM /xyz/openbmc_project/inventory/system/accelerator/GPU_$gpuid/Ports/NVLink_[gpu_nvlinkid] xyz.openbmc_project.Metrics.PortMetricsOem3 TXWidth,"""nsmd_HGX_ProcessorPortMetrics_0""",NA,NA,NA,Yes,Yes,Yes,Yes,Yes,Yes,Yes,Yes,NA,Yes,NA,Yes,Yes,Yes,NA,Yes,Yes,,Available,No,No Impact,10 Min,30,"2021.1c
/redfish/v1/Systems/{SYSTEM_NAME}_{InstanceId}/Processors/{GPU_PROC_NAME}_{InstanceId}
{MaxSpeedMHz}","2021.1c
/redfish/v1/Systems/$SystemId/Processors/$ProcessorId
{MaxSpeedMHz}","{SystemId:{SystemType: Physical}, ProcessorId: {ProcessorType: GPU}}",GPU,,,ES,,,,"L0, R1","L1, R1",RF:DCGM
GPU-ECC-MODE-PENDING,GPU,ECC-MODE-PENDING,Total GPU Power limit (in hexadecimal milliwatts) as defined in HW spec.,Status,Uint64,"SMBPBI: (0x05, [0x14], [0x00]) | NSM: (0x3, 0x07)",nvmlDeviceGetPowerManagementLimit,nvidia_smi_log.gpu.gpu_power_readings.current_power_limit,DCGM_FI_DEV_POWER_MGMT_LIMIT:160,"2021.1d
/redfish/v1/Systems/HGX_Baseboard_{InstanceId}/Processors/GPU_SXM_{InstanceId}/EnvironmentMetrics
{PowerLimitWatts{SetPoint}}","2021.1d
/redfish/v1/Systems/HGX_Baseboard_{InstanceId}/Processors/GPU_{InstanceId}/EnvironmentMetrics
{PowerLimitWatts{SetPoint}}","2021.1d
/redfish/v1/Systems/System_{InstanceId}/Processors/GPU_{InstanceId}/EnvironmentMetrics
{PowerLimitWatts{SetPoint}}",,,busctl get-property  xyz.openbmc_project.NSM /xyz/openbmc_project/inventory/system/accelerator/GPU_$gpuid xyz.openbmc_project.Memory.MemoryECC PendingECCState,"""nsmd_HGX_ProcessorMetrics_0""",NA,NA,NA,Yes,Yes,Yes,Yes,Yes,Yes,Yes,Yes,NA,Yes,NA,Yes,Yes,Yes,NA,Yes,Yes,,Available,No,No Impact,10 Min,30,"2021.1d
/redfish/v1/Systems/{SYSTEM_NAME}_{InstanceId}/Processors/{GPU_PROC_NAME}_{InstanceId}/EnvironmentMetrics
{PowerLimitWatts{SetPoint}}","2021.1d
/redfish/v1/Systems/$SystemId/Processors/$ProcessorId/EnvironmentMetrics
{PowerLimitWatts{SetPoint}}","{SystemId:{SystemType: Physical}, ProcessorId: {ProcessorType: GPU}}",GPU,,,ES,,,,"L0, R1","L1, R1","RF:DCGM, nvoem"
GPU-ROW-REMAP-PENDING,GPU,ROW-REMAP-PENDING,Total number of NVLink Links,Status,Uint64,"SMBPBI: (0x1A, 00h, unused)",NVML_FI_DEV_NVLINK_LINK_COUNT,NA,NA,"2021.1d
/redfish/v1/Systems/HGX_Baseboard_{InstanceId}/Processors/GPU_SXM_{InstanceId}/Ports
{Members@odata.count}","2021.1d
/redfish/v1/Systems/HGX_Baseboard_{InstanceId}/Processors/GPU_{InstanceId}/Ports
{Members@odata.count}","2021.1d
/redfish/v1/Systems/System_{InstanceId}/Processors/GPU_{InstanceId}/Ports
{Members@odata.count}",,,busctl get-property  xyz.openbmc_project.NSM /xyz/openbmc_project/inventory/system/dimm/GPU_$gpuid_DRAM_0 com.nvidia.MemoryRowRemapping RowRemappingPendingState,"""nsmd_HGX_ProcessorMetrics_0""",NA,NA,NA,Yes,Yes,Yes,Yes,Yes,Yes,Yes,Yes,NA,NA,NA,Yes,NA,Yes,NA,Yes,NA,,Available,No,No Impact,10 Min,,"2021.1d
/redfish/v1/Systems/{SYSTEM_NAME}_{InstanceId}/Processors/{GPU_PROC_NAME}_{InstanceId}/Ports
{Members@odata.count}","2021.1d
/redfish/v1/Systems/$SystemId/Processors/$ProcessorId/Ports
{Members@odata.count}","{SystemId:{SystemType: Physical}, ProcessorId: {ProcessorType: GPU}}",,,,,,,,L1,L1,NA
GPU-PCI-LINK-SPEED-CURR,GPU,PCI-LINK-SPEED-CURR,Maximum Programmable Clock in KHz (Memory),Status,String,"SMBPBI: (0x1B, [0x02], [0x01]) | NSM: (0x3, 0x011)",nvmlDeviceGetMaxClockInfo,nvidia_smi_log.gpu.max_clocks.mem_clock,DCGM_FI_DEV_MAX_MEM_CLOCK:114,"2021.1c
/redfish/v1/Systems/HGX_Baseboard_{InstanceId}/Memory/GPU_SXM_{InstanceId}_DRAM_{InstanceId}
{AllowedSpeedsMHz[1]}","2021.1c
/redfish/v1/Systems/HGX_Baseboard_{InstanceId}/Memory/GPU_{InstanceId}_DRAM_{InstanceId}
{AllowedSpeedsMHz[1]}","2021.1c
/redfish/v1/Systems/System_{InstanceId}/Memory/GPU_{InstanceId}_DRAM_{InstanceId}
{AllowedSpeedsMHz[1]}",,,busctl get-property  xyz.openbmc_project.NSM /xyz/openbmc_project/inventory/system/chassis/HGX_GPU_$gpuid/PCIeDevices/GPU_$gpuid xyz.openbmc_project.Inventory.Item.PCIeDevice PCIeType,,NA,NA,NA,Yes,Yes,Yes,Yes,Yes,Yes,Yes,Yes,NA,Yes,NA,Yes,Yes,Yes,NA,Yes,Yes,,Available,No,No Impact,10 Min,30,"2021.1c
/redfish/v1/Systems/{SYSTEM_NAME}_{InstanceId}/Memory/{GPU_MEM_NAME}_{InstanceId}_DRAM_{InstanceId}
{AllowedSpeedsMHz[1]}","2021.1c
/redfish/v1/Systems/$SystemId/Memory/$MemoryId
{AllowedSpeedsMHz[1]}","{SystemId:{SystemType: Physical}, MemoryId: {MemoryDeviceType: HBM}}",,,,ES,,,,"L0, R1","L1, R1",RF:DCGM
GPU-MIG-MODE-CURR,GPU,MIG-MODE-CURR,Maximum PCIe link speed supported,Status,Uint64,"SMBPBI: (0x05, [0x12], [0x00]) | NSM: (0x2, 0x4)",nvmlDeviceGetMaxPcieLinkGeneration,nvidia_smi_log.gpu.pci.pci_gpu_link_info.pcie_gen.max_link_gen,DCGM_FI_DEV_PCIE_MAX_LINK_GEN:235,"2021.1c
/redfish/v1/Chassis/HGX_GPU_SXM_{InstanceId}/PCIeDevices/GPU_SXM_{InstanceId}
{PCIeInterface{MaxPCIeType}}","2021.1c
/redfish/v1/Chassis/HGX_GPU_{InstanceId}/PCIeDevices/GPU_{InstanceId}
{PCIeInterface{MaxPCIeType}}","2021.1c
/redfish/v1/Chassis/GPU_{InstanceId}/PCIeDevices/GPU_{InstanceId}
{PCIeInterface{MaxPCIeType}}",,,busctl get-property  xyz.openbmc_project.NSM /xyz/openbmc_project/inventory/system/accelerator/GPU_$gpuid com.nvidia.MigMode MIGModeEnabled,"""nsmd_HGX_ProcessorMetrics_0""",NA,NA,NA,Yes,Yes,Yes,Yes,Yes,Yes,Yes,Yes,NA,Yes,NA,Yes,Yes,Yes,NA,Yes,Yes,,Available,No,No Impact,10 Min,30,"2021.1c
/redfish/v1/Chassis/{GPU_CHAS_NAME}_{InstanceId}/PCIeDevices/{GPU_PCIED_NAME}_{InstanceId}
{PCIeInterface{MaxPCIeType}}","2021.1c
/redfish/v1/Chassis/$ChassisId/PCIeDevices/$PCIeId
{PCIeInterface{MaxPCIeType}}","{ChassisId: {Id_contains: {anyOf: [GPU], not: [RoT]}}, PCIeId: {DeviceType: all}}",,"{""5"": ""Gen5"", ""4"": ""Gen4"", ""3"": ""Gen3"", ""2"": ""Gen2"", ""1"": ""Gen1""}",,ES,,,,"L0, R1","L1, R1",RF:DCGM
GPU-MIG-MODE-PENDING,GPU,MIG-MODE-PENDING,NVLink Global Capabilities,Status,Uint64,"SMBPBI: Future:  (0x1A, TBD, unused)",nvmlDeviceGetNvLinkCapability,,NA,GAP in Schema,GAP in Schema,GAP in Schema,,,busctl get-property  xyz.openbmc_project.NSM /xyz/openbmc_project/inventory/system/accelerator/GPU_$gpuid com.nvidia.MigMode PendingMIGState,"""nsmd_HGX_ProcessorMetrics_0""",NA,NA,NA,Yes,Yes,Yes,?,?,?,?,?,NA,?,NA,?,?,?,NA,Yes,,,Available IB,,No Impact,10 Min,,GAP in Schema,GAP in Schema,,,,,QS,,,,L1,L1,NA
GPU-HEALTH,GPU,HEALTH,The lower bound of individual GPU power limit user can choose.,Status,String,"2021.1c
/redfish/v1/Chassis/{GPU_CHAS_NAME}_{InstanceId}
{PartNumber} | NSM: (0x3, 0xC)",nvmlDeviceGetPowerManagementLimitConstraints,nvidia_smi_log.gpu.gpu_power_readings.min_power_limit,DCGM_FI_DEV_POWER_MGMT_LIMIT_MIN:161,"2021.1d
/redfish/v1/Systems/HGX_Baseboard_{InstanceId}/Processors/GPU_SXM_{InstanceId}/EnvironmentMetrics
{PowerLimitWatts{AllowableMin}}","2021.1d
/redfish/v1/Systems/HGX_Baseboard_{InstanceId}/Processors/GPU_{InstanceId}/EnvironmentMetrics
{PowerLimitWatts{AllowableMin}}","2021.1d
/redfish/v1/Systems/System_{InstanceId}/Processors/GPU_{InstanceId}/EnvironmentMetrics
{PowerLimitWatts{AllowableMin}}",,,busctl get-property  xyz.openbmc_project.NSM /xyz/openbmc_project/inventory/system/accelerator/GPU_$gpuid xyz.openbmc_project.State.Decorator.Health Health,"""nsmd_HGX_ProcessorMetrics_0""",NA,NA,NA,Yes,Yes,Yes,Yes,Yes,Yes,Yes,Yes,NA,Yes,NA,Yes,Yes,Yes,NA,Yes,Yes,,Available,Yes,No Impact,10 Min,30,"2021.1d
/redfish/v1/Systems/{SYSTEM_NAME}_{InstanceId}/Processors/{GPU_PROC_NAME}_{InstanceId}/EnvironmentMetrics
{PowerLimitWatts{AllowableMin}}","2021.1d
/redfish/v1/Systems/$SystemId/Processors/$ProcessorId/EnvironmentMetrics
{PowerLimitWatts{AllowableMin}}","{SystemId:{SystemType: Physical}, ProcessorId: {ProcessorType: GPU}}",GPU,,,ES,,,,"L0, R1","L1, R1",RF:DCGM
GPU-DRVR-STATE,GPU,DRVR-STATE,The upper bound of individual GPU power limit user can choose.,Status,string,"SMBPBI: (0x10,[0x02],Unused): limitMax | NSM: (0x3, 0xC)",nvmlDeviceGetPowerManagementLimitConstraints,nvidia_smi_log.gpu.gpu_power_readings.max_power_limit,DCGM_FI_DEV_POWER_MGMT_LIMIT_MAX:162,"2021.1d
/redfish/v1/Systems/HGX_Baseboard_{InstanceId}/Processors/GPU_SXM_{InstanceId}/EnvironmentMetrics
{PowerLimitWatts{AllowableMax}}","2021.1d
/redfish/v1/Systems/HGX_Baseboard_{InstanceId}/Processors/GPU_{InstanceId}/EnvironmentMetrics
{PowerLimitWatts{AllowableMax}}","2021.1d
/redfish/v1/Systems/System_{InstanceId}/Processors/GPU_{InstanceId}/EnvironmentMetrics
{PowerLimitWatts{AllowableMax}}",,,busctl get-property  xyz.openbmc_project.NSM /xyz/openbmc_project/inventory_software/HGX_Driver_GPU_$gpuid xyz.openbmc_project.State.Decorator.OperationalStatus State,"""nsmd_HGX_ProcessorMetrics_0""",NA,NA,NA,Yes,Yes,Yes,Yes,Yes,Yes,Yes,Yes,NA,Yes,NA,Yes,Yes,Yes,NA,Yes,Yes,,Available,Yes,No Impact,10 Min,30,"2021.1d
/redfish/v1/Systems/{SYSTEM_NAME}_{InstanceId}/Processors/{GPU_PROC_NAME}_{InstanceId}/EnvironmentMetrics
{PowerLimitWatts{AllowableMax}}","2021.1d
/redfish/v1/Systems/$SystemId/Processors/$ProcessorId/EnvironmentMetrics
{PowerLimitWatts{AllowableMax}}","{SystemId:{SystemType: Physical}, ProcessorId: {ProcessorType: GPU}}",GPU,,,ES,,,,"L0, R1","L1, R1",RF:DCGM
GPU-LinkErrorRecoveryCounter,GPU,LinkErrorRecoveryCounter,The maximum allowable operating temperature for memory,Status,Uint64,NA.  Refer to product Thermal Specification for static value,nvmlDeviceGetTemperatureThreshold,nvidia_smi_log.gpu.temperature.gpu_temp_max_mem_tlimit_threshold,DCGM_FI_DEV_MEM_MAX_OP_TEMP:151,"2021.1c
/redfish/v1/Chassis/HGX_GPU_SXM_{InstanceId}/Sensors/HGX_GPU_SXM_{InstanceId}_DRAM_{InstanceId}_Temp_{InstanceId}
{Thresholds{UpperCritical{Reading}}}","2021.1c
/redfish/v1/Chassis/HGX_GPU_{InstanceId}/Sensors/HGX_GPU_{InstanceId}_DRAM_{InstanceId}_Temp_{InstanceId}
{Thresholds{UpperCritical{Reading}}}","2021.1c
/redfish/v1/Chassis/GPU_{InstanceId}/Sensors/GPU_{InstanceId}_DRAM_{InstanceId}_Temp_{InstanceId}
{Thresholds{UpperCritical{Reading}}}",,,busctl get-property  xyz.openbmc_project.NSM /xyz/openbmc_project/inventory/system/accelerator/GPU_$gpuid/Ports/NVLink_[gpu_nvlinkid] xyz.openbmc_project.Metrics.IBPort LinkErrorRecoveryCounter,"""nsmd_HGX_ProcessorPortMetrics_0""",NA,NA,NA,Yes,Yes,Yes,Yes,Yes,Yes,Yes,Yes,NA,Yes,NA,Yes,Yes,Yes,NA,Yes,Yes,,Available,Yes,No Impact,10 Min,30,"2021.1c
/redfish/v1/Chassis/{GPU_CHAS_NAME}_{InstanceId}/Sensors/{GPU_SENS_NAME}_{InstanceId}_DRAM_{InstanceId}_Temp_{InstanceId}
{Thresholds{UpperCritical{Reading}}}","2021.1c
/redfish/v1/Chassis/$ChassisId/Sensors/$SensorId
{Thresholds{UpperCritical{Reading}}}","{ChassisId: {Id_contains: {anyOf: [GPU], not: [RoT]}}, SensorId: {ReadingType: Temperature, Id_contains: DRAM}}",,,,ES,,,,"L0, R1","L1, R1","RF:DCGM, nvoem"
GPU-PORT-RCV-DATA,GPU,PORT-RCV-DATA,Maximum PCIe link width supported,Status,Uint64,"SMBPBI: (0x05, [0x13], [0x00]) | NSM: (0x2, 0x4)",nvmlDeviceGetMaxPcieLinkWidth,nvidia_smi_log.gpu.pci.pci_gpu_link_info.link_widths.max_link_width,DCGM_FI_DEV_PCIE_MAX_LINK_WIDTH:236,"2021.1c
/redfish/v1/Chassis/HGX_GPU_SXM_{InstanceId}/PCIeDevices/GPU_SXM_{InstanceId}
{PCIeInterface{MaxLanes}}","2021.1c
/redfish/v1/Chassis/HGX_GPU_{InstanceId}/PCIeDevices/GPU_{InstanceId}
{PCIeInterface{MaxLanes}}","2021.1c
/redfish/v1/Chassis/GPU_{InstanceId}/PCIeDevices/GPU_{InstanceId}
{PCIeInterface{MaxLanes}}",/redfish/v1/TelemetryService/MetricReports/HGX_ProcessorMetrics_0,/redfish/v1/TelemetryService/MetricReports/ProcessorMetrics_0,busctl get-property  xyz.openbmc_project.NSM /xyz/openbmc_project/inventory/system/accelerator/GPU_$gpuid/Ports/NVLink_[gpu_nvlinkid] xyz.openbmc_project.Metrics.PortMetricsOem2 RXBytes,"""nsmd_HGX_ProcessorPortMetrics_0""",NA,NA,NA,Yes,Yes,Yes,Yes,Yes,Yes,Yes,Yes,NA,Yes,NA,Yes,Yes,Yes,NA,Yes,Yes,,Available,No,No Impact,10 Min,30,"2021.1c
/redfish/v1/Chassis/{GPU_CHAS_NAME}_{InstanceId}/PCIeDevices/{GPU_PCIED_NAME}_{InstanceId}
{PCIeInterface{MaxLanes}}","2021.1c
/redfish/v1/Chassis/$ChassisId/PCIeDevices/$PCIeId
{PCIeInterface{MaxLanes}}","{ChassisId: {Id_contains: {anyOf: [GPU], not: [RoT]}}, PCIeId: {DeviceType: all}}",,,,ES,,,,"L0, R1","L1, R1",RF:DCGM
GPU-PORT-RCV-PKTS,GPU,PORT-RCV-PKTS,The default value for the total GPU power limit.,Status,Uint64,"SMBPBI: (0x10,[0x02],Unused): limitDefault | NSM: (0x3, 0xC)",nvmlDeviceGetPowerManagementDefaultLimit,nvidia_smi_log.gpu.gpu_power_readings.default_power_limit,DCGM_FI_DEV_POWER_MGMT_LIMIT_DEF:163,"2021.1d
/redfish/v1/Systems/HGX_Baseboard_{InstanceId}/Processors/GPU_SXM_{InstanceId}/EnvironmentMetrics
{PowerLimitWatts{DefaultSetPoint}}","2021.1d
/redfish/v1/Systems/HGX_Baseboard_{InstanceId}/Processors/GPU_{InstanceId}/EnvironmentMetrics
{PowerLimitWatts{DefaultSetPoint}}","2021.1d
/redfish/v1/Systems/System_{InstanceId}/Processors/GPU_{InstanceId}/EnvironmentMetrics
{PowerLimitWatts{DefaultSetPoint}}",,,busctl get-property  xyz.openbmc_project.NSM /xyz/openbmc_project/inventory/system/accelerator/GPU_$gpuid/Ports/NVLink_[gpu_nvlinkid] xyz.openbmc_project.Metrics.IBPort RXPkts,"""nsmd_HGX_ProcessorPortMetrics_0""",NA,NA,NA,Yes,Yes,Yes,Yes,Yes,Yes,Yes,Yes,NA,Yes,NA,Yes,Yes,Yes,NA,Yes,Yes,,Available,Yes,No Impact,10 Min,30,"2021.1d
/redfish/v1/Systems/{SYSTEM_NAME}_{InstanceId}/Processors/{GPU_PROC_NAME}_{InstanceId}/EnvironmentMetrics
{PowerLimitWatts{DefaultSetPoint}}","2021.1d
/redfish/v1/Systems/$SystemId/Processors/$ProcessorId/EnvironmentMetrics
{PowerLimitWatts{DefaultSetPoint}}","{SystemId:{SystemType: Physical}, ProcessorId: {ProcessorType: GPU}}",GPU,,,ES,,,,"L0, R1","L1, R1",RF:DCGM
GPU-PORT-XMIT-DATA-VL15,GPU,PORT-XMIT-DATA-VL15,Total size of memory (DRAM),Status,Uint64,"NSM: (0x3, 0xC)",nvmlDeviceGetMemoryInfo,nvidia_smi_log.gpu.fb_memory_usage.total,DCGM_FI_DEV_FB_TOTAL:250,"2021.1c
/redfish/v1/Systems/HGX_Baseboard_{InstanceId}/Memory/GPU_SXM_{InstanceId}_DRAM_{InstanceId}
{CapacityMiB}","2021.1c
/redfish/v1/Systems/HGX_Baseboard_{InstanceId}/Memory/GPU_{InstanceId}_DRAM_{InstanceId}
{CapacityMiB}","2021.1c
/redfish/v1/Systems/System_{InstanceId}/Memory/GPU_{InstanceId}_DRAM_{InstanceId}
{CapacityMiB}",,,busctl get-property  xyz.openbmc_project.NSM /xyz/openbmc_project/inventory/system/accelerator/GPU_$gpuid/Ports/NVLink_[gpu_nvlinkid] xyz.openbmc_project.Metrics.IBPort VL15TXData,"""nsmd_HGX_ProcessorPortMetrics_0""",NA,NA,NA,Yes,Yes,Yes,Yes,Yes,Yes,Yes,Yes,NA,NA,NA,NA,Yes,Yes,NA,Yes,Yes,,Available,No,No Impact,10 Min,30,"2021.1c
/redfish/v1/Systems/{SYSTEM_NAME}_{InstanceId}/Memory/{GPU_MEM_NAME}_{InstanceId}_DRAM_{InstanceId}
{CapacityMiB}","2021.1c
/redfish/v1/Systems/$SystemId/Memory/$MemoryId
{CapacityMiB}","{SystemId:{SystemType: Physical}, MemoryId: {MemoryDeviceType: HBM}}",,,,ES,,,,"L0, R1","L1, R1",RF:DCGM
GPU-PORT-XMIT-PKTS,GPU,PORT-XMIT-PKTS,"The supported error correction scheme, e.g. SingleBitECC or DoubleBitECC",Status,Uint64,NA,NA,NA,NA,"2021.1c
/redfish/v1/Systems/HGX_Baseboard_{InstanceId}/Memory/GPU_SXM_{InstanceId}_DRAM_{InstanceId}
{ErrorCorrection}","2021.1c
/redfish/v1/Systems/HGX_Baseboard_{InstanceId}/Memory/GPU_{InstanceId}_DRAM_{InstanceId}
{ErrorCorrection}","2021.1c
/redfish/v1/Systems/System_{InstanceId}/Memory/GPU_{InstanceId}_DRAM_{InstanceId}
{ErrorCorrection}",,,busctl get-property  xyz.openbmc_project.NSM /xyz/openbmc_project/inventory/system/accelerator/GPU_$gpuid/Ports/NVLink_[gpu_nvlinkid] xyz.openbmc_project.Metrics.IBPort TXPkts,"""nsmd_HGX_ProcessorPortMetrics_0""",NA,NA,NA,Yes,Yes,Yes,Yes,Yes,Yes,Yes,Yes,NA,Yes,NA,Yes,Yes,Yes,NA,Yes,Yes,,Available OOB,No,No Impact,10 Min,30,"2021.1c
/redfish/v1/Systems/{SYSTEM_NAME}_{InstanceId}/Memory/{GPU_MEM_NAME}_{InstanceId}_DRAM_{InstanceId}
{ErrorCorrection}","2021.1c
/redfish/v1/Systems/$SystemId/Memory/$MemoryId
{ErrorCorrection}","{SystemId:{SystemType: Physical}, MemoryId: {MemoryDeviceType: HBM}}",,,,ES,,,,"L0, R1","L1, R1",NA
GPU-EFFECTIVE-BER,GPU,EFFECTIVE-BER,Flag indicating if the SRAM has exceeded the threshold of ECC errors and warrants running FieldDiags,Link-Quality,Integer,"SMBPBI: (0x1E, [0x02], [0x00])",nvmlDeviceGetSramEccErrorStatus,nvidia_smi_log.gpu.ecc_errors.aggregate.sram_threshold_exceeded,,"2024.1a
/redfish/v1/Systems/HGX_Baseboard_{InstanceId}/Processors/GPU_SXM_{InstanceId}/ProcessorMetrics
{Oem{Nvidia{SRAMECCErrorThresholdExceeded}}","2024.1a
/redfish/v1/Systems/HGX_Baseboard_{InstanceId}/Processors/GPU_{InstanceId}/ProcessorMetrics
{Oem{Nvidia{SRAMECCErrorThresholdExceeded}}","2024.1a
/redfish/v1/Systems/System_{InstanceId}/Processors/GPU_{InstanceId}/ProcessorMetrics
{Oem{Nvidia{SRAMECCErrorThresholdExceeded}}",,,busctl get-property  xyz.openbmc_project.NSM /xyz/openbmc_project/inventory/system/accelerator/GPU_$gpuid/Ports/NVLink_[gpu_nvlinkid] xyz.openbmc_project.Metrics.IBPort BitErrorRate,,NA,NA,NA,Yes,Yes,Yes,Yes,Yes,Yes,Yes,Yes,NA,,,,,,,,,,Available,,,1 Hr,,"2024.1a
/redfish/v1/Systems/{SYSTEM_NAME}_{InstanceId}/Processors/{GPU_PROC_NAME}_{InstanceId}/ProcessorMetrics
{Oem{Nvidia{SRAMECCErrorThresholdExceeded}}",,,,,,,,,,L1,L1,NA
GPU-LINK-DOWNED-COUNTER,GPU,LINK-DOWNED-COUNTER,The maximum speed of which this port is capable,Link-Quality,Integer,"SMBPBI: (0x1A, [0x02], Unused) | NSM: (0x1, 0x42)",NA,NA,NA,"2021.1d
/redfish/v1/Systems/HGX_Baseboard_{InstanceId}/Processors/GPU_SXM_{InstanceId}/Ports/NVLink_{InstanceId}
{MaxSpeedGbps}","2021.1d
/redfish/v1/Systems/HGX_Baseboard_{InstanceId}/Processors/GPU_{InstanceId}/Ports/NVLink_{InstanceId}
{MaxSpeedGbps}","2021.1d
/redfish/v1/Systems/System_{InstanceId}/Processors/GPU_{InstanceId}/Ports/NVLink_{InstanceId}
{MaxSpeedGbps}",,,busctl get-property  xyz.openbmc_project.NSM /xyz/openbmc_project/inventory/system/accelerator/GPU_$gpuid/Ports/NVLink_[gpu_nvlinkid] xyz.openbmc_project.Metrics.IBPort LinkDownCount,,NA,NA,NA,Yes,Yes,Yes,Yes,Yes,Yes,Yes,Yes,NA,NA,NA,Yes,NA,Yes,NA,Yes,NA,,Available OOB,Yes,No Impact,10 Min,30,"2021.1d
/redfish/v1/Systems/{SYSTEM_NAME}_{InstanceId}/Processors/{GPU_PROC_NAME}_{InstanceId}/Ports/NVLink_{InstanceId}
{MaxSpeedGbps}","2021.1d
/redfish/v1/Systems/$SystemId/Processors/$ProcessorId/Ports/$PortId
{MaxSpeedGbps}","{SystemId:{SystemType: Physical}, ProcessorId: {ProcessorType: GPU}, PortId: {PortProtocol: NVLink, Id_contains: NVLink}}",GPU[NVLink],,,ES,,,,"L0, R1","L1, R1",NA
BASEBOARD-CHAS-TYPE,Baseboard,CHAS-TYPE,Nvlink Status,Inventory,string,"SMBPBI: (0x1A, [0x01], Unused), (0x1A, [0x07], Unused); extended data for Arg1 = 0x07 |NSM : {0x01 0x43}","NVML_FI_DEV_NVLINK_GET_STATE, nvmlDeviceGetNvLinkState",nvidia-smi nvlink -s,NA,"2021.1d
/redfish/v1/Systems/HGX_Baseboard_{InstanceId}/Processors/GPU_SXM_{InstanceId}/Ports/NVLink_{InstanceId}
{LinkStatus}","2021.1d
/redfish/v1/Systems/HGX_Baseboard_{InstanceId}/Processors/GPU_{InstanceId}/Ports/NVLink_{InstanceId}
{LinkStatus}","2021.1d
/redfish/v1/Systems/System_{InstanceId}/Processors/GPU_{InstanceId}/Ports/NVLink_{InstanceId}
{LinkStatus}",,,busctl get-property  xyz.openbmc_project.NSM /xyz/openbmc_project/inventory/system/chassis/HGX_Chassis_$baseboardid xyz.openbmc_project.Inventory.Item.Chassis Type,,NA,NA,phy_state,Yes,Yes,Yes,Yes,Yes,Yes,Yes,Yes,Yes,NA,NA,Yes,NA,Yes,NA,Yes,NA,,Available,No,No Impact,10 Sec,30,"2021.1d
/redfish/v1/Systems/{SYSTEM_NAME}_{InstanceId}/Processors/{GPU_PROC_NAME}_{InstanceId}/Ports/NVLink_{InstanceId}
{LinkStatus}","2021.1d
/redfish/v1/Systems/$SystemId/Processors/$ProcessorId/Ports/$PortId
{LinkStatus}","{SystemId:{SystemType: Physical}, ProcessorId: {ProcessorType: GPU}, PortId: {PortProtocol: NVLink, Id_contains: NVLink}}",GPU[NVLink],,Y,ES,,,QS,"L0, R1","L1, R1",NA
BASEBOARD-CHAS-PART-NUM,Baseboard,CHAS-PART-NUM,A flag that indicates if GPU reset is recommended,Inventory,string,"SMBPBI: (0x18, 0x01, unused), Bit 1",nvmlDeviceGetRetiredPagesPendingStatus,nvidia_smi_log.gpu.retired_pages.pending_blacklist,NA,NA,NA,NA,,,busctl get-property  xyz.openbmc_project.EntityManager /xyz/openbmc_project/inventory/system/chassis/HGX_Chassis_$baseboardid xyz.openbmc_project.Inventory.Decorator.Asset PartNumber,,NA,NA,NA,Yes,Yes,Yes,Yes,Yes,Yes,Yes,Yes,NA,Yes,NA,Yes,Yes,Yes,NA,Yes,Yes,,Available IB,No,No Impact,10 Sec,,NA,NA,,,,Y,ES Factory,,,,"L0, R1","L1, R1",NA
BASEBOARD-CHAS-SERIAL,Baseboard,CHAS-SERIAL,NVLink Sublink Width,Inventory,string,"SMBPBI: (0x1A, 08h, [<link_index>,0xFF = Aggregate Count]);extended data | NSM: (0x1, 0x42)",NA,NA,NA,"2021.1d
/redfish/v1/Systems/HGX_Baseboard_{InstanceId}/Processors/GPU_SXM_{InstanceId}/Ports/NVLink_{InstanceId}
{Oem{Nvidia{RXWidth}}}","2021.1d
/redfish/v1/Systems/HGX_Baseboard_{InstanceId}/Processors/GPU_{InstanceId}/Ports/NVLink_{InstanceId}
{Oem{Nvidia{RXWidth}}}","2021.1d
/redfish/v1/Systems/System_{InstanceId}/Processors/GPU_{InstanceId}/Ports/NVLink_{InstanceId}
{Oem{Nvidia{RXWidth}}}",,,busctl get-property  xyz.openbmc_project.EntityManager /xyz/openbmc_project/inventory/system/chassis/HGX_Chassis_$baseboardid xyz.openbmc_project.Inventory.Decorator.Asset SerialNumber,,NA,NA,NA,Yes,Yes,Yes,Yes,Yes,Yes,Yes,Yes,NA,NA,NA,Yes,NA,Yes,NA,Yes,NA,,Available OOB,No,No Impact,10 Sec,30,"2021.1d
/redfish/v1/Systems/{SYSTEM_NAME}_{InstanceId}/Processors/{GPU_PROC_NAME}_{InstanceId}/Ports/NVLink_{InstanceId}
{Oem{Nvidia{RXWidth}}}","2021.1d
/redfish/v1/Systems/$SystemId/Processors/$ProcessorId/Ports/$PortId
{Oem{Nvidia{RXWidth}}}","{SystemId:{SystemType: Physical}, ProcessorId: {ProcessorType: GPU}, PortId: {PortProtocol: NVLink, Id_contains: NVLink}}",GPU[NVLink],,Y,ES,,,,"L0, R1","L1, R1",NA
BASEBOARD-BRD-PRDCT-NAME,Baseboard,BRD-PRDCT-NAME,NVLink Sublink Width,Inventory,string,"SMBPBI: (0x1A, 08h, [<link_index>,0xFF = Aggregate Count]); extended data | NSM: (0x1, 0x42)",NA,NA,NA,"2021.1d
/redfish/v1/Systems/HGX_Baseboard_{InstanceId}/Processors/GPU_SXM_{InstanceId}/Ports/NVLink_{InstanceId}
{Oem{Nvidia{TXWidth}}}","2021.1d
/redfish/v1/Systems/HGX_Baseboard_{InstanceId}/Processors/GPU_{InstanceId}/Ports/NVLink_{InstanceId}
{Oem{Nvidia{TXWidth}}}","2021.1d
/redfish/v1/Systems/System_{InstanceId}/Processors/GPU_{InstanceId}/Ports/NVLink_{InstanceId}
{Oem{Nvidia{TXWidth}}}",,,busctl get-property  xyz.openbmc_project.EntityManager /xyz/openbmc_project/inventory/system/chassis/HGX_Chassis_$baseboardid xyz.openbmc_project.Inventory.Decorator.Asset Model,,NA,NA,NA,Yes,Yes,Yes,Yes,Yes,Yes,Yes,Yes,NA,NA,NA,Yes,NA,Yes,NA,Yes,NA,,Available OOB,No,No Impact,10 Sec,30,"2021.1d
/redfish/v1/Systems/{SYSTEM_NAME}_{InstanceId}/Processors/{GPU_PROC_NAME}_{InstanceId}/Ports/NVLink_{InstanceId}
{Oem{Nvidia{TXWidth}}}","2021.1d
/redfish/v1/Systems/$SystemId/Processors/$ProcessorId/Ports/$PortId
{Oem{Nvidia{TXWidth}}}","{SystemId:{SystemType: Physical}, ProcessorId: {ProcessorType: GPU}, PortId: {PortProtocol: NVLink, Id_contains: NVLink}}",GPU[NVLink],,Y,ES,,,,"L0, R1","L1, R1",NA
BASEBOARD-BRD-SERIAL,Baseboard,BRD-SERIAL,ECCstate change pending after reset,Inventory,string,"SMBPBI: (0x18, [0x00], Unused)| NSM: (0x3, 0x4F)","nvmlDeviceGetEccMode, *pending",nvidia_smi_log.gpu.ecc_mode.pending_ecc,DCGM_FI_DEV_ECC_PENDING:301,"2021.1d
/redfish/v1/Systems/HGX_Baseboard_{InstanceId}/Processors/GPU_SXM_{InstanceId}/Settings
{MemorySummary{ECCModeEnabled}}","2021.1d
/redfish/v1/Systems/HGX_Baseboard_{InstanceId}/Processors/GPU_{InstanceId}/Settings
{MemorySummary{ECCModeEnabled}}","2021.1d
/redfish/v1/Systems/System_{InstanceId}/Processors/GPU_{InstanceId}/Settings
{MemorySummary{ECCModeEnabled}}",,,busctl get-property  xyz.openbmc_project.EntityManager /xyz/openbmc_project/inventory/system/chassis/HGX_Chassis_$baseboardid xyz.openbmc_project.Inventory.Decorator.Asset SerialNumber,,NA,NA,NA,Yes,Yes,Yes,Yes,Yes,Yes,Yes,Yes,NA,Yes,NA,Yes,Yes,Yes,NA,Yes,Yes,,Available,No,No Impact,10 Sec,30,"2021.1d
/redfish/v1/Systems/{SYSTEM_NAME}_{InstanceId}/Processors/{GPU_PROC_NAME}_{InstanceId}/Settings
{MemorySummary{ECCModeEnabled}}","2021.1d
/redfish/v1/Systems/$SystemId/Processors/$ProcessorId/Settings
{MemorySummary{ECCModeEnabled}}","{SystemId:{SystemType: Physical}, ProcessorId: {ProcessorType: GPU}}",GPU,,,ES,,,,"L0, R1","L1, R1",RF:DCGM
BASEBOARD-BRD-PART-NUM,Baseboard,BRD-PART-NUM,NVLink Protocol Version,Inventory,string,"SMBPBI: (0x1A, TBD, Unused)",nvmlDeviceGetNvLinkVersion,NA,NA,NA,NA,NA,,,busctl get-property  xyz.openbmc_project.EntityManager /xyz/openbmc_project/inventory/system/chassis/HGX_Chassis_$baseboardid xyz.openbmc_project.Inventory.Decorator.Asset PartNumber,,NA,NA,NA,Yes,Yes,Yes,Yes,Yes,Yes,Yes,Yes,NA,NA,NA,Yes,NA,Yes,NA,Yes,NA,,Available IB,No,No Impact,10 Sec,,NA,NA,,,,,ES Factory,,,,"L0, R1","L1, R1",NA
BASEBOARD-PRDCT-NAME,Baseboard,PRDCT-NAME,"This flag indicates row-remapping will happen at the next GPU reset.
This is useful to identify readiness for live virtual machine (VM) migrations into this GPU - this GPU should be reset if a live VM will be migrated to it.
0: no row-remapping is pending 1: row-remapping is pending",Inventory,string,"SMBPBI: (0x20, [0x01], [0x00]) [1:1] | NSM: (0x3, 0x7F)",nvmlDeviceGetRemappedRows,nvidia_smi_log.gpu.remapped_rows.remapped_row_pending,DCGM_FI_DEV_ROW_REMAP_PENDING:396,"2023.2
/redfish/v1/Systems/HGX_Baseboard_{InstanceId}/Memory/GPU_SXM_{InstanceId}_DRAM_{InstanceId}
{Oem{Nvidia{RowRemappingPending}}}","2023.2
/redfish/v1/Systems/HGX_Baseboard_{InstanceId}/Memory/GPU_{InstanceId}_DRAM_{InstanceId}
{Oem{Nvidia{RowRemappingPending}}}","2023.2
/redfish/v1/Systems/System_{InstanceId}/Memory/GPU_{InstanceId}_DRAM_{InstanceId}
{Oem{Nvidia{RowRemappingPending}}}",,,busctl get-property  xyz.openbmc_project.EntityManager /xyz/openbmc_project/inventory/system/chassis/HGX_Chassis_$baseboardid xyz.openbmc_project.Inventory.Decorator.Asset Model,,NA,NA,NA,Yes,Yes,Yes,Yes,Yes,Yes,Yes,Yes,NA,Yes,NA,Yes,Yes,Yes,NA,Yes,Yes,,Available,No,No Impact,10 Sec,30,"2023.2
/redfish/v1/Systems/{SYSTEM_NAME}_{InstanceId}/Memory/{GPU_MEM_NAME}_{InstanceId}_DRAM_{InstanceId}
{Oem{Nvidia{RowRemappingPending}}}","2023.2
/redfish/v1/Systems/$SystemId/Memory/$MemoryId
{Oem{Nvidia{RowRemappingPending}}}","{SystemId:{SystemType: Physical}, MemoryId: {MemoryDeviceType: HBM}}",,,Y,ES,,,,"L0, R1","L1, R1",RF:DCGM
BASEBOARD-PRDCT-PART-NUM,Baseboard,PRDCT-PART-NUM,Current PCIe Link Speed,Inventory,string,"SMBPBI: (0x21, [0x00], Unused) [2:0] | NSM: (0x2, 0x4)",nvmlDeviceGetCurrPcieLinkGeneration,nvidia_smi_log.gpu.pci.pci_gpu_link_info.pcie_gen.current_link_gen,DCGM_FI_DEV_PCIE_LINK_GEN:237,"2021.1c
/redfish/v1/Chassis/HGX_GPU_SXM_{InstanceId}/PCIeDevices/GPU_SXM_{InstanceId}
{PCIeInterface{PCIeType}}","2021.1c
/redfish/v1/Chassis/HGX_GPU_{InstanceId}/PCIeDevices/GPU_{InstanceId}
{PCIeInterface{PCIeType}}","2021.1c
/redfish/v1/Chassis/GPU_{InstanceId}/PCIeDevices/GPU_{InstanceId}
{PCIeInterface{PCIeType}}",/redfish/v1/TelemetryService/MetricReports/HGX_ProcessorMetrics_0,/redfish/v1/TelemetryService/MetricReports/ProcessorMetrics_0,busctl get-property  xyz.openbmc_project.EntityManager /xyz/openbmc_project/inventory/system/chassis/HGX_Chassis_$baseboardid xyz.openbmc_project.Inventory.Decorator.Asset PartNumber,,NA,NA,NA,Yes,Yes,Yes,Yes,Yes,Yes,Yes,Yes,NA,Yes,NA,Yes,Yes,Yes,NA,Yes,Yes,,Available,No,No Impact,10 Sec,30,"2021.1c
/redfish/v1/Chassis/{GPU_CHAS_NAME}_{InstanceId}/PCIeDevices/{GPU_PCIED_NAME}_{InstanceId}
{PCIeInterface{PCIeType}}","2021.1c
/redfish/v1/Chassis/$ChassisId/PCIeDevices/$PCIeId
{PCIeInterface{PCIeType}}","{ChassisId: {Id_contains: {anyOf: [GPU], not: [RoT]}}, PCIeId: {DeviceType: all}}",,"{""5"": ""Gen5"", ""4"": ""Gen4"", ""3"": ""Gen3"", ""2"": ""Gen2"", ""1"": ""Gen1""}",Y,ES,,,,"L0, R1","L1, R1",RF:DCGM
BASEBOARD-PRDCT-SERIAL,Baseboard,PRDCT-SERIAL,Current MIG State,Inventory,string,"
SMBPBI: (0x18, [0x00], unused), Bit 4 | NSM: (0x3, 0x4D)","nvmlDeviceGetMigMode, *currentMode,",nvidia_smi_log.gpu.mig_mode.current_mig,DCGM_FI_DEV_MIG_MODE:67,"2021.1d
/redfish/v1/Systems/HGX_Baseboard_{InstanceId}/Processors/GPU_SXM_{InstanceId}
{Oem{Nvidia{MIGModeEnabled}}}","2021.1d
/redfish/v1/Systems/HGX_Baseboard_{InstanceId}/Processors/GPU_{InstanceId}
{Oem{Nvidia{MIGModeEnabled}}}","2021.1d
/redfish/v1/Systems/System_{InstanceId}/Processors/GPU_{InstanceId}
{Oem{Nvidia{MIGModeEnabled}}}",,,busctl get-property  xyz.openbmc_project.EntityManager /xyz/openbmc_project/inventory/system/chassis/HGX_Chassis_$baseboardid xyz.openbmc_project.Inventory.Decorator.Asset SerialNumber,,NA,NA,NA,Yes,Yes,Yes,Yes,Yes,Yes,Yes,Yes,NA,Yes,NA,Yes,Yes,Yes,NA,Yes,Yes,,Available,Yes,No Impact,10 Sec,30,"2021.1d
/redfish/v1/Systems/{SYSTEM_NAME}_{InstanceId}/Processors/{GPU_PROC_NAME}_{InstanceId}
{Oem{Nvidia{MIGModeEnabled}}}","2021.1d
/redfish/v1/Systems/$SystemId/Processors/$ProcessorId
{Oem{Nvidia{MIGModeEnabled}}}","{SystemId:{SystemType: Physical}, ProcessorId: {ProcessorType: GPU}}",,,,ES,,,,"L0, R1","L1, R1",RF:DCGM
BASEBOARD-VENDOR,Baseboard,VENDOR,MIG state change pending after reset,Inventory,string,"
SMBPBI: (0x18, [0x00], unused), Bit 5 | NSM: (0x3, 0x4D)","nvmlDeviceGetMigMode, *pendingMode",nvidia_smi_log.gpu.mig_mode.pending_mig,NA,NA,NA,NA,,,busctl get-property  xyz.openbmc_project.EntityManager /xyz/openbmc_project/inventory/system/chassis/HGX_Chassis_$baseboardid xyz.openbmc_project.Inventory.Decorator.Asset Manufacturer,,NA,NA,NA,Yes,Yes,Yes,Yes,Yes,Yes,Yes,Yes,NA,Yes,NA,Yes,Yes,Yes,NA,Yes,Yes,,Available IB,Yes,No Impact,10 Sec,,NA,NA,,,,,ES Factory,,,,"L0, R1","L1, R1",NA
BASEBOARD-PROCMOD-HW-REV,Baseboard,PROCMOD-HW-REV,GPU presence and pgood (via BB SMBPBI),Inventory,string,"SMBPBI: (0xBB,unused,unused) | NSM: (0x05, 0x64)",NA,NA,NA,"2021.1c
/redfish/v1/Systems/HGX_Baseboard_{InstanceId}/Processors/GPU_SXM_{InstanceId}
{Status{State}}","2021.1c
/redfish/v1/Systems/HGX_Baseboard_{InstanceId}/Processors/GPU_{InstanceId}
{Status{State}}","2021.1c
/redfish/v1/Systems/System_{InstanceId}/Processors/GPU_{InstanceId}
{Status{State}}",/redfish/v1/TelemetryService/MetricReports/HGX_ProcessorMetrics_0,/redfish/v1/TelemetryService/MetricReports/ProcessorMetrics_0,busctl get-property  xyz.openbmc_project.EntityManager /xyz/openbmc_project/inventory/system/processormodule[baseboard_processormoduleid]/ProcMod_[baseboard_processormoduleid]_Product_FRU_Assembly1 xyz.openbmc_project.Inventory.Decorator.Revision Version,,NA,NA,NA,Yes,Yes,Yes,Yes,Yes,Yes,Yes,Yes,NA,Yes,NA,Yes,Yes,Yes,NA,Yes,Yes,,Available OOB,No,No Impact,10 Sec,30,"2021.1c
/redfish/v1/Systems/{SYSTEM_NAME}_{InstanceId}/Processors/{GPU_PROC_NAME}_{InstanceId}
{Status{State}}","2021.1c
/redfish/v1/Systems/$SystemId/Processors/$ProcessorId
{Status{State}}","{SystemId:{SystemType: Physical}, ProcessorId: {ProcessorType: GPU}}",GPU,,Y,ES,,,,"L0, R1","L1, R1",NA
BASEBOARD-PROCMOD-MFG-DATE,Baseboard,PROCMOD-MFG-DATE,The current performance state for the GPU,Inventory,string,"SMBPBI: (0x1B, [0x03], Unused)",nvmlDeviceGetPerformanceState,nvidia_smi_log.gpu.performance_state,DCGM_FI_DEV_PSTATE:190,"Future
/redfish/v1/Systems/HGX_Baseboard_{InstanceId}/Processors/GPU_SXM_{InstanceId}
{PerformanceState}","Future
/redfish/v1/Systems/HGX_Baseboard_{InstanceId}/Processors/GPU_{InstanceId}
{PerformanceState}","Future
/redfish/v1/Systems/System_{InstanceId}/Processors/GPU_{InstanceId}
{PerformanceState}",,,busctl get-property  xyz.openbmc_project.EntityManager /xyz/openbmc_project/inventory/system/processormodule[baseboard_processormoduleid]/ProcMod_baseboard_[processormoduleid]_Board_FRU_Assembly0 xyz.openbmc_project.Inventory.Decorator.Asset BuildDate,,NA,NA,NA,Yes,Yes,Yes,Yes,Yes,Yes,Yes,Yes,NA,Yes,NA,Yes,Yes,Yes,NA,Yes,Yes,,Available IB,Yes,No Impact,10 Sec,,"Future
/redfish/v1/Systems/{SYSTEM_NAME}_{InstanceId}/Processors/{GPU_PROC_NAME}_{InstanceId}
{PerformanceState}","Future
/redfish/v1/Systems/$SystemId/Processors/$ProcessorId
{PerformanceState}","{SystemId:{SystemType: Physical}, ProcessorId: {ProcessorType: GPU}}",GPU,,Y,QS,,,,L1,L1,NA
BASEBOARD-PROCMOD-PART-NUM,Baseboard,PROCMOD-PART-NUM,vGPU License status,Inventory,string,NA,nvmlVgpuInstanceGetLicenseInfo_v2,NA,DCGM_FI_DEV_VGPU_LICENSE_STATUS:526,NA,NA,NA,,,busctl get-property  xyz.openbmc_project.EntityManager /xyz/openbmc_project/inventory/system/processormodule[baseboard_processormoduleid]/ProcMod_[baseboard_processormoduleid]_Board_FRU_Assembly0 xyz.openbmc_project.Inventory.Decorator.Asset PartNumber,,NA,NA,NA,Yes,Yes,Yes,Yes,Yes,Yes,Yes,Yes,NA,Yes,NA,Yes,Yes,Yes,NA,Yes,Yes,,Available IB,No,No Impact,10 Sec,,NA,NA,,,,,ES Factory,,,,"L0, R1","L1, R1",NA
BASEBOARD-PROCMOD-PRDCT-NAME,Baseboard,PROCMOD-PRDCT-NAME,Driver status,Inventory,string,"SMBPBI: (0x01,0x02,unused) | NSM: (0x03, 0x63)",NA,NA,NA,"2021.1c
/redfish/v1/UpdateService/SoftwareInventory/HGX_Driver_GPU_SXM_{InstanceId}
{Status{State}}","2021.1c
/redfish/v1/UpdateService/SoftwareInventory/HGX_Driver_GPU_{InstanceId}
{Status{State}}","2021.1c
/redfish/v1/UpdateService/SoftwareInventory/Driver_GPU_{InstanceId}
{Status{State}}",,,busctl get-property  xyz.openbmc_project.EntityManager /xyz/openbmc_project/inventory/system/processormodule[baseboard_processormoduleid]/ProcMod_[baseboard_processormoduleid]_Product_FRU_Assembly1 xyz.openbmc_project.Inventory.Decorator.Asset Model,,NA,NA,NA,Yes,Yes,Yes,Yes,Yes,Yes,Yes,Yes,NA,Yes,NA,Yes,Yes,Yes,NA,Yes,Yes,,Available OOB,No,No Impact,10 Sec,30,"2021.1c
/redfish/v1/UpdateService/SoftwareInventory/{GPU_DRIVER_FW_NAME}_{InstanceId}
{Status{State}}","2021.1c
/redfish/v1/UpdateService/SoftwareInventory/$SwId
{Status{State}}","{SwId: {Id_contains: {anyOf: [GPU], not: [RoT]}}}",,,Y,ES,,,,"L0, R1","L1, R1",NA
BASEBOARD-PROCMOD-PRDCT-PART-NUM,Baseboard,PROCMOD-PRDCT-PART-NUM,Overall Health of this device,Inventory,string,"NSM: (0x5, 0x64)",NA,NA,NA,"2021.1c
/redfish/v1/Chassis/HGX_GPU_SXM_{InstanceId}
{Status{Health}}","2021.1c
/redfish/v1/Chassis/HGX_GPU_{InstanceId}
{Status{Health}}","2021.1c
/redfish/v1/Chassis/GPU_{InstanceId}
{Status{Health}}",,,busctl get-property  xyz.openbmc_project.EntityManager /xyz/openbmc_project/inventory/system/processormodule[baseboard_processormoduleid]/ProcMod_[baseboard_processormoduleid]_Product_FRU_Assembly1 xyz.openbmc_project.Inventory.Decorator.Asset PartNumber,,NA,NA,NA,Yes,Yes,Yes,Yes,Yes,Yes,Yes,Yes,NA,Yes,NA,Yes,Yes,Yes,NA,Yes,Yes,,Available OOB,Yes,No Impact,10 Sec,30,"2021.1c
/redfish/v1/Chassis/{GPU_CHAS_NAME}_{InstanceId}
{Status{Health}}","2021.1c
/redfish/v1/Chassis/$ChassisId
{Status{Health}}","{ChassisId: {Id_contains: {anyOf: [GPU], not: [RoT]}}}",GPU,,Y,ES,,,,"L0, R1","L1, R1",NA
BASEBOARD-PROCMOD-PRDCT-SERIAL,Baseboard,PROCMOD-PRDCT-SERIAL,Overall Health of this device + its dependencies,Inventory,string,NA,NA,NA,NA,"2021.1c
/redfish/v1/Chassis/HGX_GPU_SXM_{InstanceId}
{Status{HealthRollup}}","2021.1c
/redfish/v1/Chassis/HGX_GPU_{InstanceId}
{Status{HealthRollup}}","2021.1c
/redfish/v1/Chassis/GPU_{InstanceId}
{Status{HealthRollup}}",,,busctl get-property  xyz.openbmc_project.EntityManager /xyz/openbmc_project/inventory/system/processormodule[baseboard_processormoduleid]/ProcMod_[baseboard_processormoduleid]_Product_FRU_Assembly1 xyz.openbmc_project.Inventory.Decorator.Asset SerialNumber,,NA,NA,NA,Yes,Yes,Yes,Yes,Yes,Yes,Yes,Yes,NA,NA,NA,NA,NA,NA,NA,NA,,,Available OOB,Yes,No Impact,10 Sec,30,"2021.1c
/redfish/v1/Chassis/{GPU_CHAS_NAME}_{InstanceId}
{Status{HealthRollup}}","2021.1c
/redfish/v1/Chassis/$ChassisId
{Status{HealthRollup}}","{ChassisId: {Id_contains: {anyOf: [GPU], not: [RoT]}}}",GPU,,Y,ES,,,,"L0, R1","L1, R1",NA
BASEBOARD-PROCMOD-SERIAL,Baseboard,PROCMOD-SERIAL,Total number of times the Port Training state machine has successfully completed the link error recovery process. This enrty is applicable for platforms with NVL5.,Inventory,string,"NSM: 0x01, 0x01",NVML_FI_DEV_NVLINK_COUNT_LINK_RECOVERY_EVENTS,"nvidia-smi nvlink -e (""Total link recovery events"")","DCGM_FI_DEV_NVLINK_RECOVERY_ERROR_COUNT_L[0-17]:[430,431,432,433,434,435,469,470,471,472,473,474,436,437,438,491,492,493]","2023.0b 
/redfish/v1/Systems/HGX_Baseboard_{InstanceId}/Processors/GPU_SXM_{InstanceId}/Ports/NVLink_{InstanceId}/Metrics
{Oem{Nvidia{LinkErrorRecoveryCount}}}","2023.0b 
/redfish/v1/Systems/HGX_Baseboard_{InstanceId}/Processors/GPU_{InstanceId}/Ports/NVLink_{InstanceId}/Metrics
{Oem{Nvidia{LinkErrorRecoveryCount}}}","2023.0b 
/redfish/v1/Systems/System_{InstanceId}/Processors/GPU_{InstanceId}/Ports/NVLink_{InstanceId}/Metrics
{Oem{Nvidia{LinkErrorRecoveryCount}}}",/redfish/v1/TelemetryService/MetricReports/HGX_ProcessorPortMetrics_0,,busctl get-property  xyz.openbmc_project.EntityManager /xyz/openbmc_project/inventory/system/processormodule$baseboardid/ProcMod_[baseboard_processormoduleid]_Board_FRU_Assembly0 xyz.openbmc_project.Inventory.Decorator.Asset SerialNumber,,NA,NA,LinkErrorRecoveryCounter,NA,Yes,Yes,NA,Yes,Yes,Yes,Yes,Yes,NA,NA,NA,NA,NA,NA,NA,,,Available,NO,No Impact,10 Sec,30,"2023.0b 
/redfish/v1/Systems/{SYSTEM_NAME}_{InstanceId}/Processors/{GPU_PROC_NAME}_{InstanceId}/Ports/NVLink_{InstanceId}/Metrics
{Oem{Nvidia{LinkErrorRecoveryCount}}}","2023.0b 
/redfish/v1/Systems/$SystemId/Processors/$ProcessorId/Ports/$PortId/Metrics
{Oem{Nvidia{LinkErrorRecoveryCount}}}","{SystemId:{SystemType: Physical}, ProcessorId: {ProcessorType: GPU}, PortId: {PortProtocol: NVLink}}",,,Y,ES,,,QS,"L0, R1","L1, R1",Not Supported
BASEBOARD-PROCMOD-VENDOR,Baseboard,PROCMOD-VENDOR,Total number of multicast packets transmitted on all VLs from the port. This may include multicast packets with errors.,Inventory,string,"NSM: 0x01, 0x01",TBD,TBD,TBD,"2023.0b 
/redfish/v1/Systems/HGX_Baseboard_{InstanceId}/Processors/GPU_SXM_{InstanceId}/Ports/NVLink_{InstanceId}/Metrics
{Networking{TXMulticastFrames}}","2023.0b 
/redfish/v1/Systems/HGX_Baseboard_{InstanceId}/Processors/GPU_{InstanceId}/Ports/NVLink_{InstanceId}/Metrics
{Networking{TXMulticastFrames}}","2023.0b 
/redfish/v1/Systems/System_{InstanceId}/Processors/GPU_{InstanceId}/Ports/NVLink_{InstanceId}/Metrics
{Networking{TXMulticastFrames}}",/redfish/v1/TelemetryService/MetricReports/HGX_ProcessorPortMetrics_0,,busctl get-property  xyz.openbmc_project.EntityManager /xyz/openbmc_project/inventory/system/processormodule$baseboardid/ProcMod_[baseboard_processormoduleid]_Board_FRU_Assembly0 xyz.openbmc_project.Inventory.Decorator.Asset Manufacturer,,NA,NA,PortMultiCastRcvPkts,NA,NA,NA,NA,NA,NA,NA,NA,Yes,NA,NA,NA,NA,NA,NA,NA,,,Available OOB,NO,No Impact,10 Sec,,"2023.0b 
/redfish/v1/Systems/{SYSTEM_NAME}_{InstanceId}/Processors/{GPU_PROC_NAME}_{InstanceId}/Ports/NVLink_{InstanceId}/Metrics
{Networking{TXMulticastFrames}}","2023.0b 
/redfish/v1/Systems/$SystemId/Processors/$ProcessorId/Ports/$PortId/Metrics
{Networking{TXMulticastFrames}}","{SystemId:{SystemType: Physical}, ProcessorId: {ProcessorType: GPU}, PortId: {PortProtocol: NVLink}}",,,Y,ES,,,QS,L0,L1,NA
BASEBOARD-TEMP-EXHAUST,Baseboard,TEMP-EXHAUST,"Total number of data octets, divided by 4, received on all VLs at the port. This includes all octets between (and not including) the start of packet delimiter and the VCRC, and may include packets containing errors.",Inventory,Double,"NSM: 0x01, 0x01",NVML_FI_DEV_NVLINK_COUNT_RCV_BYTES,nvidia-smi nvlink -e,TBD,"2023.0b 
/redfish/v1/Systems/HGX_Baseboard_{InstanceId}/Processors/GPU_SXM_{InstanceId}/Ports/NVLink_{InstanceId}/Metrics
{RXBytes}","2023.0b 
/redfish/v1/Systems/HGX_Baseboard_{InstanceId}/Processors/GPU_{InstanceId}/Ports/NVLink_{InstanceId}/Metrics
{RXBytes}","2023.0b 
/redfish/v1/Systems/System_{InstanceId}/Processors/GPU_{InstanceId}/Ports/NVLink_{InstanceId}/Metrics
{RXBytes}",,,busctl get-property  xyz.openbmc_project.NSM /xyz/openbmc_project/sensors/temperature/HGX_ProcessorModule_[baseboard_processormoduleid]_Exhaust_Temp_0 xyz.openbmc_project.Sensor.Value Value,,NA,NA,PortRcvDataExtended,NA,Yes,Yes,NA,Yes,Yes,Yes,Yes,Yes,NA,NA,NA,NA,NA,NA,NA,,,Available,NO,No Impact,10 Sec,30,"2023.0b 
/redfish/v1/Systems/{SYSTEM_NAME}_{InstanceId}/Processors/{GPU_PROC_NAME}_{InstanceId}/Ports/NVLink_{InstanceId}/Metrics
{RXBytes}","2023.0b 
/redfish/v1/Systems/$SystemId/Processors/$ProcessorId/Ports/$PortId/Metrics
{RXBytes}","{SystemId:{SystemType: Physical}, ProcessorId: {ProcessorType: GPU}, PortId: {PortProtocol: NVLink}}",,,Y,ES,,,QS,"L0, R1","L1, R1",NA
BASEBOARD-ALT-PRESSURE,Baseboard,ALT-PRESSURE,"Total number of received packets, including packets containing errors.",Sensor.Pressure,Uint64,"NSM: 0x01, 0x01",NVML_FI_DEV_NVLINK_COUNT_RCV_PACKETS,nvidia-smi nvlink -e,TBD,"2023.0b 
/redfish/v1/Systems/HGX_Baseboard_{InstanceId}/Processors/GPU_SXM_{InstanceId}/Ports/NVLink_{InstanceId}/Metrics
{Networking{RXFrames}}","2023.0b 
/redfish/v1/Systems/HGX_Baseboard_{InstanceId}/Processors/GPU_{InstanceId}/Ports/NVLink_{InstanceId}/Metrics
{Networking{RXFrames}}","2023.0b 
/redfish/v1/Systems/System_{InstanceId}/Processors/GPU_{InstanceId}/Ports/NVLink_{InstanceId}/Metrics
{Networking{RXFrames}}",/redfish/v1/TelemetryService/MetricReports/HGX_ProcessorPortMetrics_0,,busctl get-property  xyz.openbmc_project.NSM /xyz/openbmc_project/sensors/altitude/HGX_ProcessorModule_[baseboard_processormoduleid]_AltitudePressure_0 xyz.openbmc_project.Sensor.Value Value,,NA,NA,PortRcvPktsExtended,NA,Yes,Yes,NA,Yes,Yes,Yes,Yes,Yes,NA,NA,NA,NA,NA,NA,NA,,,Available,NO,No Impact,10 Sec,30,"2023.0b 
/redfish/v1/Systems/{SYSTEM_NAME}_{InstanceId}/Processors/{GPU_PROC_NAME}_{InstanceId}/Ports/NVLink_{InstanceId}/Metrics
{Networking{RXFrames}}","2023.0b 
/redfish/v1/Systems/$SystemId/Processors/$ProcessorId/Ports/$PortId/Metrics
{Networking{RXFrames}}","{SystemId:{SystemType: Physical}, ProcessorId: {ProcessorType: GPU}, PortId: {PortProtocol: NVLink}}",,,Y,ES,,,QS,"L0, R1","L1, R1",NA
BASEBOARD-TEMP-INLET-CURR,Baseboard,TEMP-INLET-CURR,"Total number of data octets, divided by 4, transmitted on all VLs from the port. This includes all octets between (and not including) the start of packet delimiter and the VCRC, and may include packets containing errors. It excludes all link packets.",Sensor.Thermal,Double,"NSM: 0x01, 0x01",NVML_FI_DEV_NVLINK_COUNT_XMIT_BYTES,nvidia-smi nvlink -e,TBD,"2023.0b 
/redfish/v1/Systems/HGX_Baseboard_{InstanceId}/Processors/GPU_SXM_{InstanceId}/Ports/NVLink_{InstanceId}/Metrics
{TXBytes}","2023.0b 
/redfish/v1/Systems/HGX_Baseboard_{InstanceId}/Processors/GPU_{InstanceId}/Ports/NVLink_{InstanceId}/Metrics
{TXBytes}","2023.0b 
/redfish/v1/Systems/System_{InstanceId}/Processors/GPU_{InstanceId}/Ports/NVLink_{InstanceId}/Metrics
{TXBytes}",,,busctl get-property  xyz.openbmc_project.NSM /xyz/openbmc_project/sensors/temperature/HGX_[baseboard_temp_processormoduleid]_Inlet_Temp_{processormodul} xyz.openbmc_project.Sensor.Value Value,,NA,NA,PortXmitDataExtended,NA,Yes,Yes,NA,Yes,Yes,Yes,Yes,Yes,NA,NA,NA,NA,NA,NA,NA,,,Available,NO,No Impact,10 Sec,30,"2023.0b 
/redfish/v1/Systems/{SYSTEM_NAME}_{InstanceId}/Processors/{GPU_PROC_NAME}_{InstanceId}/Ports/NVLink_{InstanceId}/Metrics
{TXBytes}","2023.0b 
/redfish/v1/Systems/$SystemId/Processors/$ProcessorId/Ports/$PortId/Metrics
{TXBytes}","{SystemId:{SystemType: Physical}, ProcessorId: {ProcessorType: GPU}, PortId: {PortProtocol: NVLink}}",,,Y,ES,,,QS,"L0, R1","L1, R1",NA
BASEBOARD-HEALTH,Baseboard,HEALTH,"The total number of data octets, divided by 4 transmitted on VL 15 from the port.",Sensor.Thermal,String,"NSM: 0x01, 0x01",TBD,TBD,TBD,"2023.0b 
/redfish/v1/Systems/HGX_Baseboard_{InstanceId}/Processors/GPU_SXM_{InstanceId}/Ports/NVLink_{InstanceId}/Metrics
{Oem{Nvidia{VL15TXBytes}}}","2023.0b 
/redfish/v1/Systems/HGX_Baseboard_{InstanceId}/Processors/GPU_{InstanceId}/Ports/NVLink_{InstanceId}/Metrics
{Oem{Nvidia{VL15TXBytes}}}","2023.0b 
/redfish/v1/Systems/System_{InstanceId}/Processors/GPU_{InstanceId}/Ports/NVLink_{InstanceId}/Metrics
{Oem{Nvidia{VL15TXBytes}}}",/redfish/v1/TelemetryService/MetricReports/HGX_ProcessorPortMetrics_0,,busctl get-property  xyz.openbmc_project.NSM /xyz/openbmc_project/inventory/system/chassis/HGX_Chassis_$baseboardid xyz.openbmc_project.State.Decorator.Health Health,,NA,NA,NA,NA,Yes,Yes,NA,Yes,Yes,Yes,Yes,NA,NA,NA,NA,NA,NA,NA,NA,,,Available OOB,NO,No Impact,10 Sec,30,"2023.0b 
/redfish/v1/Systems/{SYSTEM_NAME}_{InstanceId}/Processors/{GPU_PROC_NAME}_{InstanceId}/Ports/NVLink_{InstanceId}/Metrics
{Oem{Nvidia{VL15TXBytes}}}","2023.0b 
/redfish/v1/Systems/$SystemId/Processors/$ProcessorId/Ports/$PortId/Metrics
{Oem{Nvidia{VL15TXBytes}}}","{SystemId:{SystemType: Physical}, ProcessorId: {ProcessorType: GPU}, PortId: {PortProtocol: NVLink}}",,,Y,ES,,,,"L0, R1","L1, R1",NA
BASEBOARD-PWR-TOTAL-CURR,Baseboard,PWR-TOTAL-CURR,Total number of packets transmitted on all VLs from this port. This may include packets with errors.,Sensor.Power,Double,"NSM: 0x01, 0x01",NVML_FI_DEV_NVLINK_COUNT_XMIT_PACKETS,nvidia-smi nvlink -e,TBD,"2023.0b 
/redfish/v1/Systems/HGX_Baseboard_{InstanceId}/Processors/GPU_SXM_{InstanceId}/Ports/NVLink_{InstanceId}/Metrics
{Networking{TXFrames}}","2023.0b 
/redfish/v1/Systems/HGX_Baseboard_{InstanceId}/Processors/GPU_{InstanceId}/Ports/NVLink_{InstanceId}/Metrics
{Networking{TXFrames}}","2023.0b 
/redfish/v1/Systems/System_{InstanceId}/Processors/GPU_{InstanceId}/Ports/NVLink_{InstanceId}/Metrics
{Networking{TXFrames}}",/redfish/v1/TelemetryService/MetricReports/HGX_ProcessorPortMetrics_0,,busctl get-property  xyz.openbmc_project.NSM /xyz/openbmc_project/sensors/power/HGX_Chassis_$baseboardid_TotalGPU_Power_0 xyz.openbmc_project.Sensor.Value Value,,NA,NA,PortXmitPktsExtended,NA,Yes,Yes,NA,Yes,Yes,Yes,Yes,Yes,NA,NA,NA,NA,NA,NA,NA,,,Available,NO,No Impact,10 Sec,30,"2023.0b 
/redfish/v1/Systems/{SYSTEM_NAME}_{InstanceId}/Processors/{GPU_PROC_NAME}_{InstanceId}/Ports/NVLink_{InstanceId}/Metrics
{Networking{TXFrames}}","2023.0b 
/redfish/v1/Systems/$SystemId/Processors/$ProcessorId/Ports/$PortId/Metrics
{Networking{TXFrames}}","{SystemId:{SystemType: Physical}, ProcessorId: {ProcessorType: GPU}, PortId: {PortProtocol: NVLink}}",,,Y,ES,,,QS,"L0, R1","L1, R1",NA
HMC-FW-VER,HMC,FW-VER,"SM utilization of the processor as a percentage.
",Config,string,"SMBPBI: (0x10, 0x0a, [gpuUtil]) | NSM: (0x03, 0x047)",,,,"2023.0a
/redfish/v1/Systems/HGX_Baseboard_{InstanceId}/Processors/GPU_SXM_{InstanceId}/ProcessorMetrics
{Oem{Nvidia{SMUtilizationPercent}}}","2023.0a
/redfish/v1/Systems/HGX_Baseboard_{InstanceId}/Processors/GPU_{InstanceId}/ProcessorMetrics
{Oem{Nvidia{SMUtilizationPercent}}}","2023.0a
/redfish/v1/Systems/System_{InstanceId}/Processors/GPU_{InstanceId}/ProcessorMetrics
{Oem{Nvidia{SMUtilizationPercent}}}",/redfish/v1/TelemetryService/MetricReports/HGX_ProcessorMetrics_0,,busctl get-property  xyz.openbmc_project.Software.BMC.Inventory /xyz/openbmc_project/software/HGX_FW_BMC_$hmcid xyz.openbmc_project.Software.Version Version,,NA,NA,NA,NA,Yes,Yes,NA,Yes,Yes,Yes,Yes,NA,NA,NA,NA,NA,NA,NA,NA,,,Available OOB,,,#N/A,30,"2023.0a
/redfish/v1/Systems/{SYSTEM_NAME}_{InstanceId}/Processors/{GPU_PROC_NAME}_{InstanceId}/ProcessorMetrics
{Oem{Nvidia{SMUtilizationPercent}}}","2023.0a
/redfish/v1/Systems/$SystemId/Processors/$ProcessorId/ProcessorMetrics
{Oem{Nvidia{SMUtilizationPercent}}}","{SystemId:{SystemType: Physical}, ProcessorId: {ProcessorType: GPU}}",GPU,,Y,QS,,,,L1,L1,NA
HMC-BRD-SERIAL,HMC,BRD-SERIAL,Total number of PCIe unsupported requests received by this device.,Config,string,"SMBPBI: (0x21, 0x02, Unused) | NSM: (0x02, 0x04)",,,,"2023.0a
/redfish/v1/Systems/HGX_Baseboard_{InstanceId}/Processors/GPU_SXM_{InstanceId}/ProcessorMetrics
{PCIeErrors{UnsupportedRequestCount}}","2023.0a
/redfish/v1/Systems/HGX_Baseboard_{InstanceId}/Processors/GPU_{InstanceId}/ProcessorMetrics
{PCIeErrors{UnsupportedRequestCount}}","2023.0a
/redfish/v1/Systems/System_{InstanceId}/Processors/GPU_{InstanceId}/ProcessorMetrics
{PCIeErrors{UnsupportedRequestCount}}",/redfish/v1/TelemetryService/MetricReports/HGX_ProcessorMetrics_0,,busctl get-property  xyz.openbmc_project.EntityManager /xyz/openbmc_project/inventory/system/bmc_0/HMC_Board_FRU_Assembly0 xyz.openbmc_project.Inventory.Decorator.Asset SerialNumber,,NA,NA,NA,NA,Yes,Yes,NA,Yes,Yes,Yes,Yes,NA,NA,NA,NA,NA,NA,NA,NA,,,Available OOB,,,#N/A,30,"2023.0a
/redfish/v1/Systems/{SYSTEM_NAME}_{InstanceId}/Processors/{GPU_PROC_NAME}_{InstanceId}/ProcessorMetrics
{PCIeErrors{UnsupportedRequestCount}}","2023.0a
/redfish/v1/Systems/$SystemId/Processors/$ProcessorId/ProcessorMetrics
{PCIeErrors{UnsupportedRequestCount}}","{SystemId:{SystemType: Physical}, ProcessorId: {ProcessorType: GPU}}",GPU,,Y,QS,,,,L1,L1,NA
HMC-PRDCT-NAME,HMC,PRDCT-NAME,"Total duration of throttling caused by a power limit of the processor since reset.
• Duration values are strings according to the ISO 8601 duration format, with the exception of not expressing a representation for years, months, weeks, or negative values. Duration values shall use the Pattern: ^P(\d+D)?(T(\d+H)?(\d+M)?(\d+(.\d+)?S)?)?$
",Config,string,"SMBPBI: (0x10, 0x09, [policyMask]) |  NSM: (0x03, 0x045)",,,,"2023.0a
/redfish/v1/Systems/HGX_Baseboard_{InstanceId}/Processors/GPU_SXM_{InstanceId}/ProcessorMetrics
{PowerLimitThrottleDuration}","2023.0a
/redfish/v1/Systems/HGX_Baseboard_{InstanceId}/Processors/GPU_{InstanceId}/ProcessorMetrics
{PowerLimitThrottleDuration}","2023.0a
/redfish/v1/Systems/System_{InstanceId}/Processors/GPU_{InstanceId}/ProcessorMetrics
{PowerLimitThrottleDuration}",/redfish/v1/TelemetryService/MetricReports/HGX_ProcessorMetrics_0,,busctl get-property  xyz.openbmc_project.EntityManager /xyz/openbmc_project/inventory/system/bmc_0/HMC_Board_FRU_Assembly0 xyz.openbmc_project.Inventory.Decorator.Asset Model,,NA,NA,NA,NA,Yes,Yes,NA,Yes,Yes,Yes,Yes,NA,NA,NA,NA,NA,Yes,NA,NA,,,Available OOB,,,#N/A,30,"2023.0a
/redfish/v1/Systems/{SYSTEM_NAME}_{InstanceId}/Processors/{GPU_PROC_NAME}_{InstanceId}/ProcessorMetrics
{PowerLimitThrottleDuration}","2023.0a
/redfish/v1/Systems/$SystemId/Processors/$ProcessorId/ProcessorMetrics
{PowerLimitThrottleDuration}","{SystemId:{SystemType: Physical}, ProcessorId: {ProcessorType: GPU}}",GPU,,Y,ES,,,,"L0, R1","L1, R1",NA
HMC-PRDCT-PART-NUM,HMC,PRDCT-PART-NUM,"Total duration of throttling caused by a thermal limit of the processor since reset.
• Note: Duration values are strings according to the ISO 8601 duration format, with the exception of not expressing a representation for years, months, weeks, or negative values. Duration values shall use the Pattern: ^P(\d+D)?(T(\d+H)?(\d+M)?(\d+(.\d+)?S)?)?$
",Config,string,"SMBPBI: (0x10, 0x09, [policyMask])  |  NSM: (0x03, 0x045)",,,,"2023.0a
/redfish/v1/Systems/HGX_Baseboard_{InstanceId}/Processors/GPU_SXM_{InstanceId}/ProcessorMetrics
{ThermalLimitThrottleDuration}","2023.0a
/redfish/v1/Systems/HGX_Baseboard_{InstanceId}/Processors/GPU_{InstanceId}/ProcessorMetrics
{ThermalLimitThrottleDuration}","2023.0a
/redfish/v1/Systems/System_{InstanceId}/Processors/GPU_{InstanceId}/ProcessorMetrics
{ThermalLimitThrottleDuration}",/redfish/v1/TelemetryService/MetricReports/HGX_ProcessorMetrics_0,,busctl get-property  xyz.openbmc_project.EntityManager /xyz/openbmc_project/inventory/system/bmc_0/HMC_Board_FRU_Assembly0 xyz.openbmc_project.Inventory.Decorator.Asset PartNumber,,NA,NA,NA,NA,Yes,Yes,NA,Yes,Yes,Yes,Yes,NA,NA,NA,NA,NA,Yes,NA,NA,,,Available OOB,,,#N/A,30,"2023.0a
/redfish/v1/Systems/{SYSTEM_NAME}_{InstanceId}/Processors/{GPU_PROC_NAME}_{InstanceId}/ProcessorMetrics
{ThermalLimitThrottleDuration}","2023.0a
/redfish/v1/Systems/$SystemId/Processors/$ProcessorId/ProcessorMetrics
{ThermalLimitThrottleDuration}","{SystemId:{SystemType: Physical}, ProcessorId: {ProcessorType: GPU}}",GPU,,Y,ES,,,,"L0, R1","L1, R1",NA
HMC-PRDCT-SERIAL,HMC,PRDCT-SERIAL,"Total duration of throttling caused by global software violation of the processor since reset.
• Duration values are strings according to the ISO 8601 duration format, with the exception of not expressing a representation for years, months, weeks, or negative values. Duration values shall use the Pattern: ^P(\d+D)?(T(\d+H)?(\d+M)?(\d+(.\d+)?S)?)?$
",Config,string,"SMBPBI: (0x10, 0x09, [policyMask]) |  NSM: (0x03, 0x049)",,,,"2023.0a
/redfish/v1/Systems/HGX_Baseboard_{InstanceId}/Processors/GPU_SXM_{InstanceId}/ProcessorMetrics
{Oem{Nvidia{GlobalSoftwareViolationThrottleDuration}}}","2023.0a
/redfish/v1/Systems/HGX_Baseboard_{InstanceId}/Processors/GPU_{InstanceId}/ProcessorMetrics
{Oem{Nvidia{GlobalSoftwareViolationThrottleDuration}}}","2023.0a
/redfish/v1/Systems/System_{InstanceId}/Processors/GPU_{InstanceId}/ProcessorMetrics
{Oem{Nvidia{GlobalSoftwareViolationThrottleDuration}}}",/redfish/v1/TelemetryService/MetricReports/HGX_ProcessorMetrics_0,,busctl get-property  xyz.openbmc_project.EntityManager /xyz/openbmc_project/inventory/system/bmc_0/HMC_Board_FRU_Assembly0 xyz.openbmc_project.Inventory.Decorator.Asset SerialNumber,,NA,NA,NA,NA,Yes,Yes,NA,Yes,Yes,Yes,Yes,NA,NA,NA,NA,NA,Yes,NA,NA,,,Available OOB,,,#N/A,30,"2023.0a
/redfish/v1/Systems/{SYSTEM_NAME}_{InstanceId}/Processors/{GPU_PROC_NAME}_{InstanceId}/ProcessorMetrics
{Oem{Nvidia{GlobalSoftwareViolationThrottleDuration}}}","2023.0a
/redfish/v1/Systems/$SystemId/Processors/$ProcessorId/ProcessorMetrics
{Oem{Nvidia{GlobalSoftwareViolationThrottleDuration}}}","{SystemId:{SystemType: Physical}, ProcessorId: {ProcessorType: GPU}}",GPU,,Y,ES,,,,"L0, R1","L1, R1",NA
HMC-TEMP-CURR,HMC,TEMP-CURR,Total number of ticks during which the port selected by PortSelect had data to transmit but no data was sent during the entire tick either because of insufficient credits or because of lack of arbitration.,Sensor.Thermal,Uint64,"NSM T1, PortCounters: Xmitwait|  NSM: (0x01, 0x01)",,,,"2023.0a
/redfish/v1/Systems/HGX_Baseboard_{InstanceId}/Processors/GPU_SXM_{InstanceId}/Ports/NVLink_{InstanceId}/Metrics
{Oem{Nvidia{TXWait}}}","2023.0a
/redfish/v1/Systems/HGX_Baseboard_{InstanceId}/Processors/GPU_{InstanceId}/Ports/NVLink_{InstanceId}/Metrics
{Oem{Nvidia{TXWait}}}","2023.0a
/redfish/v1/Systems/System_{InstanceId}/Processors/GPU_{InstanceId}/Ports/NVLink_{InstanceId}/Metrics
{Oem{Nvidia{TXWait}}}",/redfish/v1/TelemetryService/MetricReports/HGX_ProcessorPortMetrics_0,,busctl get-property  xyz.openbmc_project.HwmonTempSensor /xyz/openbmc_project/sensors/temperature/HGX_BMC_$hmcid_Temp_$hmcid xyz.openbmc_project.Sensor.Value Value,,NA,NA,PortXmitWait,NA,Yes,Yes,NA,Yes,Yes,Yes,Yes,Yes,NA,NA,NA,NA,NA,NA,NA,,,Available OOB,,,,30,"2023.0a
/redfish/v1/Systems/{SYSTEM_NAME}_{InstanceId}/Processors/{GPU_PROC_NAME}_{InstanceId}/Ports/NVLink_{InstanceId}/Metrics
{Oem{Nvidia{TXWait}}}","2023.0a
/redfish/v1/Systems/$SystemId/Processors/$ProcessorId/Ports/$PortId/Metrics
{Oem{Nvidia{TXWait}}}","{SystemId:{SystemType: Physical}, ProcessorId: {ProcessorType: GPU}, PortId: {PortProtocol: NVLink, Id_contains: NVLink}}",GPU[NVLink],,Y,ES,,,QS,"L0, R1","L1, R1",NA
HMC-HEALTH,HMC,HEALTH,"Number of banks with the maximum remapping availability.

",Status,String,"SMBPBI: (0x20, 0x02, Unused) |  NSM: (0x03, 0x049)",,,,"2023.0a
/redfish/v1/Systems/HGX_Baseboard_{InstanceId}/Memory/GPU_SXM_{InstanceId}_DRAM_{InstanceId}/MemoryMetrics
{Oem{Nvidia{RowRemapping{MaxAvailabilityBankCount}}}}","2023.0a
/redfish/v1/Systems/HGX_Baseboard_{InstanceId}/Memory/GPU_{InstanceId}_DRAM_{InstanceId}/MemoryMetrics
{Oem{Nvidia{RowRemapping{MaxAvailabilityBankCount}}}}","2023.0a
/redfish/v1/Systems/System_{InstanceId}/Memory/GPU_{InstanceId}_DRAM_{InstanceId}/MemoryMetrics
{Oem{Nvidia{RowRemapping{MaxAvailabilityBankCount}}}}",/redfish/v1/TelemetryService/MetricReports/HGX_MemoryMetrics_0,,busctl get-property  xyz.openbmc_project.EntityManager /xyz/openbmc_project/inventory/system/bmc/HGX_BMC_0 xyz.openbmc_project.State.Decorator.Health Health,,NA,NA,NA,NA,Yes,Yes,NA,Yes,Yes,Yes,Yes,NA,NA,NA,NA,NA,NA,NA,NA,,,Available OOB,,,#N/A,30,"2023.0a
/redfish/v1/Systems/{SYSTEM_NAME}_{InstanceId}/Memory/{GPU_MEM_NAME}_{InstanceId}_DRAM_{InstanceId}/MemoryMetrics
{Oem{Nvidia{RowRemapping{MaxAvailabilityBankCount}}}}","2023.0a
/redfish/v1/Systems/$SystemId/Memory/$MemoryId/MemoryMetrics
{Oem{Nvidia{RowRemapping{MaxAvailabilityBankCount}}}}","{SystemId:{SystemType: Physical}, MemoryId: {MemoryDeviceType: HBM}}",,,Y,QS,,,,L1,L1,NA
FPGA-FW-VER,FPGA,FW-VER,Number of banks with high remapping availability.,Config,string,"SMBPBI: (0x20, 0x02, Unused) |  NSM: (0x03, 0x049)",,,,"2023.0a
/redfish/v1/Systems/HGX_Baseboard_{InstanceId}/Memory/GPU_SXM_{InstanceId}_DRAM_{InstanceId}/MemoryMetrics
{Oem{Nvidia{RowRemapping{HighAvailabilityBankCount}}}}","2023.0a
/redfish/v1/Systems/HGX_Baseboard_{InstanceId}/Memory/GPU_{InstanceId}_DRAM_{InstanceId}/MemoryMetrics
{Oem{Nvidia{RowRemapping{HighAvailabilityBankCount}}}}","2023.0a
/redfish/v1/Systems/System_{InstanceId}/Memory/GPU_{InstanceId}_DRAM_{InstanceId}/MemoryMetrics
{Oem{Nvidia{RowRemapping{HighAvailabilityBankCount}}}}",/redfish/v1/TelemetryService/MetricReports/HGX_MemoryMetrics_0,,busctl get-property  xyz.openbmc_project.PLDM /xyz/openbmc_project/software/HGX_FW_FPGA_$fpgaid xyz.openbmc_project.Software.Version Version,,NA,NA,NA,NA,Yes,Yes,NA,Yes,Yes,Yes,Yes,NA,NA,NA,NA,NA,NA,NA,NA,,,Available OOB,,,#N/A,30,"2023.0a
/redfish/v1/Systems/{SYSTEM_NAME}_{InstanceId}/Memory/{GPU_MEM_NAME}_{InstanceId}_DRAM_{InstanceId}/MemoryMetrics
{Oem{Nvidia{RowRemapping{HighAvailabilityBankCount}}}}","2023.0a
/redfish/v1/Systems/$SystemId/Memory/$MemoryId/MemoryMetrics
{Oem{Nvidia{RowRemapping{HighAvailabilityBankCount}}}}","{SystemId:{SystemType: Physical}, MemoryId: {MemoryDeviceType: HBM}}",,,Y,QS,,,,L1,L1,NA
FPGA-VENDOR,FPGA,VENDOR,"Number of banks with partial remapping availability.
",Inventory,string,"SMBPBI: (0x20, 0x02, Unused) |  NSM: (0x03, 0x049)",,,,"2023.0a
/redfish/v1/Systems/HGX_Baseboard_{InstanceId}/Memory/GPU_SXM_{InstanceId}_DRAM_{InstanceId}/MemoryMetrics
{Oem{Nvidia{RowRemapping{PartialAvailabilityBankCount}}}}","2023.0a
/redfish/v1/Systems/HGX_Baseboard_{InstanceId}/Memory/GPU_{InstanceId}_DRAM_{InstanceId}/MemoryMetrics
{Oem{Nvidia{RowRemapping{PartialAvailabilityBankCount}}}}","2023.0a
/redfish/v1/Systems/System_{InstanceId}/Memory/GPU_{InstanceId}_DRAM_{InstanceId}/MemoryMetrics
{Oem{Nvidia{RowRemapping{PartialAvailabilityBankCount}}}}",/redfish/v1/TelemetryService/MetricReports/HGX_MemoryMetrics_0,,busctl get-property  xyz.openbmc_project.NSM /xyz/openbmc_project/inventory/system/chassis/HGX_FPGA_$fpgaid xyz.openbmc_project.Inventory.Decorator.Asset Manufacturer,,NA,NA,NA,NA,Yes,Yes,NA,Yes,Yes,Yes,Yes,NA,NA,NA,NA,NA,NA,NA,NA,,,Available OOB,,,#N/A,30,"2023.0a
/redfish/v1/Systems/{SYSTEM_NAME}_{InstanceId}/Memory/{GPU_MEM_NAME}_{InstanceId}_DRAM_{InstanceId}/MemoryMetrics
{Oem{Nvidia{RowRemapping{PartialAvailabilityBankCount}}}}","2023.0a
/redfish/v1/Systems/$SystemId/Memory/$MemoryId/MemoryMetrics
{Oem{Nvidia{RowRemapping{PartialAvailabilityBankCount}}}}","{SystemId:{SystemType: Physical}, MemoryId: {MemoryDeviceType: HBM}}",,,Y,QS,,,,L1,L1,NA
FPGA-HEALTH,FPGA,HEALTH,Number of banks with low remapping availability.,Status,String,"SMBPBI: (0x20, 0x02, Unused) |  NSM: (0x03, 0x049)",,,,"2023.0a
/redfish/v1/Systems/HGX_Baseboard_{InstanceId}/Memory/GPU_SXM_{InstanceId}_DRAM_{InstanceId}/MemoryMetrics
{Oem{Nvidia{RowRemapping{LowAvailabilityBankCount}}}}","2023.0a
/redfish/v1/Systems/HGX_Baseboard_{InstanceId}/Memory/GPU_{InstanceId}_DRAM_{InstanceId}/MemoryMetrics
{Oem{Nvidia{RowRemapping{LowAvailabilityBankCount}}}}","2023.0a
/redfish/v1/Systems/System_{InstanceId}/Memory/GPU_{InstanceId}_DRAM_{InstanceId}/MemoryMetrics
{Oem{Nvidia{RowRemapping{LowAvailabilityBankCount}}}}",/redfish/v1/TelemetryService/MetricReports/HGX_MemoryMetrics_0,,busctl get-property  xyz.openbmc_project.NSM /xyz/openbmc_project/inventory/system/chassis/HGX_FPGA_$fpgaid xyz.openbmc_project.State.Decorator.Health Health,,NA,NA,NA,NA,Yes,Yes,NA,Yes,Yes,Yes,Yes,NA,NA,NA,NA,NA,NA,NA,NA,,,Available OOB,,,#N/A,30,"2023.0a
/redfish/v1/Systems/{SYSTEM_NAME}_{InstanceId}/Memory/{GPU_MEM_NAME}_{InstanceId}_DRAM_{InstanceId}/MemoryMetrics
{Oem{Nvidia{RowRemapping{LowAvailabilityBankCount}}}}","2023.0a
/redfish/v1/Systems/$SystemId/Memory/$MemoryId/MemoryMetrics
{Oem{Nvidia{RowRemapping{LowAvailabilityBankCount}}}}","{SystemId:{SystemType: Physical}, MemoryId: {MemoryDeviceType: HBM}}",,,Y,QS,,,,L1,L1,NA
CPU-MEM-CLK-FRQ,CPU,MEM-CLK-FRQ,Number of banks with no remapping availability.,Inventory,Double,"SMBPBI: (0x20, 0x02, Unused) |  NSM: (0x03, 0x049)",,,,"2023.0a
/redfish/v1/Systems/HGX_Baseboard_{InstanceId}/Memory/GPU_SXM_{InstanceId}_DRAM_{InstanceId}/MemoryMetrics
{Oem{Nvidia{RowRemapping{NoAvailabilityBankCount}}}}","2023.0a
/redfish/v1/Systems/HGX_Baseboard_{InstanceId}/Memory/GPU_{InstanceId}_DRAM_{InstanceId}/MemoryMetrics
{Oem{Nvidia{RowRemapping{NoAvailabilityBankCount}}}}","2023.0a
/redfish/v1/Systems/System_{InstanceId}/Memory/GPU_{InstanceId}_DRAM_{InstanceId}/MemoryMetrics
{Oem{Nvidia{RowRemapping{NoAvailabilityBankCount}}}}",/redfish/v1/TelemetryService/MetricReports/HGX_MemoryMetrics_0,,busctl get-property  xyz.openbmc_project.PLDM /xyz/openbmc_project/sensors/frequency/ProcessorModule_$cpuid_MemCntl_0_Freq_0 xyz.openbmc_project.Sensor.Value Value,,NA,NA,NA,NA,Yes,Yes,NA,Yes,Yes,Yes,Yes,NA,NA,NA,NA,NA,NA,NA,NA,,,Available OOB,,,#N/A,30,"2023.0a
/redfish/v1/Systems/{SYSTEM_NAME}_{InstanceId}/Memory/{GPU_MEM_NAME}_{InstanceId}_DRAM_{InstanceId}/MemoryMetrics
{Oem{Nvidia{RowRemapping{NoAvailabilityBankCount}}}}","2023.0a
/redfish/v1/Systems/$SystemId/Memory/$MemoryId/MemoryMetrics
{Oem{Nvidia{RowRemapping{NoAvailabilityBankCount}}}}","{SystemId:{SystemType: Physical}, MemoryId: {MemoryDeviceType: HBM}}",,,Y,QS,,,,L1,L1,NA
CPU-MAX-CLK-FRQ,CPU,MAX-CLK-FRQ,A string that identifies the specific manufacturer of a subsystem within a device,Inventory,Uint64,"NSM: (0x02, 0x04)",,,,"2021.1c
/redfish/v1/Chassis/HGX_GPU_SXM_{InstanceId}/PCIeDevices/GPU_SXM_{InstanceId}/PCIeFunctions/0
{SubsystemVendorId}","2021.1c
/redfish/v1/Chassis/HGX_GPU_{InstanceId}/PCIeDevices/GPU_{InstanceId}/PCIeFunctions/0
{SubsystemVendorId}","2021.1c
/redfish/v1/Chassis/GPU_{InstanceId}/PCIeDevices/GPU_{InstanceId}/PCIeFunctions/0
{SubsystemVendorId}",/redfish/v1/TelemetryService/MetricReports/HGX_ProcessorMetrics_0,/redfish/v1/TelemetryService/MetricReports/ProcessorMetrics_0,busctl get-property  xyz.openbmc_project.PLDM /xyz/openbmc_project/sensors/frequency/ProcessorModule_$cpuid_CPU_0_CpuFreq_0 xyz.openbmc_project.Sensor.Value Value,,NA,NA,NA,Yes,Yes,Yes,Yes,Yes,Yes,Yes,Yes,NA,Yes,NA,Yes,Yes,Yes,NA,Yes,Yes,,Available OOB,No,No Impact,1 Hr,30,"2021.1c
/redfish/v1/Chassis/{GPU_CHAS_NAME}_{InstanceId}/PCIeDevices/{GPU_PCIED_NAME}_{InstanceId}/PCIeFunctions/0
{SubsystemVendorId}","2021.1c
/redfish/v1/Chassis/$ChassisId/PCIeDevices/$PCIeId/PCIeFunctions/$PCIeFuncId
{SubsystemVendorId}","{ChassisId: {Id_contains: {anyOf: [GPU], not: [RoT]}}, PCIeId: {DeviceType: all}, PCIeFuncId: {FunctionId: all}}",,,Y,ES,,,,"L0, R1","L1, R1",NA
CPU-PG-RETIRE-COUNT,CPU,PG-RETIRE-COUNT,A string that identifies the specific model or type of the subsystem component provided by the subsystem vendor,Sensor.Other,Double,"NSM: (0x02, 0x04)",,,,"2021.1c
/redfish/v1/Chassis/HGX_GPU_SXM_{InstanceId}/PCIeDevices/GPU_SXM_{InstanceId}/PCIeFunctions/0
{SubsystemId}","2021.1c
/redfish/v1/Chassis/HGX_GPU_{InstanceId}/PCIeDevices/GPU_{InstanceId}/PCIeFunctions/0
{SubsystemId}","2021.1c
/redfish/v1/Chassis/GPU_{InstanceId}/PCIeDevices/GPU_{InstanceId}/PCIeFunctions/0
{SubsystemId}",/redfish/v1/TelemetryService/MetricReports/HGX_ProcessorMetrics_0,/redfish/v1/TelemetryService/MetricReports/ProcessorMetrics_0,busctl get-property  xyz.openbmc_project.PLDM /xyz/openbmc_project/sensors/counter/ProcessorModule_$cpuid_MemCntl_0_PageRetirementCount_0 xyz.openbmc_project.Sensor.Value Value,,NA,NA,NA,Yes,Yes,Yes,Yes,Yes,Yes,Yes,Yes,NA,Yes,NA,Yes,Yes,Yes,NA,Yes,Yes,,Available OOB,No,No Impact,1 Hr,30,"2021.1c
/redfish/v1/Chassis/{GPU_CHAS_NAME}_{InstanceId}/PCIeDevices/{GPU_PCIED_NAME}_{InstanceId}/PCIeFunctions/0
{SubsystemId}","2021.1c
/redfish/v1/Chassis/$ChassisId/PCIeDevices/$PCIeId/PCIeFunctions/$PCIeFuncId
{SubsystemId}","{ChassisId: {Id_contains: {anyOf: [GPU], not: [RoT]}}, PCIeId: {DeviceType: all}, PCIeFuncId: {FunctionId: all}}",,,Y,ES,,,,"L0, R1","L1, R1",NA
CPU-CORE-UTIL[0],CPU,CORE-UTIL,Depth dimension of the device,Sensor.Perf,string,"NSM: (0x3, 0xC)",,,,"2021.1c
/redfish/v1/Chassis/HGX_GPU_SXM_{InstanceId}
{DepthMm}","2021.1c
/redfish/v1/Chassis/HGX_GPU_{InstanceId}
{DepthMm}","2021.1c
/redfish/v1/Chassis/GPU_{InstanceId}
{DepthMm}",,,busctl get-property  xyz.openbmc_project.PLDM /xyz/openbmc_project/sensors/utilization/ProcessorModule_$cpuid_CPU_0_CoreUtil_[coreutilid] xyz.openbmc_project.Sensor.Value Value,"""pldmd_HGX_CpuProcessorMetrics_0""",NA,NA,NA,Yes,Yes,Yes,Yes,Yes,Yes,Yes,Yes,NA,Yes,NA,Yes,Yes,Yes,NA,Yes,Yes,,Available OOB,Yes,No Impact,10 Min,30,"2021.1c
/redfish/v1/Chassis/{GPU_CHAS_NAME}_{InstanceId}
{DepthMm}","2021.1d
/redfish/v1/Systems/$SystemId/Processors/$ProcessorId/EnvironmentMetrics
{PowerLimitWatts{AllowableMin}}","{SystemId:{SystemType: Physical}, ProcessorId: {ProcessorType: GPU}}",GPU,,,ES,,,,"L0, R1","L1, R1",NA
CPU-VREG-POWER,CPU,VREG-POWER,Width dimension of the device,Sensor.power,Double,"NSM: (0x3, 0xC)",,,,"2021.1c
/redfish/v1/Chassis/HGX_GPU_SXM_{InstanceId}
{WidthMm}","2021.1c
/redfish/v1/Chassis/HGX_GPU_{InstanceId}
{WidthMm}","2021.1c
/redfish/v1/Chassis/GPU_{InstanceId}
{WidthMm}",,,busctl get-property  xyz.openbmc_project.PLDM /xyz/openbmc_project/sensors/power/ProcessorModule_$cpuid_Vreg_0_CpuPower_0 xyz.openbmc_project.Sensor.Value Value,,NA,NA,NA,Yes,Yes,Yes,Yes,Yes,Yes,Yes,Yes,NA,Yes,NA,Yes,Yes,Yes,NA,Yes,Yes,,Available OOB,Yes,No Impact,10 Min,30,"2021.1c
/redfish/v1/Chassis/{GPU_CHAS_NAME}_{InstanceId}
{WidthMm}","2021.1d
/redfish/v1/Systems/$SystemId/Processors/$ProcessorId/EnvironmentMetrics
{PowerLimitWatts{AllowableMax}}","{SystemId:{SystemType: Physical}, ProcessorId: {ProcessorType: GPU}}",GPU,,,ES,,,,"L0, R1","L1, R1",NA
CPU-SOC-POWER,CPU,SOC-POWER,UTF-8 encoded string to describe node in text format.,Sensor.power,Double,,TBD,,NA,NA,NA,NA,,,busctl get-property  xyz.openbmc_project.PLDM /xyz/openbmc_project/sensors/power/ProcessorModule_$cpuid_Vreg_0_SocPower_0 xyz.openbmc_project.Sensor.Value Value,,NA,NA,node_description,NA,NA,NA,NA,NA,NA,NA,NA,Yes,NA,NA,NA,NA,NA,NA,NA,NA,NA,Available OOB,,,1 Hr,,NA,NA,NA,,,,ES,,,QS,L0,L1,NA
CPU-POWER,CPU,POWER,Port number,Sensor.power,Double,,TBD,,NA,NA,NA,NA,,,busctl get-property  xyz.openbmc_project.PLDM /xyz/openbmc_project/sensors/power/ProcessorModule_$_CPU_0_Power_0 xyz.openbmc_project.Sensor.Value Value,,NA,NA,"Port_Number
",NA,NA,NA,NA,NA,NA,NA,NA,Yes,NA,NA,NA,NA,NA,NA,NA,NA,NA,Available OOB,,,1 Hr,,NA,NA,NA,,,,ES,,,QS,L0,L1,NA
CPU-ENERGY,CPU,ENERGY,"Port State. Enumerated as:
 0: No State Change;
 1: Down (includes failed links)
 2: Initialize
 3: Armed
 4: Active",Sensor.power,Double,,NA,,NA,NA,NA,NA,,,busctl get-property  xyz.openbmc_project.PLDM /xyz/openbmc_project/sensors/energy/ProcessorModule_$cpuid_CPU_0_Energy_0 xyz.openbmc_project.Sensor.Value Value,,NA,NA,logical_state,NA,NA,NA,NA,NA,NA,NA,NA,Yes,NA,NA,NA,NA,NA,NA,NA,NA,NA,Available OOB,,,10 Sec,,NA,NA,NA,,,,ES,,,QS,L0,L1,NA
CPU-TEMP-AVG,CPU,TEMP-AVG,"FEC mode active:
 0: No_FEC
 1: Firecode_FEC
 2: Standard_RS_FEC - RS(528,514)
 3: Standard_LL_RS_FEC - RS(271,257)
 6: Interleaved_Standard_RS-FEC - (544,514)
 7: Standard_RS-FEC - (544,514)",Sensor.Thermal,Double,,NA,,NA,NA,NA,NA,,,busctl get-property  xyz.openbmc_project.PLDM /xyz/openbmc_project/sensors/temperature/ProcessorModule_$cpuid_CPU_0_TempAvg_0 xyz.openbmc_project.Sensor.Value Value,,NA,NA,Active_FEC,NA,NA,NA,NA,NA,NA,NA,NA,Yes,NA,NA,NA,NA,NA,NA,NA,NA,NA,Available OOB,,,10 Sec,,NA,NA,NA,,,,ES,,,QS,L0,L1,NA
CPU-TEMP-LIMIT,CPU,TEMP-LIMIT,Number of outbound packets discarded by the port because it is not in the active state.,Sensor.Thermal,Double,,NVML_FI_DEV_NVLINK_COUNT_XMIT_DISCARDS,"nvidia-smi nvlink -e (""Tx discards"")",DCGM_FI_DEV_NVLINK_COUNT_TX_DISCARDS:1210,NA,NA,NA,,,busctl get-property  xyz.openbmc_project.PLDM /xyz/openbmc_project/sensors/temperature/ProcessorModule_$cpuid_CPU_0_TempLimit_0 xyz.openbmc_project.Sensor.Value Value,,NA,NA,PortInactiveDiscards,NA,NA,NA,NA,Yes,Yes,Yes,Yes,Yes,NA,NA,NA,NA,NA,NA,NA,NA,NA,Available,,,1 Hr,,NA,NA,NA,,,,ES,,,QS,L0,L1,NA
CPU-VREG-VOLTAGE,CPU,VREG-VOLTAGE,The number of times that the count of local physical errors exceeded the threshold specified by LocalPhyErrors;,Sensor.Voltage,Double,,NVML_FI_DEV_NVLINK_COUNT_LOCAL_LINK_INTEGRITY_ERRORS,"nvidia-smi nvlink -e (""Local link integrity Errors"")",DCGM_FI_DEV_NVLINK_COUNT_LOCAL_LINK_INTEGRITY_ERRORS:1209,NA,NA,NA,,,busctl get-property  xyz.openbmc_project.PLDM /xyz/openbmc_project/sensors/voltage/ProcessorModule_$cpuid_Vreg_0_CpuVoltage_0 xyz.openbmc_project.Sensor.Value Value,,NA,NA,LocalLinkIntegrityErrors,NA,NA,NA,NA,Yes,Yes,Yes,Yes,Yes,NA,NA,NA,NA,NA,NA,NA,NA,NA,Available,,,1 Hr,,NA,NA,NA,,,,,,,QS,,L1,NA
CPU-SOC-VOLTAGE,CPU,SOC-VOLTAGE,"Raw BER- calculated by the following:
 bits 15:8 - raw_ber_magnitude
 bits 3:0 - raw_ber_coef
 Raw_BER = raw_ber_coef*10^(-raw_ber_magnitude)",Sensor.Voltage,Double,,NA,nvidia-smi nvlink -e,NA,,,,,,busctl get-property  xyz.openbmc_project.PLDM /xyz/openbmc_project/sensors/voltage/ProcessorModule_$cpuid_Vreg_0_SocVoltage_0 xyz.openbmc_project.Sensor.Value Value,,NA,NA,Total_Raw_BER,NA,Yes,Yes,Yes,Yes,Yes,Yes,Yes,Yes,,,,,,,,,,Available,,,10 Sec,,,,,,,,ES,,,QS,L0,L1,NA
CPU-C2C-LINK-STATUS,CPU,C2C-LINK-STATUS,"Symbol BER- calculated by the following:
 bits 15:8 - symbol_ber_magnitude
 bits 3:0 - symbol_ber_coef
 Symbol_BER = symbol_ber_coef*10^(-symbol_ber_magnitude)",Status,string,,NVML_FI_DEV_NVLINK_COUNT_SYMBOL_BER,"nvidia-smi nvlink -e (""Symbol BER"")",DCGM_FI_DEV_NVLINK_COUNT_SYMBOL_BER:1215,,,,,,busctl get-property  xyz.openbmc_project.PLDM /xyz/openbmc_project/state/PLDM_Sensor_{cpunvlinkid}_$eid/ProcessorModule_$cpuid_SysBus_0_NVLink_[cpunvlinkid] xyz.openbmc_project.Inventory.Decorator.PortState LinkState,,NA,NA,Symbol_BER,NA,Yes,Yes,Yes,Yes,Yes,Yes,Yes,Yes,,,,,,,,,,Available,,,10 Sec,,,,,,,,ES,,,QS,L0,L1,NA
CPU-THROTTLE-STATE,CPU,THROTTLE-STATE,First FEC histogram bin with value of 0 while all higher bins are only with 0 value as well.,Status,string,,NVML_FI_DEV_NVLINK_COUNT_FEC_HISTORY_0,"nvidia-smi nvlink -e (""FEC Errors - 0"")",NA,NA,NA,NA,NA,NA,busctl get-property  xyz.openbmc_project.PLDM /xyz/openbmc_project/state/PLDM_Sensor_$throttle0id_$eid/ProcessorModule_$cpuid_CPU_0_Throttle_0 xyz.openbmc_project.State.ProcessorPerformance Value,,NA,NA,fc_zero_hist,NA,Yes,Yes,Yes,Yes,Yes,Yes,Yes,Yes,NA,NA,NA,NA,NA,NA,,,NA,Available,,,10 Sec,,NA,NA,,,,,QS,,,PS,L1,L1,NA
CPU-EDP-VIOLATION-STATE,CPU,EDP-VIOLATION-STATE,This counter provides information on error bits that were identified on lane 0. (pre FEC & PLR),Status,string,,NA,,NA,NA,NA,NA,,,busctl get-property  xyz.openbmc_project.PLDM /xyz/openbmc_project/state/PLDM_Sensor_$edpViolationid_$eid/ProcessorModule_$cpuid_CPU_0_EDPViolation_0 xyz.openbmc_project.State.Decorator.PowerSystemInputs Status,,NA,NA,Raw_Errors_Lane_0,NA,NA,NA,NA,NA,NA,NA,NA,Yes,NA,NA,NA,NA,NA,NA,NA,NA,NA,Available OOB,,,10 Sec,,NA,NA,NA,,,,ES,,,QS,L0,L1,NA
CPU-PWR-BRK-STATE,CPU,PWR-BRK-STATE,This counter provides information on error bits that were identified on lane 1. (pre FEC & PLR),Status,string,,NA,,NA,NA,NA,NA,,,busctl get-property  xyz.openbmc_project.PLDM /xyz/openbmc_project/state/PLDM_Sensor_$powerbreak0id_$eid/ProcessorModule_$cpuid_CPU_0_PowerBreak_0 xyz.openbmc_project.State.ProcessorPerformance Value,,NA,NA,Raw_Errors_Lane_1,NA,NA,NA,NA,NA,NA,NA,NA,Yes,NA,NA,NA,NA,NA,NA,NA,NA,NA,Available OOB,,,10 Sec,,NA,NA,NA,,,,ES,,,QS,L0,L1,NA
CPU-SPR-CHN-PRES,CPU,SPR-CHN-PRES,Raw BER for lane 0. same calculation as RAW-BER.,Status,Uint64,,NA,nvidia-smi nvlink -e,NA,,,,,,busctl get-property  xyz.openbmc_project.PLDM /xyz/openbmc_project/state/PLDM_Sensor_$sparechannel0id_$eid/ProcessorModule_$cpuid_MemCntl_0_SpareChannel_0 com.nvidia.MemorySpareChannel MemorySpareChannelPresence,,NA,NA,raw_ber_lane0,NA,Yes,Yes,Yes,Yes,Yes,Yes,Yes,Yes,,,,,,,,,,Available,,,10 Sec,,,,,,,,ES,,PS,QS,L0,L1,NA
CPU-PCIE-LINK-STATUS,CPU,PCIE-LINK-STATUS,Raw BER for lane 1. same calculation as RAW-BER.,Status,string,,NA,nvidia-smi nvlink -e,NA,,,,,,busctl get-property  xyz.openbmc_project.PLDM /xyz/openbmc_project/state/PLDM_Sensor_{pldmsensorid}_$cpu_eid/ProcessorModule_$cpuid_PCIeBus_0_PCIeLink_[cpupcielinkid] xyz.openbmc_project.Inventory.Decorator.PortState LinkState,,NA,NA,raw_ber_lane1,NA,Yes,Yes,Yes,Yes,Yes,Yes,Yes,Yes,,,,,,,,,,Available,,,10 Sec,,,,,,,,ES,,PS,QS,L0,L1,NA
SBIOS-FW-VER,SBIOS,FW-VER,This counter provides information on error bits that were not corrected by FEC correction algorithm or that FEC is not active. (post FEC pre PLR),Config,string,NSM: type-0x01 cmd-0x01,NVML_FI_DEV_NVLINK_COUNT_EFFECTIVE_ERRORS,"nvidia-smi nvlink -e (""Effective Errors"")",NA,"2025.1
/redfish/v1/Systems/HGX_Baseboard_{InstanceId}/Processors/GPU_SXM_{InstanceId}/Ports/NVLink_{InstanceId}/Metrics
{Oem{Nvidia{EffectiveError}}}","2025.1
/redfish/v1/Systems/HGX_Baseboard_{InstanceId}/Processors/GPU_{InstanceId}/Ports/NVLink_{InstanceId}/Metrics
{Oem{Nvidia{EffectiveError}}}","2025.1
/redfish/v1/Systems/System_{InstanceId}/Processors/GPU_{InstanceId}/Ports/NVLink_{InstanceId}/Metrics
{Oem{Nvidia{EffectiveError}}}",NA,NA,busctl get-property  xyz.openbmc_project.PLDM /xyz/openbmc_project/software/HGX_FW_CPU_$sbiosid xyz.openbmc_project.Software.Version Version,,NA,NA,Effective_Errors,NA,Yes,Yes,Yes,Yes,Yes,Yes,Yes,Yes,NA,NA,NA,NA,NA,NA,,,NA,Available,,,10 Sec,,"2025.1
/redfish/v1/Systems/{SYSTEM_NAME}_{InstanceId}/Processors/{GPU_PROC_NAME}_{InstanceId}/Ports/NVLink_{InstanceId}/Metrics
{Oem{Nvidia{EffectiveError}}}","2025.1
/redfish/v1/Systems/$SystemId/Processors/$ProcessorId/Ports/$PortId/Metrics
{Oem{Nvidia{EffectiveError}}}","{SystemId:{SystemType: Physical}, ProcessorId: {ProcessorType: GPU}, PortId: {PortProtocol: NVLink, Id_contains: NVLink}}",GPU[NVLink],,,QS,,,QS,L1,L1,NA
BMC-FW-VER,BMC,FW-VER,"Total number of minor link errors detected on one or more
physical lanes.

This counter provides information on error bits that were not corrected by phy correction mechanisms. (post FEC & PLR)",Config,string,,NVML_FI_DEV_NVLINK_COUNT_SYMBOL_ERRORS,"nvidia-smi nvlink -e (""Symbol Errors"")",DCGM_FI_DEV_NVLINK_COUNT_RX_SYMBOL_ERRORS:1214,NA,NA,NA,NA,NA,busctl get-property  xyz.openbmc_project.Software.BMC.Inventory /xyz/openbmc_project/software/HGX_FW_BMC_$bmcid xyz.openbmc_project.Software.Version Version,,NA,NA,Symbol_Errors,NA,Yes,Yes,Yes,Yes,Yes,Yes,Yes,Yes,NA,NA,NA,NA,NA,NA,NA,,NA,Available,NO,No Impact,1 Hr,,NA,NA,NA,,,Y,QS,,,QS,L1,L1,NA
DIMM-SERIAL,DIMM,DIMM-SERIAL,The time passed since the last counters clear event in msec- time since the port was raised to up.,Inventory,string,,NA,,NA,NA,NA,NA,,,busctl get-property  xyz.openbmc_project.Smbios.MDR_V2 /xyz/openbmc_project/inventory/system/chassis/motherboard/ProcessorModule_[cpuprocessormoduleid]_Memory_0 xyz.openbmc_project.Inventory.Decorator.Asset SerialNumber,,NA,NA,Time_since_last_clear_Min,NA,NA,NA,NA,NA,NA,NA,NA,Yes,NA,NA,NA,NA,NA,NA,NA,NA,NA,Available OOB,,,#N/A,,NA,NA,NA,,,,ES,,,QS,L0,L1,NA
,,,Local ID- Link layer address of an end port.,,,,NA,,NA,NA,NA,NA,,,,,NA,NA,lid,NA,NA,NA,NA,NA,NA,NA,NA,Yes,NA,NA,NA,NA,NA,NA,NA,NA,NA,Available OOB,,,10 Sec,,NA,NA,NA,,,,ES,,,QS,L0,L1,NA
,,,Front panel label of the port,,,,NA,,NA,NA,NA,NA,,,,,NA,NA,port_label,NA,NA,NA,NA,NA,NA,NA,NA,Yes,NA,NA,NA,NA,NA,NA,NA,NA,NA,Available OOB,,,1 Hr,,NA,NA,NA,,,,ES,,,QS,L0,L1,NA
,,,Value of RS FEC Histogram (Reed Solomon error correction) bin0,,,,NVML_FI_DEV_NVLINK_COUNT_FEC_HISTORY_0,"nvidia-smi nvlink -e (""FEC Errors - 0"")",NA,NA,NA,NA,NA,NA,,,NA,NA,hist0,NA,Yes,Yes,Yes,Yes,Yes,Yes,Yes,Yes,NA,NA,NA,NA,NA,NA,,,NA,Available,,,10 Sec,,NA,NA,NA,,,,QS,,,QS,L1,L1,NA
,,,Value of RS FEC Histogram (Reed Solomon error correction) bin1,,,,NVML_FI_DEV_NVLINK_COUNT_FEC_HISTORY_1,"nvidia-smi nvlink -e (""FEC Errors - 1"")",NA,NA,NA,NA,NA,NA,,,NA,NA,hist1,NA,Yes,Yes,Yes,Yes,Yes,Yes,Yes,Yes,NA,NA,NA,NA,NA,NA,,,NA,Available,,,10 Sec,,NA,NA,NA,,,,QS,,,QS,L1,L1,NA
,,,Value of RS FEC Histogram (Reed Solomon error correction) bin2,,,,NVML_FI_DEV_NVLINK_COUNT_FEC_HISTORY_2,"nvidia-smi nvlink -e (""FEC Errors - 2"")",NA,NA,NA,NA,NA,NA,,,NA,NA,hist2,NA,Yes,Yes,Yes,Yes,Yes,Yes,Yes,Yes,NA,NA,NA,NA,NA,NA,,,NA,Available,,,10 Sec,,NA,NA,NA,,,,QS,,,QS,L1,L1,NA
,,,Value of RS FEC Histogram (Reed Solomon error correction) bin3,,,,NVML_FI_DEV_NVLINK_COUNT_FEC_HISTORY_3,"nvidia-smi nvlink -e (""FEC Errors - 3"")",NA,NA,NA,NA,NA,NA,,,NA,NA,hist3,NA,Yes,Yes,Yes,Yes,Yes,Yes,Yes,Yes,NA,NA,NA,NA,NA,NA,,,NA,Available,,,10 Sec,,NA,NA,NA,,,,QS,,,QS,L1,L1,NA
,,,Value of RS FEC Histogram (Reed Solomon error correction) bin4,,,,NVML_FI_DEV_NVLINK_COUNT_FEC_HISTORY_4,"nvidia-smi nvlink -e (""FEC Errors - 4"")",NA,NA,NA,NA,NA,NA,,,NA,NA,hist4,NA,Yes,Yes,Yes,Yes,Yes,Yes,Yes,Yes,NA,NA,NA,NA,NA,NA,,,NA,Available,,,10 Sec,,NA,NA,NA,,,,QS,,,QS,L1,L1,NA
,,,Value of RS FEC Histogram (Reed Solomon error correction) bin5,,,,NVML_FI_DEV_NVLINK_COUNT_FEC_HISTORY_5,"nvidia-smi nvlink -e (""FEC Errors - 5"")",NA,NA,NA,NA,NA,NA,,,NA,NA,hist5,NA,Yes,Yes,Yes,Yes,Yes,Yes,Yes,Yes,NA,NA,NA,NA,NA,NA,,,NA,Available,,,10 Sec,,NA,NA,NA,,,,QS,,,QS,L1,L1,NA
,,,Value of RS FEC Histogram (Reed Solomon error correction) bin6,,,,NVML_FI_DEV_NVLINK_COUNT_FEC_HISTORY_6,"nvidia-smi nvlink -e (""FEC Errors - 6"")",NA,NA,NA,NA,NA,NA,,,NA,NA,Hist6,NA,Yes,Yes,Yes,Yes,Yes,Yes,Yes,Yes,NA,NA,NA,NA,NA,NA,,,NA,Available,,,10 Sec,,NA,NA,NA,,,,QS,,,QS,L1,L1,NA
,,,Value of RS FEC Histogram (Reed Solomon error correction) bin7,,,,NVML_FI_DEV_NVLINK_COUNT_FEC_HISTORY_7,"nvidia-smi nvlink -e (""FEC Errors - 7"")",NA,NA,NA,NA,NA,NA,,,NA,NA,Hist7,NA,Yes,Yes,Yes,Yes,Yes,Yes,Yes,Yes,NA,NA,NA,NA,NA,NA,,,NA,Available,,,10 Sec,,NA,NA,NA,,,,QS,,,QS,L1,L1,NA
,,,Value of RS FEC Histogram (Reed Solomon error correction) bin8,,,,NVML_FI_DEV_NVLINK_COUNT_FEC_HISTORY_8,"nvidia-smi nvlink -e (""FEC Errors - 8"")",NA,NA,NA,NA,NA,NA,,,NA,NA,Hist8,NA,Yes,Yes,Yes,Yes,Yes,Yes,Yes,Yes,NA,NA,NA,NA,NA,NA,,,NA,Available,,,10 Sec,,NA,NA,NA,,,,QS,,,QS,L1,L1,NA
,,,Value of RS FEC Histogram (Reed Solomon error correction) bin9,,,,NVML_FI_DEV_NVLINK_COUNT_FEC_HISTORY_9,"nvidia-smi nvlink -e (""FEC Errors - 9"")",NA,NA,NA,NA,NA,NA,,,NA,NA,Hist9,NA,Yes,Yes,Yes,Yes,Yes,Yes,Yes,Yes,NA,NA,NA,NA,NA,NA,,,NA,Available,,,10 Sec,,NA,NA,NA,,,,QS,,,QS,L1,L1,NA
,,,Value of RS FEC Histogram (Reed Solomon error correction) bin10,,,,NVML_FI_DEV_NVLINK_COUNT_FEC_HISTORY_10,"nvidia-smi nvlink -e (""FEC Errors - 10"")",NA,NA,NA,NA,NA,NA,,,NA,NA,Hist10,NA,Yes,Yes,Yes,Yes,Yes,Yes,Yes,Yes,NA,NA,NA,NA,NA,NA,,,NA,Available,,,10 Sec,,NA,NA,NA,,,,QS,,,QS,L1,L1,NA
,,,Value of RS FEC Histogram (Reed Solomon error correction) bin11,,,,NVML_FI_DEV_NVLINK_COUNT_FEC_HISTORY_11,"nvidia-smi nvlink -e (""FEC Errors - 11"")",NA,NA,NA,NA,NA,NA,,,NA,NA,Hist11,NA,Yes,Yes,Yes,Yes,Yes,Yes,Yes,Yes,NA,NA,NA,NA,NA,NA,,,NA,Available,,,10 Sec,,NA,NA,NA,,,,QS,,,QS,L1,L1,NA
,,,Value of RS FEC Histogram (Reed Solomon error correction) bin12,,,,NVML_FI_DEV_NVLINK_COUNT_FEC_HISTORY_12,"nvidia-smi nvlink -e (""FEC Errors - 12"")",NA,NA,NA,NA,NA,NA,,,NA,NA,hist12,NA,Yes,Yes,Yes,Yes,Yes,Yes,Yes,Yes,NA,NA,NA,NA,NA,NA,,,NA,Available,,,10 Sec,,NA,NA,NA,,,,QS,,,QS,L1,L1,NA
,,,Value of RS FEC Histogram (Reed Solomon error correction) bin13,,,,NVML_FI_DEV_NVLINK_COUNT_FEC_HISTORY_13,"nvidia-smi nvlink -e (""FEC Errors - 13"")",NA,NA,NA,NA,NA,NA,,,NA,NA,hist13,NA,Yes,Yes,Yes,Yes,Yes,Yes,Yes,Yes,NA,NA,NA,NA,NA,NA,,,NA,Available,,,10 Sec,,NA,NA,NA,,,,QS,,,QS,L1,L1,NA
,,,Value of RS FEC Histogram (Reed Solomon error correction) bin14,,,,NVML_FI_DEV_NVLINK_COUNT_FEC_HISTORY_14,"nvidia-smi nvlink -e (""FEC Errors - 14"")",NA,NA,NA,NA,NA,NA,,,NA,NA,hist14,NA,Yes,Yes,Yes,Yes,Yes,Yes,Yes,Yes,NA,NA,NA,NA,NA,NA,,,NA,Available,,,10 Sec,,NA,NA,NA,,,,QS,,,QS,L1,L1,NA
,,,Value of RS FEC Histogram (Reed Solomon error correction) bin15,,,,NVML_FI_DEV_NVLINK_COUNT_FEC_HISTORY_15,"nvidia-smi nvlink -e (""FEC Errors - 15"")",NA,NA,NA,NA,NA,NA,,,NA,NA,hist15,NA,Yes,Yes,Yes,Yes,Yes,Yes,Yes,Yes,NA,NA,NA,NA,NA,NA,,,NA,Available,,,10 Sec,,NA,NA,NA,,,,QS,,,QS,L1,L1,NA
,,,Number of received PLR codewords,,,,NA,,NA,NA,NA,NA,,,,,NA,NA,PlrRcvCodes,NA,NA,NA,NA,NA,NA,NA,NA,Yes,NA,NA,NA,NA,NA,NA,NA,NA,NA,Available OOB,,,10 Sec,,NA,NA,NA,,,,ES,,,QS,L0,L1,NA
,,,The total number of rejected PLR codewords received,,,,NA,,NA,NA,NA,NA,,,,,NA,NA,PlrRcvCodeErr,NA,NA,NA,NA,NA,NA,NA,NA,Yes,NA,NA,NA,NA,NA,NA,NA,NA,NA,Available OOB,,,10 Sec,,NA,NA,NA,,,,ES,,,QS,L0,L1,NA
,,,The total number of uncorrectable PLR codewords received,,,,NA,,NA,NA,NA,NA,,,,,NA,NA,PlrRcvUncorrectableCode,NA,NA,NA,NA,NA,NA,NA,NA,Yes,NA,NA,NA,NA,NA,NA,NA,NA,NA,Available OOB,,,10 Sec,,NA,NA,NA,,,,ES,,,QS,L0,L1,NA
,,,Number of transmitted PLR codewords,,,,NA,,NA,NA,NA,NA,,,,,NA,NA,PlrXmitCodes,NA,NA,NA,NA,NA,NA,NA,NA,Yes,NA,NA,NA,NA,NA,NA,NA,NA,NA,Available OOB,,,10 Sec,,NA,NA,NA,,,,ES,,,QS,L0,L1,NA
,,,The total number of PLR codewords retransmitted,,,,NA,,NA,NA,NA,NA,,,,,NA,NA,PlrXmitRetryCodes,NA,NA,NA,NA,NA,NA,NA,NA,Yes,NA,NA,NA,NA,NA,NA,NA,NA,NA,Available OOB,,,10 Sec,,NA,NA,NA,,,,ES,,,QS,L0,L1,NA
,,,The total number of retransmitted events,,,,NA,,NA,NA,NA,NA,,,,,NA,NA,PlrXmitRetryEvents,NA,NA,NA,NA,NA,NA,NA,NA,Yes,NA,NA,NA,NA,NA,NA,NA,NA,NA,Available OOB,,,10 Sec,,NA,NA,NA,,,,ES,,,QS,L0,L1,NA
,,,The number of PLR sync events,,,,NA,,NA,NA,NA,NA,,,,,NA,NA,PlrSyncEvents,NA,NA,NA,NA,NA,NA,NA,NA,Yes,NA,NA,NA,NA,NA,NA,NA,NA,NA,Available OOB,,,10 Sec,,NA,NA,NA,,,,ES,,,QS,L0,L1,NA
,,,"Recieved bandwidth loss due to codes retransmission.
 calculated in resolution of: (plr_rcv_code_err / plr_rcv_codes) * 10^10
 BW Loss % = (plr_codes_loss / 10^10 ) *100",,,,NA,,NA,NA,NA,NA,,,,,NA,NA,HiRetransmissionRate,NA,NA,NA,NA,NA,NA,NA,NA,Yes,NA,NA,NA,NA,NA,NA,NA,NA,NA,Available OOB,,,10 Sec,,NA,NA,NA,,,,ES,,,QS,L0,L1,NA
,,,The maximum number of retransmitted events in 60 sec window,,,,NA,,NA,NA,NA,NA,,,,,NA,NA,PlrXmitRetryCodesWithinTSecMax,NA,NA,NA,NA,NA,NA,NA,NA,Yes,NA,NA,NA,NA,NA,NA,NA,NA,NA,Available OOB,,,10 Sec,,NA,NA,NA,,,,ES,,,QS,L0,L1,NA
,,,"The total number of packets that were dropped since it contained errors. Reasons for this include:
 Dropped due to MPR mismatch.",,,,NVML_FI_DEV_NVLINK_COUNT_RCV_GENERAL_ERRORS,"nvidia-smi nvlink -e (""Rx General Errors"")",DCGM_FI_DEV_NVLINK_COUNT_RX_GENERAL_ERRORS:1208,NA,NA,NA,,,,,NA,NA,rq_general_error,NA,NA,NA,NA,Yes,Yes,Yes,Yes,Yes,NA,NA,NA,NA,NA,NA,NA,NA,NA,Available,,,1 Hr,,NA,NA,NA,,,,ES,,,QS,L0,L1,NA
,,,"Time in msec to link up from disable until phy up state.
 While the phy manager did not reach phy up state the timer will return 0.
 The timer resets to 0 in one of the following cases:
 1. When moving to disable or rx disable state.
 2. When moving from active or phy up to polling state, while working at force mode.",,,,NA,,NA,NA,NA,NA,,,,,NA,NA,time_to_link_up_ext_msec,NA,NA,NA,NA,NA,NA,NA,NA,Yes,NA,NA,NA,NA,NA,NA,NA,NA,NA,Available OOB,,,10 Sec,,NA,NA,NA,,,,ES,,,QS,L0,L1,NA
,,,Internal Opcode for future debug,,,,,,NA,NA,NA,NA,,,,,NA,NA,Advanced_Status_Opcode,NA,NA,NA,NA,NA,NA,NA,NA,Yes,NA,NA,NA,NA,NA,NA,NA,NA,NA,Available OOB,,,10 Sec,,NA,NA,NA,,,,ES,,,QS,L0,L1,NA
,,,String represntation of STATUS-OPCODE. All Messages are terminated by a Null character ‘\0’,,,,,,NA,NA,NA,NA,,,,,NA,NA,Status_Message,NA,NA,NA,NA,NA,NA,NA,NA,Yes,NA,NA,NA,NA,NA,NA,NA,NA,NA,Available OOB,,,10 Sec,,NA,NA,NA,,,,ES,,,QS,L0,L1,NA
,,,"Which receiver caused last link down:
 0: Unknown
 1: Local_phy
 2: Remote_phy",,,,,,NA,NA,NA,NA,,,,,NA,NA,down_blame,NA,NA,NA,NA,NA,NA,NA,NA,Yes,NA,NA,NA,NA,NA,NA,NA,NA,NA,Available OOB,,,10 Sec,,NA,NA,NA,,,,ES,,,QS,L0,L1,NA
,,,"Opcode of link down reason:
 0: No_link_down_indication
 1: Unknown_reason
 2: Hi_SER_or_Hi_BER
 3: Block_Lock_loss
 4: Alignment_loss
 5: FEC_sync_loss
 6: PLL_lock_loss
 7: FIFO_overflow
 8: false_SKIP_condition
 9: Minor_Error_threshold_exceeded
 10: Physical_layer_retransmission_timeout
 11: Heartbeat_errors
 12: Link_Layer_credit_monitoring_watchdog
 13: Link_Layer_integrity_threshold_exceeded
 14: Link_Layer_buffer_overrun
 15: Down_by_outband_command_with_healthy_link
 16: Down_by_outband_command_for_link_with_hi_ber
 17: Down_by_inband_command_with_healthy_link
 18: Down_by_inband_command_for_link_with_hi_ber
 19: Down_by_verification_GW
 20: Received_Remote_Fault
 21: Received_TS1
 22: Down_by_management_command
 23: Cable_was_unplugged
 24: Cable_access_issue
 25: Thermal_shutdown
 26: Current_issue
 27: Power_budget
 28: Fast_recovery_raw_ber
 29: Fast_recovery_effective_ber
 30: Fast_recovery_symbol_ber
 31: Fast_recovery_credit_watchdog
 32: Timeout",,,,,,NA,NA,NA,NA,,,,,NA,NA,local_reason_opcode,NA,NA,NA,NA,NA,NA,NA,NA,Yes,NA,NA,NA,NA,NA,NA,,,,Available OOB,,,10 Sec,,NA,NA,NA,,,,ES,,,QS,L0,L1,NA
,,,"Opcode of link down reason:
 0: No_link_down_indication
 1: Unknown_reason
 2: Hi_SER_or_Hi_BER
 3: Block_Lock_loss
 4: Alignment_loss
 5: FEC_sync_loss
 6: PLL_lock_loss
 7: FIFO_overflow
 8: false_SKIP_condition
 9: Minor_Error_threshold_exceeded
 10: Physical_layer_retransmission_timeout
 11: Heartbeat_errors
 12: Link_Layer_credit_monitoring_watchdog
 13: Link_Layer_integrity_threshold_exceeded
 14: Link_Layer_buffer_overrun
 15: Down_by_outband_command_with_healthy_link
 16: Down_by_outband_command_for_link_with_hi_ber
 17: Down_by_inband_command_with_healthy_link
 18: Down_by_inband_command_for_link_with_hi_ber
 19: Down_by_verification_GW
 20: Received_Remote_Fault
 21: Received_TS1
 22: Down_by_management_command
 23: Cable_was_unplugged
 24: Cable_access_issue
 25: Thermal_shutdown
 26: Current_issue
 27: Power_budget
 28: Fast_recovery_raw_ber
 29: Fast_recovery_effective_ber
 30: Fast_recovery_symbol_ber
 31: Fast_recovery_credit_watchdog
 32: Timeout",,,,,,NA,NA,NA,NA,,,,,NA,NA,remote_reason_opcode,NA,NA,NA,NA,NA,NA,NA,NA,Yes,NA,NA,NA,NA,NA,NA,NA,NA,NA,Available OOB,,,10 Sec,,NA,NA,NA,,,,ES,,,QS,L0,L1,NA
,,,,,,,,,NA,NA,NA,NA,,,,,NA,NA,phy_received_bits,NA,NA,NA,NA,NA,NA,NA,NA,Yes,NA,NA,NA,NA,NA,NA,NA,NA,NA,Available OOB,,,,,NA,NA,NA,,,,ES,,,QS,L0,L1,NA
,,,"Total number of packets received on the port that contain local physical errors (ICRC, VCRC, LPCRC, and all physical errors
 that cause entry into the BAD PACKET or BAD PACKET DISCARD states of the packet receiver state machine).",,,,,,NA,NA,NA,NA,,,,,NA,NA,PortLocalPhysicalErrors,NA,NA,NA,NA,NA,NA,NA,NA,Yes,NA,NA,NA,NA,NA,NA,NA,NA,NA,Available OOB,,,1 Hr,,NA,NA,NA,,,,,,,QS,L1,L1,NA
,,,Count of errored block sync header on one or more lanes (Is it needed? Interesting counter? Maybe remove. ),,,,NA,,NA,NA,NA,NA,,,,,NA,NA,SyncHeaderErrorCounter,NA,NA,NA,NA,NA,NA,NA,NA,Yes,NA,NA,NA,NA,NA,NA,NA,NA,NA,Available OOB,,,1 Hr,,NA,NA,NA,,,,,,,QS,L1,L1,NA
,,,Total number of packets received on the port that were discarded due to buffer overrun.,,,,NVML_FI_DEV_NVLINK_COUNT_BUFFER_OVERRUN_ERRORS,"nvidia-smi nvlink -e (""Buffer overrun Errors"")",DCGM_FI_DEV_NVLINK_COUNT_RX_BUFFER_OVERRUN_ERRORS:1205,NA,NA,NA,,,,,NA,NA,ExcessiveBufferOverrunErrors,NA,NA,NA,NA,Yes,Yes,Yes,Yes,Yes,NA,NA,NA,NA,NA,NA,NA,NA,NA,Available,,,1 Hr,,NA,NA,NA,,,,,,,QS,L1,L1,NA
,,,The upper bound of present clock limits which supersede all in-band clock configurations,,,"NSM: (0x3, 0x11)",NA,NA,NA,"2021.1c
/redfish/v1/Systems/HGX_Baseboard_{InstanceId}/Processors/GPU_SXM_{InstanceId}
{SpeedLimitMHz}","2021.1c
/redfish/v1/Systems/HGX_Baseboard_{InstanceId}/Processors/GPU_{InstanceId}
{SpeedLimitMHz}","2021.1c
/redfish/v1/Systems/System_{InstanceId}/Processors/GPU_{InstanceId}
{SpeedLimitMHz}",,,,,NA,NA,NA,Yes,Yes,Yes,Yes,Yes,Yes,Yes,Yes,NA,Yes,NA,Yes,Yes,Yes,NA,Yes,Yes,,Available OOB,Yes,No Impact,1 Hr,30,"2021.1c
/redfish/v1/Systems/{SYSTEM_NAME}_{InstanceId}/Processors/{GPU_PROC_NAME}_{InstanceId}
{SpeedLimitMHz}","2021.1c
/redfish/v1/Systems/$SystemId/Processors/$ProcessorId
{SpeedLimitMHz}","{SystemId:{SystemType: Physical}, ProcessorId: {ProcessorType: GPU}}",GPU,,,ES,,,,"L0, R1","L1, R1",NA
,,,"link active width:
 Bit 0: 1x
 Bit 1: 2x
 Bit 2: 4x",,,,,,,,NA,NA,,,,,NA,NA,"Link_width_active
",NA,NA,NA,NA,NA,NA,NA,NA,Yes,NA,NA,NA,NA,NA,NA,NA,NA,NA,Available OOB,,,10 Sec,,NA,NA,NA,,,,ES,,,QS,L0,L1,NA
,,,"Show some more info about the PHY state:
0:Disabled
1:Open_port
2:Polling
3:Active_or_Linkup
4:Close_port
5:Phy_up
7:Rx_disable",,,NA,NA,NA,NA,,NA,NA,,,,,NA,NA,Phy_Manager_State,NA,NA,NA,NA,NA,NA,NA,NA,Yes,NA,NA,NA,NA,NA,NA,NA,NA,NA,Available OOB,,,10 Sec,,NA,NA,NA,,,,,,,QS,L1,L1,NA
,,,"Total number of packets marked with the EBP delimiter received on the port. EBP is a special kind of packet that indicates the end of a burst of packets. A burst is a sequence of packets sent in rapid succession. The use of EBP helps in flow control. By knowing the end of a burst, the receiving side can manage its buffers efficiently and ensure that packets are processed in order without dropping any due to buffer overruns.",,,,NVML_FI_DEV_NVLINK_COUNT_RCV_REMOTE_ERRORS,"nvidia-smi nvlink -e (""Rx remote Errors"")",DCGM_FI_DEV_NVLINK_COUNT_RX_REMOTE_ERRORS:1207,,NA,NA,,,,,NA,NA,PortRcvRemotePhysicalErrors,NA,NA,NA,Yes,Yes,Yes,Yes,Yes,Yes,NA,NA,NA,NA,NA,NA,NA,,,Available,,,,,NA,NA,NA,,,,,,,QS,L1,L1,NA
,,,Description of the link partner side (port that is connected to the port),,,,,,,,,,,,,,NA,NA,link_partner_description,,,,,NA,NA,NA,NA,Yes,,,,,,,,,,Available,,,#N/A,,,,,,,,,,,QS,L1,L1,NA
,,,GUID of the link partner side (port that is connected to the port),,,,,,,,,,,,,,NA,NA,link_partner_node_guid,,,,,NA,NA,NA,NA,Yes,,,,,,,,,,Available,,,#N/A,,,,,,,,,,,QS,L1,L1,NA
,,,LID of the link partner side (port that is connected to the port),,,,,,,,,,,,,,NA,NA,link_partner_lid,,,,,NA,NA,NA,NA,Yes,,,,,,,,,,Available,,,#N/A,,,,,,,,,,,QS,L1,L1,NA
,,,Port number of the link partner side (port that is connected to the port),,,,,,,,,,,,,,NA,NA,link_partner_port_num,,,,,NA,NA,NA,NA,Yes,,,,,,,,,,Available,,,#N/A,,,,,,,,,,,QS,L1,L1,NA
,,,RoT Firmware version,,,PLDM: pldmtool fw_update GetFwParams -m <eid>,NA,NA,NA,"2019.2
/redfish/v1/UpdateService/FirmwareInventory/HGX_FW_ERoT_GPU_SXM_{InstanceId}
{Version}","2019.2
/redfish/v1/UpdateService/FirmwareInventory/HGX_FW_ERoT_GPU_{InstanceId}
{Version}","2019.2
/redfish/v1/UpdateService/FirmwareInventory/{GPU_RoT_FW_NAME}_{InstanceId}
{Version}",,,,,NA,NA,NA,Yes,NA,NA,NA,NA,NA,NA,NA,NA,Yes,NA,Yes,Yes,Yes,NA,Yes,NA,,Available OOB,No,No Impact,1 Hr,,"2019.2
/redfish/v1/UpdateService/FirmwareInventory/{GPU_RoT_FW_NAME}_{InstanceId}
{Version}","2019.2
/redfish/v1/UpdateService/FirmwareInventory/$FwId
{Version}","{FwId: {Id_contains: {allOf: [GPU, RoT]}}}",,,Y,ES Factory,,,,"L0, R1","L1, R1",NA
,,,"GPU last reset type: PF-FLR, Conventional, non-fundamental, Fundamental (PERST#), IRoT reset",,,"NSM: 0x4, 0x0",NA,NA,NA,"2025.1
/redfish/v1/Systems/HGX_Baseboard_{InstanceId}/Processors/GPU_SXM_{InstanceId}/Oem/Nvidia/ProcessorResetMetrics
{LastResetType}","2025.1
/redfish/v1/Systems/HGX_Baseboard_{InstanceId}/Processors/GPU_{InstanceId}/Oem/Nvidia/ProcessorResetMetrics
{LastResetType}",NA,/redfish/v1/TelemetryService/MetricReports/HGX_ProcessorResetMetrics_0,NA,,,NA,NA,NA,NA,Yes,Yes,NA,Yes,Yes,Yes,Yes,NA,NA,NA,NA,NA,NA,NA,NA,NA,NA,Available OOB,,,10 Sec,,"2025.1
/redfish/v1/Systems/{SYSTEM_NAME}_{InstanceId}/Processors/{GPU_PROC_NAME}_{InstanceId}/Oem/Nvidia/ProcessorResetMetrics
{LastResetType}","2025.1
/redfish/v1/Systems/$SystemId/Processors/$ProcessorId/Oem/Nvidia/ProcessorResetMetrics
{LastResetType}","{SystemId:{SystemType: Physical}, ProcessorId: {ProcessorType: GPU}}",GPU,,,QS NVOEM,,,,nvoem,L1,NA
,,,GPU MCU/SMA Firmware version,,,"NSM: (0x06, 0x01)",NA,NA,NA,"2025.0a
/redfish/v1/UpdateService/FirmwareInventory/HGX_FW_SXM_SMA_{InstanceId}
{Version}","2025.0a
/redfish/v1/UpdateService/FirmwareInventory/{GPU_SMA_FW_NAME}_{InstanceId}
{Version}",NA,NA,NA,,,NA,NA,NA,NA,NA,Yes,NA,NA,NA,Yes,Yes,NA,NA,NA,NA,NA,NA,NA,NA,NA,NA,Available OOB,No,No Impact,1 Hr,,"2025.0a
/redfish/v1/UpdateService/FirmwareInventory/{GPU_SMA_FW_NAME}_{InstanceId}
{Version}","2025.0a
/redfish/v1/UpdateService/FirmwareInventory/$FwId
{Version}","{FwId: {Id_contains: {allOf: [SMA], anyOf: [GPU, SXM]}}}",GPU-SXM-MCU,,,ES,,,,L0,L1,NA
,,,GPU MCU/SMA UUID,,,"NSM: (0x03, 0x0C)",NA,NA,NA,"2025.0a
/redfish/v1/Chassis/HGX_SXM_SMA_{InstanceId}
{UUID}","2025.0a
/redfish/v1/Chassis/{GPU_SMA_NAME}_{InstanceId}
{UUID}",NA,NA,NA,,,NA,NA,NA,NA,NA,Yes,NA,NA,NA,Yes,Yes,NA,NA,NA,NA,NA,NA,NA,NA,NA,NA,Available OOB,No,No Impact,1 Hr,,"2025.0a
/redfish/v1/Chassis/{GPU_SMA_NAME}_{InstanceId}
{UUID}","2025.0a
/redfish/v1/Chassis/$ChassisId
{UUID}","{ChassisId: {Id_contains: {allOf: [SXM, SMA], not: [RoT]}}}",GPU-SXM-MCU,,,ES,,,,L0,L1,NA
,,,Current temperature of MCU/SMA,,,"NSM: (0x3, 0x3)",NA,NA,NA,"2025.0a
/redfish/v1/Chassis/HGX_SXM_SMA_{InstanceId}/Sensors/HGX_SXM_SMA_{InstanceId}_Temp_0
{Reading}","2025.0a
/redfish/v1/Chassis/{GPU_SMA_NAME}_{InstanceId}/Sensors/{GPU_SMA_NAME}_{InstanceId}_Temp_0
{Reading}",NA,NA,NA,,,NA,NA,NA,NA,NA,Yes,NA,NA,NA,Yes,Yes,NA,NA,NA,NA,NA,NA,NA,NA,NA,NA,Available OOB,No,No Impact,10 Sec,,"2025.0a
/redfish/v1/Chassis/{GPU_SMA_NAME}_{InstanceId}/Sensors/{GPU_SMA_NAME}_{InstanceId}_Temp_0
{Reading}","2025.0a
/redfish/v1/Chassis/$ChassisId/Sensors/$SensorId
{Reading}","{ChassisId: {Id_contains: {allOf: [SXM, SMA], not: [RoT]}}, SensorId: {ReadingType: Temperature}}",GPU-SXM-MCU,,Y,QS,,,,L1,L1,NA
,,,GPU MCU/SMA SKU,,,"NSM: (0x03, 0x0C)",NA,NA,NA,"2025.0a
/redfish/v1/Chassis/HGX_GPU_SXM_{InstanceId}
{SKU}",,NA,NA,NA,,,NA,NA,NA,NA,NA,Yes,NA,NA,NA,NA,NA,NA,NA,NA,NA,NA,NA,NA,NA,NA,NA,Available OOB,No,No Impact,1 Hr,,"2025.0a
/redfish/v1/Chassis/{GPU_SMA_NAME}_{InstanceId}
{SKU}","2025.0a
/redfish/v1/Chassis/$ChassisId
{SKU}","{ChassisId: {Id_contains: {allOf: [SXM, SMA], not: [RoT]}}}",,,,ES,,,,L0,L1,NA
,,,GPU MCU/SMA RoT Boot Status code Information,,,"NSM: (0x06, 0x01)",NA,NA,NA,"2025.0a
/redfish/v1/Chassis/HGX_IRoT_SXM_SMA_{InstanceId}/Oem/NvidiaRoT/RoTProtectedComponents/SXM_SMA_{InstanceId}
{BootStatusCode}",,NA,NA,NA,,,NA,NA,NA,NA,NA,Yes,NA,NA,NA,NA,NA,NA,NA,NA,NA,NA,NA,NA,NA,NA,NA,Available OOB,No,No Impact,10 Sec,,"2025.0a
/redfish/v1/Chassis/{GPU_SMA_IRoT_NAME}_{InstanceId}/Oem/NvidiaRoT/RoTProtectedComponents/{GPU_SMA_COMP_NAME}_{InstanceId}
{BootStatusCode}","2025.0a
/redfish/v1/Chassis/$ChassisId/Oem/NvidiaRoT/RoTProtectedComponents/$ComponentId
{BootStatusCode}","{ChassisId:{Id_contains: {allOf: [SXM, SMA, RoT]}}, ComponentId: {Id: all}}",,,Y,QS,,,,L1,L1,NA
,,,GPU MCU/SMA RoT Active Slot Id,,,"NSM: (0x06, 0x01)",NA,NA,NA,"2025.0a
/redfish/v1/Chassis/HGX_IRoT_SXM_SMA_{InstanceId}/Oem/NvidiaRoT/RoTProtectedComponents/SXM_SMA_{InstanceId}
{ActiveSlotId}",,NA,NA,NA,,,NA,NA,NA,NA,NA,Yes,NA,NA,NA,NA,NA,NA,NA,NA,NA,NA,NA,NA,NA,NA,NA,Available OOB,No,No Impact,10 Sec,,"2025.0a
/redfish/v1/Chassis/{GPU_SMA_IRoT_NAME}_{InstanceId}/Oem/NvidiaRoT/RoTProtectedComponents/{GPU_SMA_COMP_NAME}_{InstanceId}
{ActiveSlotId}","2025.0a
/redfish/v1/Chassis/$ChassisId/Oem/NvidiaRoT/RoTProtectedComponents/$ComponentId
{ActiveSlotId}","{ChassisId:{Id_contains: {allOf: [SXM, SMA, RoT]}}, ComponentId: {Id: all}}",,,,QS,,,,L1,L1,NA
,,,GPU MCU/SMA RoT Active Keyset Identifier,,,"NSM: (0x06, 0x01)",NA,NA,NA,"2025.0a
/redfish/v1/Chassis/HGX_IRoT_SXM_SMA_{InstanceId}/Oem/NvidiaRoT/RoTProtectedComponents/SXM_SMA_{InstanceId}
{ActiveKeySetIdentifier}",,NA,NA,NA,,,NA,NA,NA,NA,NA,Yes,NA,NA,NA,NA,NA,NA,NA,NA,NA,NA,NA,NA,NA,NA,NA,Available OOB,No,No Impact,10 Sec,,"2025.0a
/redfish/v1/Chassis/{GPU_SMA_IRoT_NAME}_{InstanceId}/Oem/NvidiaRoT/RoTProtectedComponents/{GPU_SMA_COMP_NAME}_{InstanceId}
{ActiveKeySetIdentifier}","2025.0a
/redfish/v1/Chassis/$ChassisId/Oem/NvidiaRoT/RoTProtectedComponents/$ComponentId
{ActiveKeySetIdentifier}","{ChassisId:{Id_contains: {allOf: [SXM, SMA, RoT]}}, ComponentId: {Id: all}}",,,,QS,,,,L1,L1,NA
,,,GPU MCU/SMA RoT minimum security version,,,"NSM: (0x06, 0x01)",NA,NA,NA,"2025.0a
/redfish/v1/Chassis/HGX_IRoT_SXM_SMA_{InstanceId}/Oem/NvidiaRoT/RoTProtectedComponents/SXM_SMA_{InstanceId}
{MinimumSecurityVersion}",,NA,NA,NA,,,NA,NA,NA,NA,NA,Yes,NA,NA,NA,NA,NA,NA,NA,NA,NA,NA,NA,NA,NA,NA,NA,Available OOB,No,No Impact,1 Hr,,"2025.0a
/redfish/v1/Chassis/{GPU_SMA_IRoT_NAME}_{InstanceId}/Oem/NvidiaRoT/RoTProtectedComponents/{GPU_SMA_COMP_NAME}_{InstanceId}
{MinimumSecurityVersion}","2025.0a
/redfish/v1/Chassis/$ChassisId/Oem/NvidiaRoT/RoTProtectedComponents/$ComponentId
{MinimumSecurityVersion}","{ChassisId:{Id_contains: {allOf: [SXM, SMA, RoT]}}, ComponentId: {Id: all}}",,,,QS,,,,L1,L1,NA
,,,GPU MCU/SMA RoT Image Slot ID,,,"NSM: (0x06, 0x01)",NA,NA,NA,"2025.0a
/redfish/v1/Chassis/HGX_IRoT_SXM_SMA_{InstanceId}/Oem/NvidiaRoT/RoTProtectedComponents/SXM_SMA_{InstanceId}/ImageSlots/{InstanceId}
{SlotId}",,NA,NA,NA,,,NA,NA,NA,NA,NA,Yes,NA,NA,NA,NA,NA,NA,NA,NA,NA,NA,NA,NA,NA,NA,NA,Available OOB,No,No Impact,1 Hr,,"2025.0a
/redfish/v1/Chassis/{GPU_SMA_IRoT_NAME}_{InstanceId}/Oem/NvidiaRoT/RoTProtectedComponents/{GPU_SMA_COMP_NAME}_{InstanceId}/ImageSlots/{InstanceId}
{SlotId}","2025.0a
/redfish/v1/Chassis/$ChassisId/Oem/NvidiaRoT/RoTProtectedComponents/$ComponentId/ImageSlots/$ImageId
{SlotId}","{ChassisId:{Id_contains: {allOf: [SXM, SMA, RoT]}}, ComponentId: {Id: all}, ImageId: {Id: all}}",,,,QS,,,,L1,L1,NA
,,,GPU MCU/SMA RoT Image Version,,,"NSM: (0x06, 0x01)",NA,NA,NA,"2025.0a
/redfish/v1/Chassis/HGX_IRoT_SXM_SMA_{InstanceId}/Oem/NvidiaRoT/RoTProtectedComponents/SXM_SMA_{InstanceId}/ImageSlots/{InstanceId}
{Version}",,NA,NA,NA,,,NA,NA,NA,NA,NA,Yes,NA,NA,NA,NA,NA,NA,NA,NA,NA,NA,NA,NA,NA,NA,NA,Available OOB,No,No Impact,1 Hr,,"2025.0a
/redfish/v1/Chassis/{GPU_SMA_IRoT_NAME}_{InstanceId}/Oem/NvidiaRoT/RoTProtectedComponents/{GPU_SMA_COMP_NAME}_{InstanceId}/ImageSlots/{InstanceId}
{Version}","2025.0a
/redfish/v1/Chassis/$ChassisId/Oem/NvidiaRoT/RoTProtectedComponents/$ComponentId/ImageSlots/$ImageId
{Version}","{ChassisId:{Id_contains: {allOf: [SXM, SMA, RoT]}}, ComponentId: {Id: all}, ImageId: {Id: all}}",,,Y,QS,,,,L1,L1,NA
,,,GPU MCU/SMA RoT Image Firmware Comparison Number,,,"NSM: (0x06, 0x01)",NA,NA,NA,"2025.0a
/redfish/v1/Chassis/HGX_IRoT_SXM_SMA_{InstanceId}/Oem/NvidiaRoT/RoTProtectedComponents/SXM_SMA_{InstanceId}/ImageSlots/{InstanceId}
{FirmwareComparisonNumber}",,NA,NA,NA,,,NA,NA,NA,NA,NA,Yes,NA,NA,NA,NA,NA,NA,NA,NA,NA,NA,NA,NA,NA,NA,NA,Available OOB,No,No Impact,1 Hr,,"2025.0a
/redfish/v1/Chassis/{GPU_SMA_IRoT_NAME}_{InstanceId}/Oem/NvidiaRoT/RoTProtectedComponents/{GPU_SMA_COMP_NAME}_{InstanceId}/ImageSlots/{InstanceId}
{FirmwareComparisonNumber}","2025.0a
/redfish/v1/Chassis/$ChassisId/Oem/NvidiaRoT/RoTProtectedComponents/$ComponentId/ImageSlots/$ImageId
{FirmwareComparisonNumber}","{ChassisId:{Id_contains: {allOf: [SXM, SMA, RoT]}}, ComponentId: {Id: all}, ImageId: {Id: all}}",,,,QS,,,,L1,L1,NA
,,,GPU MCU/SMA RoT Image Build Type,,,"NSM: (0x06, 0x01)",NA,NA,NA,"2025.0a
/redfish/v1/Chassis/HGX_IRoT_SXM_SMA_{InstanceId}/Oem/NvidiaRoT/RoTProtectedComponents/SXM_SMA_{InstanceId}/ImageSlots/{InstanceId}
{BuildType}",,NA,NA,NA,,,NA,NA,NA,NA,NA,Yes,NA,NA,NA,NA,NA,NA,NA,NA,NA,NA,NA,NA,NA,NA,NA,Available OOB,No,No Impact,1 Hr,,"2025.0a
/redfish/v1/Chassis/{GPU_SMA_IRoT_NAME}_{InstanceId}/Oem/NvidiaRoT/RoTProtectedComponents/{GPU_SMA_COMP_NAME}_{InstanceId}/ImageSlots/{InstanceId}
{BuildType}","2025.0a
/redfish/v1/Chassis/$ChassisId/Oem/NvidiaRoT/RoTProtectedComponents/$ComponentId/ImageSlots/$ImageId
{BuildType}","{ChassisId:{Id_contains: {allOf: [SXM, SMA, RoT]}}, ComponentId: {Id: all}, ImageId: {Id: all}}",,,,QS,,,,L1,L1,NA
,,,GPU MCU/SMA RoT Image Firmware State,,,"NSM: (0x06, 0x01)",NA,NA,NA,"2025.0a
/redfish/v1/Chassis/HGX_IRoT_SXM_SMA_{InstanceId}/Oem/NvidiaRoT/RoTProtectedComponents/SXM_SMA_{InstanceId}/ImageSlots/{InstanceId}
{FirmwareState}",,NA,NA,NA,,,NA,NA,NA,NA,NA,Yes,NA,NA,NA,NA,NA,NA,NA,NA,NA,NA,NA,NA,NA,NA,NA,Available OOB,No,No Impact,1 Hr,,"2025.0a
/redfish/v1/Chassis/{GPU_SMA_IRoT_NAME}_{InstanceId}/Oem/NvidiaRoT/RoTProtectedComponents/{GPU_SMA_COMP_NAME}_{InstanceId}/ImageSlots/{InstanceId}
{FirmwareState}","2025.0a
/redfish/v1/Chassis/$ChassisId/Oem/NvidiaRoT/RoTProtectedComponents/$ComponentId/ImageSlots/$ImageId
{FirmwareState}","{ChassisId:{Id_contains: {allOf: [SXM, SMA, RoT]}}, ComponentId: {Id: all}, ImageId: {Id: all}}",,,,QS,,,,L1,L1,NA
,,,GPU MCU/SMA RoT Image Signing Type,,,"NSM: (0x06, 0x01)",NA,NA,NA,"2025.0a
/redfish/v1/Chassis/HGX_IRoT_SXM_SMA_{InstanceId}/Oem/NvidiaRoT/RoTProtectedComponents/SXM_SMA_{InstanceId}/ImageSlots/{InstanceId}
{SigningType}",,NA,NA,NA,,,NA,NA,NA,NA,NA,Yes,NA,NA,NA,NA,NA,NA,NA,NA,NA,NA,NA,NA,NA,NA,NA,Available OOB,No,No Impact,1 Hr,,"2025.0a
/redfish/v1/Chassis/{GPU_SMA_IRoT_NAME}_{InstanceId}/Oem/NvidiaRoT/RoTProtectedComponents/{GPU_SMA_COMP_NAME}_{InstanceId}/ImageSlots/{InstanceId}
{SigningType}","2025.0a
/redfish/v1/Chassis/$ChassisId/Oem/NvidiaRoT/RoTProtectedComponents/$ComponentId/ImageSlots/$ImageId
{SigningType}","{ChassisId:{Id_contains: {allOf: [SXM, SMA, RoT]}}, ComponentId: {Id: all}, ImageId: {Id: all}}",,,,QS,,,,L1,L1,NA
,,,GPU MCU/SMA RoT Image FSigning Key Index,,,"NSM: (0x06, 0x01)",NA,NA,NA,"2025.0a
/redfish/v1/Chassis/HGX_IRoT_SXM_SMA_{InstanceId}/Oem/NvidiaRoT/RoTProtectedComponents/SXM_SMA_{InstanceId}/ImageSlots/{InstanceId}
{SigningKeyIndex}",,NA,NA,NA,,,NA,NA,NA,NA,NA,Yes,NA,NA,NA,NA,NA,NA,NA,NA,NA,NA,NA,NA,NA,NA,NA,Available OOB,No,No Impact,1 Hr,,"2025.0a
/redfish/v1/Chassis/{GPU_SMA_IRoT_NAME}_{InstanceId}/Oem/NvidiaRoT/RoTProtectedComponents/{GPU_SMA_COMP_NAME}_{InstanceId}/ImageSlots/{InstanceId}
{SigningKeyIndex}","2025.0a
/redfish/v1/Chassis/$ChassisId/Oem/NvidiaRoT/RoTProtectedComponents/$ComponentId/ImageSlots/$ImageId
{SigningKeyIndex}","{ChassisId:{Id_contains: {allOf: [SXM, SMA, RoT]}}, ComponentId: {Id: all}, ImageId: {Id: all}}",,,,QS,,,,L1,L1,NA
,,,GPU MCU/SMA RoT Image Security Version,,,"NSM: (0x06, 0x01)",NA,NA,NA,"2025.0a
/redfish/v1/Chassis/HGX_IRoT_SXM_SMA_{InstanceId}/Oem/NvidiaRoT/RoTProtectedComponents/SXM_SMA_{InstanceId}/ImageSlots/{InstanceId}
{SecurityVersion}",,NA,NA,NA,,,NA,NA,NA,NA,NA,Yes,NA,NA,NA,NA,NA,NA,NA,NA,NA,NA,NA,NA,NA,NA,NA,Available OOB,No,No Impact,1 Hr,,"2025.0a
/redfish/v1/Chassis/{GPU_SMA_IRoT_NAME}_{InstanceId}/Oem/NvidiaRoT/RoTProtectedComponents/{GPU_SMA_COMP_NAME}_{InstanceId}/ImageSlots/{InstanceId}
{SecurityVersion}","2025.0a
/redfish/v1/Chassis/$ChassisId/Oem/NvidiaRoT/RoTProtectedComponents/$ComponentId/ImageSlots/$ImageId
{SecurityVersion}","{ChassisId:{Id_contains: {allOf: [SXM, SMA, RoT]}}, ComponentId: {Id: all}, ImageId: {Id: all}}",,,Y,QS,,,,L1,L1,NA
,,,GPU MCU/SMA RoT Image Write Protected Status,,,"NSM: (0x06, 0x01)",NA,NA,NA,"2025.0a
/redfish/v1/Chassis/HGX_IRoT_SXM_SMA_{InstanceId}/Oem/NvidiaRoT/RoTProtectedComponents/SXM_SMA_{InstanceId}/ImageSlots/{InstanceId}
{WriteProtected}",,NA,NA,NA,,,NA,NA,NA,NA,NA,Yes,NA,NA,NA,NA,NA,NA,NA,NA,NA,NA,NA,NA,NA,NA,NA,Available OOB,No,No Impact,1 Hr,,"2025.0a
/redfish/v1/Chassis/{GPU_SMA_IRoT_NAME}_{InstanceId}/Oem/NvidiaRoT/RoTProtectedComponents/{GPU_SMA_COMP_NAME}_{InstanceId}/ImageSlots/{InstanceId}
{WriteProtected}","2025.0a
/redfish/v1/Chassis/$ChassisId/Oem/NvidiaRoT/RoTProtectedComponents/$ComponentId/ImageSlots/$ImageId
{WriteProtected}","{ChassisId:{Id_contains: {allOf: [SXM, SMA, RoT]}}, ComponentId: {Id: all}, ImageId: {Id: all}}",,,,QS,,,,L1,L1,NA
,,,Query/disable/enable irreversible config,,,"NSM: (0x06, 0x02)",NA,NA,NA,"2025.0a
/redfish/v1/Chassis/HGX_IRoT_SXM_SMA_{InstanceId}
{IrreversibleConfigEnabled}",,NA,NA,NA,,,NA,NA,NA,NA,NA,Yes,NA,NA,NA,NA,NA,NA,NA,NA,NA,NA,NA,NA,NA,NA,NA,Available OOB,No,No Impact,1 Hr,,"2025.0a
/redfish/v1/Chassis/{GPU_SMA_IRoT_NAME}_{InstanceId}
{IrreversibleConfigEnabled}","2025.0a
/redfish/v1/Chassis/$ChassisId
{IrreversibleConfigEnabled}","{ChassisId:{Id_contains: {allOf: [SXM, SMA, RoT]}}}",,,,QS,,,,L1,L1,NA
,,,Query FW Code Authentication Key,,,"NSM: (0x06, 0x03)",NA,NA,NA,"2025.0a
/redfish/v1/Chassis/HGX_IRoT_SXM_SMA_{InstanceId}/Oem/NvidiaRoT/RoTProtectedComponents/SXM_SMA_{InstanceId}
{AllowedKeyIndices}",,NA,NA,NA,,,NA,NA,NA,NA,NA,Yes,NA,NA,NA,NA,NA,NA,NA,NA,NA,NA,NA,NA,NA,NA,NA,Available OOB,No,No Impact,1 Hr,,"2025.0a
/redfish/v1/Chassis/{GPU_SMA_IRoT_NAME}_{InstanceId}/Oem/NvidiaRoT/RoTProtectedComponents/{GPU_SMA_COMP_NAME}_{InstanceId}
{AllowedKeyIndices}","2025.0a
/redfish/v1/Chassis/$ChassisId/Oem/NvidiaRoT/RoTProtectedComponents/$ComponentId
{AllowedKeyIndices}","{ChassisId:{Id_contains: {allOf: [SXM, SMA, RoT]}}, ComponentId: {Id: all}}",,,,QS,,,,L1,L1,NA
,,,Query FW Code Authentication Key,,,"NSM: (0x06, 0x03)",NA,NA,NA,"2025.0a
/redfish/v1/Chassis/HGX_IRoT_SXM_SMA_{InstanceId}/Oem/NvidiaRoT/RoTProtectedComponents/SXM_SMA_{InstanceId}
{RevokedKeyIndices}",,NA,NA,NA,,,NA,NA,NA,NA,NA,Yes,NA,NA,NA,NA,NA,NA,NA,NA,NA,NA,NA,NA,NA,NA,NA,Available OOB,No,No Impact,1 Hr,,"2025.0a
/redfish/v1/Chassis/{GPU_SMA_IRoT_NAME}_{InstanceId}/Oem/NvidiaRoT/RoTProtectedComponents/{GPU_SMA_COMP_NAME}_{InstanceId}
{RevokedKeyIndices}","2025.0a
/redfish/v1/Chassis/$ChassisId/Oem/NvidiaRoT/RoTProtectedComponents/$ComponentId
{RevokedKeyIndices}","{ChassisId:{Id_contains: {allOf: [SXM, SMA, RoT]}}, ComponentId: {Id: all}}",,,,QS,,,,L1,L1,NA
,,,Query FW Code Authentication Key,,,"NSM: (0x06, 0x03)",NA,NA,NA,"2025.0a
/redfish/v1/Chassis/HGX_IRoT_SXM_SMA_{InstanceId}/Oem/NvidiaRoT/RoTProtectedComponents/SXM_SMA_{InstanceId}/ImageSlots/{InstanceId}
{AllowedKeyIndices}",,NA,NA,NA,,,NA,NA,NA,NA,NA,Yes,NA,NA,NA,NA,NA,NA,NA,NA,NA,NA,NA,NA,NA,NA,NA,Available OOB,No,No Impact,1 Hr,,"2025.0a
/redfish/v1/Chassis/{GPU_SMA_IRoT_NAME}_{InstanceId}/Oem/NvidiaRoT/RoTProtectedComponents/{GPU_SMA_COMP_NAME}_{InstanceId}/ImageSlots/{InstanceId}
{AllowedKeyIndices}","2025.0a
/redfish/v1/Chassis/$ChassisId/Oem/NvidiaRoT/RoTProtectedComponents/$ComponentId/ImageSlots/$ImageId
{AllowedKeyIndices}","{ChassisId:{Id_contains: {allOf: [SXM, SMA, RoT]}}, ComponentId: {Id: all}, ImageId: {Id: all}}",,,,QS,,,,L1,L1,NA
,,,Query FW Code Authentication Key,,,"NSM: (0x06, 0x03)",NA,NA,NA,"2025.0a
/redfish/v1/Chassis/HGX_IRoT_SXM_SMA_{InstanceId}/Oem/NvidiaRoT/RoTProtectedComponents/SXM_SMA_{InstanceId}/ImageSlots/{InstanceId}
{RevokedKeyIndices}",,NA,NA,NA,,,NA,NA,NA,NA,NA,Yes,NA,NA,NA,NA,NA,NA,NA,NA,NA,NA,NA,NA,NA,NA,NA,Available OOB,No,No Impact,1 Hr,,"2025.0a
/redfish/v1/Chassis/{GPU_SMA_IRoT_NAME}_{InstanceId}/Oem/NvidiaRoT/RoTProtectedComponents/{GPU_SMA_COMP_NAME}_{InstanceId}/ImageSlots/{InstanceId}
{RevokedKeyIndices}","2025.0a
/redfish/v1/Chassis/$ChassisId/Oem/NvidiaRoT/RoTProtectedComponents/$ComponentId/ImageSlots/$ImageId
{RevokedKeyIndices}","{ChassisId:{Id_contains: {allOf: [SXM, SMA, RoT]}}, ComponentId: {Id: all}, ImageId: {Id: all}}",,,,QS,,,,L1,L1,NA
,,,Query FW security version number,,,"NSM: (0x06, 0x05)",NA,NA,NA,"2025.0a
/redfish/v1/Chassis/HGX_IRoT_SXM_SMA_{InstanceId}/Oem/NvidiaRoT/RoTProtectedComponents/SXM_SMA_{InstanceId}/ImageSlots/{InstanceId}
{SecurityVersion}",,NA,NA,NA,,,NA,NA,NA,NA,NA,Yes,NA,NA,NA,NA,NA,NA,NA,NA,NA,NA,NA,NA,NA,NA,NA,Available OOB,No,No Impact,1 Hr,,"2025.0a
/redfish/v1/Chassis/{GPU_SMA_IRoT_NAME}_{InstanceId}/Oem/NvidiaRoT/RoTProtectedComponents/{GPU_SMA_COMP_NAME}_{InstanceId}/ImageSlots/{InstanceId}
{SecurityVersion}","2025.0a
/redfish/v1/Chassis/$ChassisId/Oem/NvidiaRoT/RoTProtectedComponents/$ComponentId/ImageSlots/$ImageId
{SecurityVersion}","{ChassisId:{Id_contains: {allOf: [SXM, SMA, RoT]}}, ComponentId: {Id: all}, ImageId: {Id: all}}",,,,QS,,,,L1,L1,NA
,,,Query FW security version number,,,"NSM: (0x06, 0x05)",NA,NA,NA,"2025.0a
/redfish/v1/Chassis/HGX_IRoT_SXM_SMA_{InstanceId}/Oem/NvidiaRoT/RoTProtectedComponents/SXM_SMA_{InstanceId}
{MinimumSecurityVersion}",,NA,NA,NA,,,NA,NA,NA,NA,NA,Yes,NA,NA,NA,NA,NA,NA,NA,NA,NA,NA,NA,NA,NA,NA,NA,Available OOB,No,No Impact,1 Hr,,"2025.0a
/redfish/v1/Chassis/{GPU_SMA_IRoT_NAME}_{InstanceId}/Oem/NvidiaRoT/RoTProtectedComponents/{GPU_SMA_COMP_NAME}_{InstanceId}
{MinimumSecurityVersion}","2025.0a
/redfish/v1/Chassis/$ChassisId/Oem/NvidiaRoT/RoTProtectedComponents/$ComponentId
{MinimumSecurityVersion}","{ChassisId:{Id_contains: {allOf: [SXM, SMA, RoT]}}, ComponentId: {Id: all}}",,,,QS,,,,L1,L1,NA
,,,Current temperature of SXM module,,,"NSM: (0x3, 0x3)",nvmlDeviceGetTemperature,nvidia_smi_log.gpu.temperature.gpu_temp,DCGM_FI_DEV_GPU_TEMP:150,"2025.0a
/redfish/v1/Chassis/HGX_GPU_{InstanceId}/Sensors/HGX_GPU_{InstanceId}_Temp_0
{Reading}",NA,NA,NA,NA,,,NA,NA,NA,NA,NA,Yes,NA,NA,NA,NA,NA,NA,NA,NA,NA,NA,NA,NA,NA,NA,NA,Available OOB,No,Throttled,10 Sec,,"2025.0a
/redfish/v1/Chassis/{GPU_NAME}_{InstanceId}/Sensors/{GPU_NAME}_{InstanceId}_Temp_0
{Reading}","2025.0a
/redfish/v1/Chassis/$ChassisId/Sensors/$SensorId
{Reading}","{ChassisId: {Id_contains: {allOf: [GPU], not: [SXM, RoT]}}, SensorId: {ReadingType: Temperature, Implementation: {not: [Synthesized]}, Id_contains: {not: [DRAM]}}}",GPU,,Y,QS,,,,L1,L1,RF:DCGM
,,,The current GPU power (each),,,"NSM: (0x3, 0x0)",NA,NA,NA,"2025.0a
/redfish/v1/Chassis/HGX_GPU_{InstanceId}/Sensors/HGX_GPU_{InstanceId}_Power_0
{Reading}",NA,NA,NA,NA,,,NA,NA,NA,NA,NA,Yes,NA,NA,NA,NA,NA,NA,NA,NA,NA,NA,NA,NA,NA,NA,NA,Available OOB,No,No Impact,10 Sec,,"2025.0a
/redfish/v1/Chassis/{GPU_NAME}_{InstanceId}/Sensors/{GPU_NAME}_{InstanceId}_Power_0
{Reading}","2025.0a
/redfish/v1/Chassis/$ChassisId/Sensors/$SensorId
{Reading}","{ChassisId: {Id_contains: {allOf: [GPU], not: [SXM, RoT]}}, SensorId: {ReadingType: Power Id_Contains: {not: [DRAM]}}}",GPU,,Y,QS,,,,L1,L1,NA
,,,Switch ASIC Firmware Version,,,"SMBPBI: (0x05,[0x08],[0x00])",NA,NA,NA,"2021.1c
/redfish/v1/Fabrics/HGX_NVLinkFabric_{InstanceId}/Switches/NVSwitch_{InstanceId}
{FirmwareVersion}","2021.1c
/redfish/v1/Fabrics/HGX_NVLinkFabric_{InstanceId}/Switches/NVSwitch_{InstanceId}
{FirmwareVersion}","2021.1c
/redfish/v1/Fabrics/HGX_NVLinkFabric_{InstanceId}/Switches/NVSwitch_{InstanceId}
{FirmwareVersion}",,,,,"nv show platform firmware $name
{name: {Name: ASIC}} 
{actual-firmware}",NA,FW_Version,Yes,Yes,Yes,NA,NA,NA,NA,NA,Yes,NA,NA,NA,NA,NA,NA,Yes,NA,,Available OOB,No,No Impact,1 Hr,30,"2021.1c
/redfish/v1/Fabrics/HGX_NVLinkFabric_{InstanceId}/Switches/NVSwitch_{InstanceId}
{FirmwareVersion}","2021.1c
/redfish/v1/Fabrics/$FabricId/Switches/$SwitchId
{FirmwareVersion}","{FabricId:{FabricType: NVLink}, SwitchId: {SwitchType: NVLink}}",,,Y,ES Factory,QS,,QS,"L0, R1","L1, R1",NA
,,,OS version,,,NA,NA,NA,NA,NA,NA,NA,NA,NA,,,"nv show system version
{kernel:$kernel_version}",NA,NA,NA,NA,NA,NA,NA,NA,NA,NA,Yes,NA,NA,NA,NA,NA,NA,NA,NA,,Available OOB,,,1 Hr,,,,,,,,,QS,,,,L1,
,,,OS Kernel version,,,NA,NA,NA,NA,NA,NA,NA,NA,NA,,,"nv show system version
{image:$os_version}",NA,NA,NA,NA,NA,NA,NA,NA,NA,NA,Yes,NA,NA,NA,NA,NA,NA,NA,NA,,Available OOB,,,1 Hr,,,,,,,,,QS,,,,L1,
,,,ERoT FW version,,,NA,NA,NA,NA,NA,NA,NA,NA,NA,,,"nv show platform firmware $name
{name: {Name: EROT}} 
{actual-firmware}",NA,NA,NA,NA,NA,NA,NA,NA,NA,NA,Yes,NA,NA,NA,NA,NA,NA,NA,NA,,Available OOB,,,1 Hr,,,,,,,,,QS,,,,L1,
,,,BMC firmware version,,,NA,NA,NA,NA,NA,NA,NA,NA,NA,,,"nv show platform firmware $name
{name: {Name: BMC}} 
{actual-firmware}",NA,NA,NA,NA,NA,NA,NA,NA,NA,NA,Yes,NA,NA,NA,NA,NA,NA,NA,NA,,Available OOB,,,1 Hr,,,,,,,,,QS,,,,L1,
,,,InfoROM Version,,,"SMBPBI: (0x05,[0x0e],[0x00])",NA,NA,NA,"2021.1c
/redfish/v1/UpdateService/FirmwareInventory/HGX_InfoROM_NVSwitch_{InstanceId}
{Version}","2021.1c
/redfish/v1/UpdateService/FirmwareInventory/HGX_InfoROM_NVSwitch_{InstanceId}
{Version}","2021.1c
/redfish/v1/UpdateService/FirmwareInventory/HGX_InfoROM_NVSwitch_{InstanceId}
{Version}",,,,,NA,NA,NA,Yes,NA,NA,NA,NA,NA,NA,NA,,NA,NA,NA,NA,NA,NA,Yes,,,Available OOB,No,No Impact,1 Hr,,"2021.1c
/redfish/v1/UpdateService/FirmwareInventory/HGX_InfoROM_NVSwitch_{InstanceId}
{Version}","2021.1c
/redfish/v1/UpdateService/FirmwareInventory/$FwId
{Version}","{FwId: {Id_contains: {anyOf: [NVSwitch, InfoROM], not: [RoT]}}}
",,,Y,ES Factory,,,,L0,L1,NA
,,,Shutdown Temperature (5s). This enrty is applicable for platforms with NVL4.,,,"SMBPBI: (0x15,[0x02],[Unused]), PLDM {0x02, 0x51}",NA,NA,DCGM_FI_DEV_NVSWITCH_TEMPERATURE_LIMIT_SHUTDOWN:860,"2021.1c
/redfish/v1/Chassis/HGX_NVSwitch_{InstanceId}/Sensors/HGX_NVSwitch_{InstanceId}_TEMP_{InstanceId}
{Thresholds{UpperFatal{Reading}}}","2021.1c
/redfish/v1/Chassis/HGX_NVSwitch_{InstanceId}/Sensors/HGX_NVSwitch_{InstanceId}_TEMP_{InstanceId}
{Thresholds{UpperFatal{Reading}}}","2021.1c
/redfish/v1/Chassis/HGX_NVSwitch_{InstanceId}/Sensors/HGX_NVSwitch_{InstanceId}_TEMP_{InstanceId}
{Thresholds{UpperFatal{Reading}}}",,,,,NA,NA,NA,Yes,NA,NA,NA,NA,NA,NA,NA,NA,NA,NA,NA,NA,NA,NA,Yes,,,Available,No,No Impact,1 Hr,30,"2021.1c
/redfish/v1/Chassis/HGX_NVSwitch_{InstanceId}/Sensors/HGX_NVSwitch_{InstanceId}_TEMP_{InstanceId}
{Thresholds{UpperFatal{Reading}}}","2021.1c
/redfish/v1/Chassis/$ChassisId/Sensors/$SensorId
{Thresholds{UpperFatal{Reading}}}","{ChassisId: {Id_contains: {anyOf: [NVSwitch], not: [RoT]}}, SensorId: {ReadingType: Temperature}}",,,,ES,,,,L0,L1,Not Supported
,,,Write Protect Mode,,,"SMBPBI: (0xB4, [0xFE-0xFF], Unused), NSM {0x04, 0x65}",NA,NA,NA,"2022.1e
/redfish/v1/UpdateService/FirmwareInventory/HGX_FW_NVSwitch_{InstanceId}
{WriteProtected}","2022.1e
/redfish/v1/UpdateService/FirmwareInventory/HGX_FW_NVSwitch_{InstanceId}
{WriteProtected}","2022.1e
/redfish/v1/UpdateService/FirmwareInventory/HGX_FW_NVSwitch_{InstanceId}
{WriteProtected}",,,,,NA,NA,NA,Yes,Yes,Yes,NA,NA,NA,NA,NA,NA,NA,NA,NA,NA,NA,NA,Yes,,,Available OOB,Yes,No Impact,1 Hr,30,"2022.1e
/redfish/v1/UpdateService/FirmwareInventory/HGX_FW_NVSwitch_{InstanceId}
{WriteProtected}","2022.1e
/redfish/v1/UpdateService/FirmwareInventory/$FwId
{WriteProtected}","{FwId: {Id_contains: {anyOf: [NVSwitch], not: [InfoROM, RoT]}}}
",,,,ES,,,,L0,L1,NA
,,,Driver Version,,,"SMBPBI: Future:  (0x27, 0x00, 0x02); extended data",NA,NA,NA,"2022.1e
/redfish/v1/UpdateService/SoftwareInventory/HGX_Driver_NVSwitch_{InstanceId}
{Version}","2022.1e
/redfish/v1/UpdateService/SoftwareInventory/HGX_Driver_NVSwitch_{InstanceId}
{Version}","2022.1e
/redfish/v1/UpdateService/SoftwareInventory/HGX_Driver_NVSwitch_{InstanceId}
{Version}",,,,,NA,NA,NA,Yes,NA,NA,NA,NA,NA,NA,NA,,NA,NA,NA,NA,NA,NA,Yes,,,Available OOB,Yes,No Impact,1 Hr,,"2022.1e
/redfish/v1/UpdateService/SoftwareInventory/HGX_Driver_NVSwitch_{InstanceId}
{Version}","2022.1e
/redfish/v1/UpdateService/SoftwareInventory/$SwId
{Version}","{SwId: {Id_contains: {anyOf: [NVSwitch], not: [RoT]}}}
",,,Y,ES Factory,,,,L0,L1,NA
,,,"The port type for this port, e.g. DownstreamPort",,,NA,NA,NA,NA,"2021.1c
/redfish/v1/Fabrics/HGX_NVLinkFabric_{InstanceId}/Switches/NVSwitch_{InstanceId}/Ports/NVLink_{InstanceId}
{PortType}","2021.1c
/redfish/v1/Fabrics/HGX_NVLinkFabric_{InstanceId}/Switches/NVSwitch_{InstanceId}/Ports/NVLink_{InstanceId}
{PortType}","2021.1c
/redfish/v1/Fabrics/HGX_NVLinkFabric_{InstanceId}/Switches/NVSwitch_{InstanceId}/Ports/NVLink_{InstanceId}
{PortType}",,,,,NA,NA,NA,Yes,Yes,Yes,NA,NA,NA,NA,NA,NA,NA,NA,NA,NA,NA,NA,Yes,,,Available OOB,No,No Impact,1 Hr,30,"2021.1c
/redfish/v1/Fabrics/HGX_NVLinkFabric_{InstanceId}/Switches/NVSwitch_{InstanceId}/Ports/NVLink_{InstanceId}
{PortType}","2021.1c
/redfish/v1/Fabrics/$FabricId/Switches/$SwitchId/Ports/$PortId
{PortType}","{FabricId:{FabricType: NVLink}, SwitchId: {SwitchType: NVLink}, PortId: {PortProtocol: NVLink}}",,,,ES,,,,L0,L1,NA
,,,"The protocol being sent over this port, e.g. NVLink",,,NA,NA,NA,NA,"2021.1c
/redfish/v1/Fabrics/HGX_NVLinkFabric_{InstanceId}/Switches/NVSwitch_{InstanceId}/Ports/NVLink_{InstanceId}
{PortProtocol}","2021.1c
/redfish/v1/Fabrics/HGX_NVLinkFabric_{InstanceId}/Switches/NVSwitch_{InstanceId}/Ports/NVLink_{InstanceId}
{PortProtocol}","2021.1c
/redfish/v1/Fabrics/HGX_NVLinkFabric_{InstanceId}/Switches/NVSwitch_{InstanceId}/Ports/NVLink_{InstanceId}
{PortProtocol}",,,,,NA,NA,NA,Yes,Yes,Yes,NA,NA,NA,NA,NA,NA,NA,NA,NA,NA,NA,NA,Yes,,,Available OOB,No,No Impact,1 Hr,30,"2021.1c
/redfish/v1/Fabrics/HGX_NVLinkFabric_{InstanceId}/Switches/NVSwitch_{InstanceId}/Ports/NVLink_{InstanceId}
{PortProtocol}","2021.1c
/redfish/v1/Fabrics/$FabricId/Switches/$SwitchId/Ports/$PortId
{PortProtocol}","{FabricId:{FabricType: NVLink}, SwitchId: {SwitchType: NVLink}, PortId: {PortProtocol: NVLink}}",,,,ES,,,,L0,L1,NA
,,,"The desired link state, e.g., enabled/disabled",,,"SMBPBI: (0x1A, [0x07], Unused), PLDM {0x02, 0x21)",NA,NA,NA,"2021.1c
/redfish/v1/Fabrics/HGX_NVLinkFabric_{InstanceId}/Switches/NVSwitch_{InstanceId}/Ports/NVLink_{InstanceId}
{LinkState}","2021.1c
/redfish/v1/Fabrics/HGX_NVLinkFabric_{InstanceId}/Switches/NVSwitch_{InstanceId}/Ports/NVLink_{InstanceId}
{LinkState}","2021.1c
/redfish/v1/Fabrics/HGX_NVLinkFabric_{InstanceId}/Switches/NVSwitch_{InstanceId}/Ports/NVLink_{InstanceId}
{LinkState}",,,,,NA,NA,NA,Yes,Yes,Yes,NA,NA,NA,NA,NA,NA,NA,NA,NA,NA,NA,NA,Yes,,,Available OOB,Yes,No Impact,1 Hr,30,"2021.1c
/redfish/v1/Fabrics/HGX_NVLinkFabric_{InstanceId}/Switches/NVSwitch_{InstanceId}/Ports/NVLink_{InstanceId}
{LinkState}","2021.1c
/redfish/v1/Fabrics/$FabricId/Switches/$SwitchId/Ports/$PortId
{LinkState}","{FabricId:{FabricType: NVLink}, SwitchId: {SwitchType: NVLink}, PortId: {PortProtocol: NVLink}}",,,,ES,,,,L0,L1,NA
,,,Correctable error count,,,"SMBPBI: (0x21, [0x00], Unused) [15:0]; extended out",NA,NA,NA,"2021.1d
/redfish/v1/Fabrics/HGX_NVLinkFabric_{InstanceId}/Switches/NVSwitch_{InstanceId}/SwitchMetrics
{PCIeErrors{CorrectableErrorCount}}","2021.1d
/redfish/v1/Fabrics/HGX_NVLinkFabric_{InstanceId}/Switches/NVSwitch_{InstanceId}/SwitchMetrics
{PCIeErrors{CorrectableErrorCount}}","2021.1d
/redfish/v1/Fabrics/HGX_NVLinkFabric_{InstanceId}/Switches/NVSwitch_{InstanceId}/SwitchMetrics
{PCIeErrors{CorrectableErrorCount}}",/redfish/v1/TelemetryService/MetricReports/HGX_NVSwitchMetrics_0,/redfish/v1/TelemetryService/MetricReports/NVSwitchMetrics_0,,,NA,NA,NA,Yes,NA,NA,NA,NA,NA,NA,NA,,NA,NA,NA,NA,NA,NA,Yes,,,Available OOB,Yes,No Impact,1 Hr,,"2021.1d
/redfish/v1/Fabrics/HGX_NVLinkFabric_{InstanceId}/Switches/NVSwitch_{InstanceId}/SwitchMetrics
{PCIeErrors{CorrectableErrorCount}}","2021.1d
/redfish/v1/Fabrics/$FabricId/Switches/$SwitchId/SwitchMetrics
{PCIeErrors{CorrectableErrorCount}}","{FabricId:{FabricType: NVLink}, SwitchId: {SwitchType: NVLink}}",,,Y,ES,,,,L0,L1,NA
,,,Fatal error count,,,"SMBPBI: (0x21, [0x00], Unused) [23:16]",NA,NA,DCGM_FI_DEV_NVSWITCH_FATAL_ERRORS:856,"2021.1d
/redfish/v1/Fabrics/HGX_NVLinkFabric_{InstanceId}/Switches/NVSwitch_{InstanceId}/SwitchMetrics
{PCIeErrors{FatalErrorCount}}","2021.1d
/redfish/v1/Fabrics/HGX_NVLinkFabric_{InstanceId}/Switches/NVSwitch_{InstanceId}/SwitchMetrics
{PCIeErrors{FatalErrorCount}}","2021.1d
/redfish/v1/Fabrics/HGX_NVLinkFabric_{InstanceId}/Switches/NVSwitch_{InstanceId}/SwitchMetrics
{PCIeErrors{FatalErrorCount}}",/redfish/v1/TelemetryService/MetricReports/HGX_NVSwitchMetrics_0,/redfish/v1/TelemetryService/MetricReports/NVSwitchMetrics_0,,,NA,NA,NA,Yes,NA,NA,NA,NA,NA,NA,NA,,NA,NA,NA,NA,NA,NA,Yes,,,Available,Yes,No Impact,1 Hr,,"2021.1d
/redfish/v1/Fabrics/HGX_NVLinkFabric_{InstanceId}/Switches/NVSwitch_{InstanceId}/SwitchMetrics
{PCIeErrors{FatalErrorCount}}","2021.1d
/redfish/v1/Fabrics/$FabricId/Switches/$SwitchId/SwitchMetrics
{PCIeErrors{FatalErrorCount}}","{FabricId:{FabricType: NVLink}, SwitchId: {SwitchType: NVLink}}",,,Y,ES,,,,L0,L1,Not Supported
,,,NVLink Replay Error Count,,,"SMBPBI: (0x1A, 03h, [<link_index>,0xFF = Aggregate Count])",NA,NA,DCGM_FI_DEV_NVSWITCH_LINK_REPLAY_ERRORS:784,"2021.1c
/redfish/v1/Fabrics/HGX_NVLinkFabric_{InstanceId}/Switches/NVSwitch_{InstanceId}/Ports/NVLink_{InstanceId}/Metrics
{Oem{Nvidia{NVLinkErrors{ReplayCount}}}}","2021.1c
/redfish/v1/Fabrics/HGX_NVLinkFabric_{InstanceId}/Switches/NVSwitch_{InstanceId}/Ports/NVLink_{InstanceId}/Metrics
{Oem{Nvidia{NVLinkErrors{ReplayCount}}}}","2021.1c
/redfish/v1/Fabrics/HGX_NVLinkFabric_{InstanceId}/Switches/NVSwitch_{InstanceId}/Ports/NVLink_{InstanceId}/Metrics
{Oem{Nvidia{NVLinkErrors{ReplayCount}}}}",/redfish/v1/TelemetryService/MetricReports/HGX_NVSwitchPortMetrics_0,/redfish/v1/TelemetryService/MetricReports/NVSwitchPortMetrics_0,,,NA,NA,NA,Yes,NA,NA,NA,NA,NA,NA,NA,,NA,NA,NA,NA,NA,NA,Yes,,,Available,Yes,No Impact,1 Hr,,"2021.1c
/redfish/v1/Fabrics/HGX_NVLinkFabric_{InstanceId}/Switches/NVSwitch_{InstanceId}/Ports/NVLink_{InstanceId}/Metrics
{Oem{Nvidia{NVLinkErrors{ReplayCount}}}}","2021.1c
/redfish/v1/Fabrics/$FabricId/Switches/$SwitchId/Ports/$PortId/Metrics
{Oem{Nvidia{NVLinkErrors{ReplayCount}}}}","{FabricId:{FabricType: NVLink}, SwitchId: {SwitchType: NVLink}, PortId: {PortProtocol: NVLink}}",,,Y,ES,,,,L0,L1,Not Supported
,,,Total number of times the Port Training state machine has successfully completed the link error recovery process. This enrty is applicable for platforms with NVL4.,,,"SMBPBI: (0x1A, 04h, [<link_index>,0xFF = Aggregate Count])",NA,NA,DCGM_FI_DEV_NVSWITCH_LINK_RECOVERY_ERRORS:785,"2021.1c
/redfish/v1/Fabrics/HGX_NVLinkFabric_{InstanceId}/Switches/NVSwitch_{InstanceId}/Ports/NVLink_{InstanceId}/Metrics
{Oem{Nvidia{NVLinkErrors{RecoveryCount}}}}","2021.1c
/redfish/v1/Fabrics/HGX_NVLinkFabric_{InstanceId}/Switches/NVSwitch_{InstanceId}/Ports/NVLink_{InstanceId}/Metrics
{Oem{Nvidia{NVLinkErrors{RecoveryCount}}}}","2021.1c
/redfish/v1/Fabrics/HGX_NVLinkFabric_{InstanceId}/Switches/NVSwitch_{InstanceId}/Ports/NVLink_{InstanceId}/Metrics
{Oem{Nvidia{NVLinkErrors{RecoveryCount}}}}",/redfish/v1/TelemetryService/MetricReports/HGX_NVSwitchPortMetrics_0,/redfish/v1/TelemetryService/MetricReports/NVSwitchPortMetrics_0,,,NA,NA,NA,Yes,NA,NA,NA,NA,NA,NA,NA,NA,NA,NA,NA,NA,NA,NA,Yes,,,Available,Yes,No Impact,10 Sec,30,"2021.1c
/redfish/v1/Fabrics/HGX_NVLinkFabric_{InstanceId}/Switches/NVSwitch_{InstanceId}/Ports/NVLink_{InstanceId}/Metrics
{Oem{Nvidia{NVLinkErrors{RecoveryCount}}}}","2021.1c
/redfish/v1/Fabrics/$FabricId/Switches/$SwitchId/Ports/$PortId/Metrics
{Oem{Nvidia{NVLinkErrors{RecoveryCount}}}}","{FabricId:{FabricType: NVLink}, SwitchId: {SwitchType: NVLink}, PortId: {PortProtocol: NVLink}}",,,Y,ES,,,,L0,L1,Not Supported
,,,NVLink flit CRC Error Count,,,"SMBPBI: (0x1A, 05h, [<link_index>,0xFF = Aggregate Count])",NA,NA,DCGM_FI_DEV_NVSWITCH_LINK_FLIT_ERRORS:786,"2021.1c
/redfish/v1/Fabrics/HGX_NVLinkFabric_{InstanceId}/Switches/NVSwitch_{InstanceId}/Ports/NVLink_{InstanceId}/Metrics
{Oem{Nvidia{NVLinkErrors{FlitCRCCount}}}}","2021.1c
/redfish/v1/Fabrics/HGX_NVLinkFabric_{InstanceId}/Switches/NVSwitch_{InstanceId}/Ports/NVLink_{InstanceId}/Metrics
{Oem{Nvidia{NVLinkErrors{FlitCRCCount}}}}","2021.1c
/redfish/v1/Fabrics/HGX_NVLinkFabric_{InstanceId}/Switches/NVSwitch_{InstanceId}/Ports/NVLink_{InstanceId}/Metrics
{Oem{Nvidia{NVLinkErrors{FlitCRCCount}}}}",/redfish/v1/TelemetryService/MetricReports/HGX_NVSwitchPortMetrics_0,/redfish/v1/TelemetryService/MetricReports/NVSwitchPortMetrics_0,,,NA,NA,NA,Yes,NA,NA,NA,NA,NA,NA,NA,,NA,NA,NA,NA,NA,NA,Yes,,,Available,Yes,No Impact,1 Hr,,"2021.1c
/redfish/v1/Fabrics/HGX_NVLinkFabric_{InstanceId}/Switches/NVSwitch_{InstanceId}/Ports/NVLink_{InstanceId}/Metrics
{Oem{Nvidia{NVLinkErrors{FlitCRCCount}}}}","2021.1c
/redfish/v1/Fabrics/$FabricId/Switches/$SwitchId/Ports/$PortId/Metrics
{Oem{Nvidia{NVLinkErrors{FlitCRCCount}}}}","{FabricId:{FabricType: NVLink}, SwitchId: {SwitchType: NVLink}, PortId: {PortProtocol: NVLink}}",,,Y,ES,,,,L0,L1,Not Supported
,,,NVLink data CRC Error Count,,,"SMBPBI: (0x1A, 06h, [<link_index>,0xFF = Aggregate Count])",NA,NA,DCGM_FI_DEV_NVSWITCH_LINK_CRC_ERRORS:787,"2021.1c
/redfish/v1/Fabrics/HGX_NVLinkFabric_{InstanceId}/Switches/NVSwitch_{InstanceId}/Ports/NVLink_{InstanceId}/Metrics
{Oem{Nvidia{NVLinkErrors{DataCRCCount}}}}","2021.1c
/redfish/v1/Fabrics/HGX_NVLinkFabric_{InstanceId}/Switches/NVSwitch_{InstanceId}/Ports/NVLink_{InstanceId}/Metrics
{Oem{Nvidia{NVLinkErrors{DataCRCCount}}}}","2021.1c
/redfish/v1/Fabrics/HGX_NVLinkFabric_{InstanceId}/Switches/NVSwitch_{InstanceId}/Ports/NVLink_{InstanceId}/Metrics
{Oem{Nvidia{NVLinkErrors{DataCRCCount}}}}",/redfish/v1/TelemetryService/MetricReports/HGX_NVSwitchPortMetrics_0,/redfish/v1/TelemetryService/MetricReports/NVSwitchPortMetrics_0,,,NA,NA,NA,Yes,NA,NA,NA,NA,NA,NA,NA,,NA,NA,NA,NA,NA,NA,Yes,,,Available,Yes,No Impact,1 Hr,,"2021.1c
/redfish/v1/Fabrics/HGX_NVLinkFabric_{InstanceId}/Switches/NVSwitch_{InstanceId}/Ports/NVLink_{InstanceId}/Metrics
{Oem{Nvidia{NVLinkErrors{DataCRCCount}}}}","2021.1c
/redfish/v1/Fabrics/$FabricId/Switches/$SwitchId/Ports/$PortId/Metrics
{Oem{Nvidia{NVLinkErrors{DataCRCCount}}}}","{FabricId:{FabricType: NVLink}, SwitchId: {SwitchType: NVLink}, PortId: {PortProtocol: NVLink}}",,,Y,ES,,,,L0,L1,Not Supported
,,,NVLink Training Error Count and Status,,,"SMBPBI: (0x1A, 0Dh, [<link_index>,0xFF = Aggregate Count]);extended data",NA,NA,NA,"2021.1e
/redfish/v1/Fabrics/HGX_NVLinkFabric_{InstanceId}/Switches/NVSwitch_{InstanceId}/Ports/NVLink_{InstanceId}/Metrics
{Oem{Nvidia{NVLinkErrors{TrainingError}}}}","2021.1e
/redfish/v1/Fabrics/HGX_NVLinkFabric_{InstanceId}/Switches/NVSwitch_{InstanceId}/Ports/NVLink_{InstanceId}/Metrics
{Oem{Nvidia{NVLinkErrors{TrainingError}}}}","2021.1e
/redfish/v1/Fabrics/HGX_NVLinkFabric_{InstanceId}/Switches/NVSwitch_{InstanceId}/Ports/NVLink_{InstanceId}/Metrics
{Oem{Nvidia{NVLinkErrors{TrainingError}}}}",/redfish/v1/TelemetryService/MetricReports/HGX_NVSwitchPortMetrics_0,/redfish/v1/TelemetryService/MetricReports/NVSwitchPortMetrics_0,,,NA,NA,NA,Yes,NA,NA,NA,NA,NA,NA,NA,,NA,NA,NA,NA,NA,NA,Yes,,,Available OOB,Yes,No Impact,1 Hr,,"2021.1e
/redfish/v1/Fabrics/HGX_NVLinkFabric_{InstanceId}/Switches/NVSwitch_{InstanceId}/Ports/NVLink_{InstanceId}/Metrics
{Oem{Nvidia{NVLinkErrors{TrainingError}}}}","2021.1e
/redfish/v1/Fabrics/$FabricId/Switches/$SwitchId/Ports/$PortId/Metrics
{Oem{Nvidia{NVLinkErrors{TrainingError}}}}","{FabricId:{FabricType: NVLink}, SwitchId: {SwitchType: NVLink}, PortId: {PortProtocol: NVLink}}",,,Y,ES,,,,L0,L1,NA
,,,NVLink Runtime Error Count and Status,,,"SMBPBI: (0x1A, 0Eh, [<link_index>,0xFF = Aggregate Count]);extended data",NA,NA,NA,"2021.1e
/redfish/v1/Fabrics/HGX_NVLinkFabric_{InstanceId}/Switches/NVSwitch_{InstanceId}/Ports/NVLink_{InstanceId}/Metrics
{Oem{Nvidia{NVLinkErrors{RuntimeError}}}}","2021.1e
/redfish/v1/Fabrics/HGX_NVLinkFabric_{InstanceId}/Switches/NVSwitch_{InstanceId}/Ports/NVLink_{InstanceId}/Metrics
{Oem{Nvidia{NVLinkErrors{RuntimeError}}}}","2021.1e
/redfish/v1/Fabrics/HGX_NVLinkFabric_{InstanceId}/Switches/NVSwitch_{InstanceId}/Ports/NVLink_{InstanceId}/Metrics
{Oem{Nvidia{NVLinkErrors{RuntimeError}}}}",/redfish/v1/TelemetryService/MetricReports/HGX_NVSwitchPortMetrics_0,/redfish/v1/TelemetryService/MetricReports/NVSwitchPortMetrics_0,,,NA,NA,NA,Yes,NA,NA,NA,NA,NA,NA,NA,,NA,NA,NA,NA,NA,NA,Yes,,,Available OOB,Yes,No Impact,1 Hr,,"2021.1e
/redfish/v1/Fabrics/HGX_NVLinkFabric_{InstanceId}/Switches/NVSwitch_{InstanceId}/Ports/NVLink_{InstanceId}/Metrics
{Oem{Nvidia{NVLinkErrors{RuntimeError}}}}","2021.1e
/redfish/v1/Fabrics/$FabricId/Switches/$SwitchId/Ports/$PortId/Metrics
{Oem{Nvidia{NVLinkErrors{RuntimeError}}}}","{FabricId:{FabricType: NVLink}, SwitchId: {SwitchType: NVLink}, PortId: {PortProtocol: NVLink}}",,,Y,ES,,,,L0,L1,NA
,,,ECC Statistics::correctableError,,,"SMBPBI: (0x1E,[0x00],[Unused]); extended response possible",NA,NA,NA,"2021.1d
/redfish/v1/Fabrics/HGX_NVLinkFabric_{InstanceId}/Switches/NVSwitch_{InstanceId}/SwitchMetrics
{InternalMemoryMetrics{LifeTime{UncorrectableECCErrorCount}}}","2021.1d
/redfish/v1/Fabrics/HGX_NVLinkFabric_{InstanceId}/Switches/NVSwitch_{InstanceId}/SwitchMetrics
{InternalMemoryMetrics{LifeTime{UncorrectableECCErrorCount}}}","2021.1d
/redfish/v1/Fabrics/HGX_NVLinkFabric_{InstanceId}/Switches/NVSwitch_{InstanceId}/SwitchMetrics
{InternalMemoryMetrics{LifeTime{UncorrectableECCErrorCount}}}",/redfish/v1/TelemetryService/MetricReports/HGX_NVSwitchMetrics_0,/redfish/v1/TelemetryService/MetricReports/NVSwitchMetrics_0,,,NA,NA,NA,Yes,NA,NA,NA,NA,NA,NA,NA,,NA,NA,NA,NA,NA,NA,Yes,,,Available OOB,No,No Impact,1 Hr,,"2021.1d
/redfish/v1/Fabrics/HGX_NVLinkFabric_{InstanceId}/Switches/NVSwitch_{InstanceId}/SwitchMetrics
{InternalMemoryMetrics{LifeTime{UncorrectableECCErrorCount}}}","2021.1d
/redfish/v1/Fabrics/$FabricId/Switches/$SwitchId/SwitchMetrics
{InternalMemoryMetrics{LifeTime{UncorrectableECCErrorCount}}}","{FabricId:{FabricType: NVLink}, SwitchId: {SwitchType: NVLink}}",,,Y,ES,,,,L0,L1,NA
,,,ECC Statistics::UncorrectableError,,,"SMBPBI: (0x1E,[0x01],[Unused]); extended response possible",NA,NA,NA,"2021.1d
/redfish/v1/Fabrics/HGX_NVLinkFabric_{InstanceId}/Switches/NVSwitch_{InstanceId}/SwitchMetrics
{InternalMemoryMetrics{LifeTime{CorrectableECCErrorCount}}}","2021.1d
/redfish/v1/Fabrics/HGX_NVLinkFabric_{InstanceId}/Switches/NVSwitch_{InstanceId}/SwitchMetrics
{InternalMemoryMetrics{LifeTime{CorrectableECCErrorCount}}}","2021.1d
/redfish/v1/Fabrics/HGX_NVLinkFabric_{InstanceId}/Switches/NVSwitch_{InstanceId}/SwitchMetrics
{InternalMemoryMetrics{LifeTime{CorrectableECCErrorCount}}}",/redfish/v1/TelemetryService/MetricReports/HGX_NVSwitchMetrics_0,/redfish/v1/TelemetryService/MetricReports/NVSwitchMetrics_0,,,NA,NA,NA,Yes,NA,NA,NA,NA,NA,NA,NA,,NA,NA,NA,NA,NA,NA,Yes,,,Available OOB,No,No Impact,1 Hr,,"2021.1d
/redfish/v1/Fabrics/HGX_NVLinkFabric_{InstanceId}/Switches/NVSwitch_{InstanceId}/SwitchMetrics
{InternalMemoryMetrics{LifeTime{CorrectableECCErrorCount}}}","2021.1d
/redfish/v1/Fabrics/$FabricId/Switches/$SwitchId/SwitchMetrics
{InternalMemoryMetrics{LifeTime{CorrectableECCErrorCount}}}","{FabricId:{FabricType: NVLink}, SwitchId: {SwitchType: NVLink}}",,,Y,ES,,,,L0,L1,NA
,,,L0 to recovery (5s),,,"SMBPBI: (0x21, [0x01], Unused)",NA,NA,NA,"2021.1d
/redfish/v1/Fabrics/HGX_NVLinkFabric_{InstanceId}/Switches/NVSwitch_{InstanceId}/SwitchMetrics
{PCIeErrors{L0ToRecoveryCount}}","2021.1d
/redfish/v1/Fabrics/HGX_NVLinkFabric_{InstanceId}/Switches/NVSwitch_{InstanceId}/SwitchMetrics
{PCIeErrors{L0ToRecoveryCount}}","2021.1d
/redfish/v1/Fabrics/HGX_NVLinkFabric_{InstanceId}/Switches/NVSwitch_{InstanceId}/SwitchMetrics
{PCIeErrors{L0ToRecoveryCount}}",/redfish/v1/TelemetryService/MetricReports/HGX_NVSwitchMetrics_0,/redfish/v1/TelemetryService/MetricReports/NVSwitchMetrics_0,,,NA,NA,NA,Yes,NA,NA,NA,NA,NA,NA,NA,,NA,NA,NA,NA,NA,NA,Yes,,,Available OOB,Yes,No Impact,1 Hr,,"2021.1d
/redfish/v1/Fabrics/HGX_NVLinkFabric_{InstanceId}/Switches/NVSwitch_{InstanceId}/SwitchMetrics
{PCIeErrors{L0ToRecoveryCount}}","2021.1d
/redfish/v1/Fabrics/$FabricId/Switches/$SwitchId/SwitchMetrics
{PCIeErrors{L0ToRecoveryCount}}","{FabricId:{FabricType: NVLink}, SwitchId: {SwitchType: NVLink}}",,,Y,ES,,,,L0,L1,NA
,,,NAKs received (5s),,,"SMBPBI: (0x21, [0x02], Unused) [31:16]",NA,NA,NA,"2021.1d
/redfish/v1/Fabrics/HGX_NVLinkFabric_{InstanceId}/Switches/NVSwitch_{InstanceId}/SwitchMetrics
{PCIeErrors{NAKReceivedCount}}","2021.1d
/redfish/v1/Fabrics/HGX_NVLinkFabric_{InstanceId}/Switches/NVSwitch_{InstanceId}/SwitchMetrics
{PCIeErrors{NAKReceivedCount}}","2021.1d
/redfish/v1/Fabrics/HGX_NVLinkFabric_{InstanceId}/Switches/NVSwitch_{InstanceId}/SwitchMetrics
{PCIeErrors{NAKReceivedCount}}",/redfish/v1/TelemetryService/MetricReports/HGX_NVSwitchMetrics_0,/redfish/v1/TelemetryService/MetricReports/NVSwitchMetrics_0,,,NA,NA,NA,Yes,NA,NA,NA,NA,NA,NA,NA,,NA,NA,NA,NA,NA,NA,Yes,,,Available OOB,Yes,No Impact,1 Hr,,"2021.1d
/redfish/v1/Fabrics/HGX_NVLinkFabric_{InstanceId}/Switches/NVSwitch_{InstanceId}/SwitchMetrics
{PCIeErrors{NAKReceivedCount}}","2021.1d
/redfish/v1/Fabrics/$FabricId/Switches/$SwitchId/SwitchMetrics
{PCIeErrors{NAKReceivedCount}}","{FabricId:{FabricType: NVLink}, SwitchId: {SwitchType: NVLink}}",,,Y,ES,,,,L0,L1,NA
,,,NAKs sent (5s),,,"SMBPBI: (0x21, [0x02], Unused); extended out",NA,NA,NA,"2021.1d
/redfish/v1/Fabrics/HGX_NVLinkFabric_{InstanceId}/Switches/NVSwitch_{InstanceId}/SwitchMetrics
{PCIeErrors{NAKSentCount}}","2021.1d
/redfish/v1/Fabrics/HGX_NVLinkFabric_{InstanceId}/Switches/NVSwitch_{InstanceId}/SwitchMetrics
{PCIeErrors{NAKSentCount}}","2021.1d
/redfish/v1/Fabrics/HGX_NVLinkFabric_{InstanceId}/Switches/NVSwitch_{InstanceId}/SwitchMetrics
{PCIeErrors{NAKSentCount}}",/redfish/v1/TelemetryService/MetricReports/HGX_NVSwitchMetrics_0,/redfish/v1/TelemetryService/MetricReports/NVSwitchMetrics_0,,,NA,NA,NA,Yes,NA,NA,NA,NA,NA,NA,NA,,NA,NA,NA,NA,NA,NA,Yes,,,Available OOB,Yes,No Impact,1 Hr,,"2021.1d
/redfish/v1/Fabrics/HGX_NVLinkFabric_{InstanceId}/Switches/NVSwitch_{InstanceId}/SwitchMetrics
{PCIeErrors{NAKSentCount}}","2021.1d
/redfish/v1/Fabrics/$FabricId/Switches/$SwitchId/SwitchMetrics
{PCIeErrors{NAKSentCount}}","{FabricId:{FabricType: NVLink}, SwitchId: {SwitchType: NVLink}}",,,Y,ES,,,,L0,L1,NA
,,,Non-fatal (5s),,,"SMBPBI: (0x21, [0x00], Unused) [15:8]",NA,NA,DCGM_FI_DEV_NVSWITCH_NON_FATAL_ERRORS:857,"2021.1d
/redfish/v1/Fabrics/HGX_NVLinkFabric_{InstanceId}/Switches/NVSwitch_{InstanceId}/SwitchMetrics
{PCIeErrors{NonFatalErrorCount}}","2021.1d
/redfish/v1/Fabrics/HGX_NVLinkFabric_{InstanceId}/Switches/NVSwitch_{InstanceId}/SwitchMetrics
{PCIeErrors{NonFatalErrorCount}}","2021.1d
/redfish/v1/Fabrics/HGX_NVLinkFabric_{InstanceId}/Switches/NVSwitch_{InstanceId}/SwitchMetrics
{PCIeErrors{NonFatalErrorCount}}",/redfish/v1/TelemetryService/MetricReports/HGX_NVSwitchMetrics_0,/redfish/v1/TelemetryService/MetricReports/NVSwitchMetrics_0,,,NA,NA,NA,Yes,NA,NA,NA,NA,NA,NA,NA,,NA,NA,NA,NA,NA,NA,Yes,,,Available,Yes,No Impact,1 Hr,,"2021.1d
/redfish/v1/Fabrics/HGX_NVLinkFabric_{InstanceId}/Switches/NVSwitch_{InstanceId}/SwitchMetrics
{PCIeErrors{NonFatalErrorCount}}","2021.1d
/redfish/v1/Fabrics/$FabricId/Switches/$SwitchId/SwitchMetrics
{PCIeErrors{NonFatalErrorCount}}","{FabricId:{FabricType: NVLink}, SwitchId: {SwitchType: NVLink}}",,,Y,ES,,,,L0,L1,Not Supported
,,,"This count reflects the number of replays issued on the PCIe link
by the device. A replay is a retransmission of a TLP and
occurs because the ACK timer expired. This means 0 that the host
root complex did not send the ACK or the device receiver did not 
properly decode the ACK",,,"SMBPBI: (0x21, [0x01], Unused); extended out",NA,NA,NA,"2021.1d
/redfish/v1/Fabrics/HGX_NVLinkFabric_{InstanceId}/Switches/NVSwitch_{InstanceId}/SwitchMetrics
{PCIeErrors{ReplayCount}}","2021.1d
/redfish/v1/Fabrics/HGX_NVLinkFabric_{InstanceId}/Switches/NVSwitch_{InstanceId}/SwitchMetrics
{PCIeErrors{ReplayCount}}","2021.1d
/redfish/v1/Fabrics/HGX_NVLinkFabric_{InstanceId}/Switches/NVSwitch_{InstanceId}/SwitchMetrics
{PCIeErrors{ReplayCount}}",/redfish/v1/TelemetryService/MetricReports/HGX_NVSwitchMetrics_0,/redfish/v1/TelemetryService/MetricReports/NVSwitchMetrics_0,,,NA,NA,NA,Yes,NA,NA,NA,NA,NA,NA,NA,,NA,NA,NA,NA,NA,NA,Yes,,,Available OOB,Yes,No Impact,1 Hr,,"2021.1d
/redfish/v1/Fabrics/HGX_NVLinkFabric_{InstanceId}/Switches/NVSwitch_{InstanceId}/SwitchMetrics
{PCIeErrors{ReplayCount}}","2021.1d
/redfish/v1/Fabrics/$FabricId/Switches/$SwitchId/SwitchMetrics
{PCIeErrors{ReplayCount}}","{FabricId:{FabricType: NVLink}, SwitchId: {SwitchType: NVLink}}",,,Y,ES,,,,L0,L1,NA
,,,"This count reflects the number of replay rollovers issued on the
PCIe link by the device. A replay rollover occurs when four
consecutive replays fail to resolve the errors on the link. It means
that the device forced the link into recovery.",,,"SMBPBI: (0x21, [0x02], Unused) [15:0]",NA,NA,NA,"2021.1d
/redfish/v1/Fabrics/HGX_NVLinkFabric_{InstanceId}/Switches/NVSwitch_{InstanceId}/SwitchMetrics
{PCIeErrors{ReplayRolloverCount}}","2021.1d
/redfish/v1/Fabrics/HGX_NVLinkFabric_{InstanceId}/Switches/NVSwitch_{InstanceId}/SwitchMetrics
{PCIeErrors{ReplayRolloverCount}}","2021.1d
/redfish/v1/Fabrics/HGX_NVLinkFabric_{InstanceId}/Switches/NVSwitch_{InstanceId}/SwitchMetrics
{PCIeErrors{ReplayRolloverCount}}",/redfish/v1/TelemetryService/MetricReports/HGX_NVSwitchMetrics_0,/redfish/v1/TelemetryService/MetricReports/NVSwitchMetrics_0,,,NA,NA,NA,Yes,NA,NA,NA,NA,NA,NA,NA,,NA,NA,NA,NA,NA,NA,Yes,,,Available OOB,Yes,No Impact,1 Hr,,"2021.1d
/redfish/v1/Fabrics/HGX_NVLinkFabric_{InstanceId}/Switches/NVSwitch_{InstanceId}/SwitchMetrics
{PCIeErrors{ReplayRolloverCount}}","2021.1d
/redfish/v1/Fabrics/$FabricId/Switches/$SwitchId/SwitchMetrics
{PCIeErrors{ReplayRolloverCount}}","{FabricId:{FabricType: NVLink}, SwitchId: {SwitchType: NVLink}}",,,Y,ES,,,,L0,L1,NA
,,,Log entries from this device,,,"SMBPBI: (0x1D,0x00,ptr to scratch memory to receive data)",/var/log/messages,/var/log/messages,/var/log/messages,"2021.1c
/redfish/v1/Chassis/HGX_NVSwitch_{InstanceId}/LogServices/XID/Entries
{Members}","2021.1c
/redfish/v1/Chassis/HGX_NVSwitch_{InstanceId}/LogServices/XID/Entries
{Members}","2021.1c
/redfish/v1/Chassis/HGX_NVSwitch_{InstanceId}/LogServices/XID/Entries
{Members}",,,,,NA,NA,NA,Yes,NA,NA,NA,NA,NA,NA,NA,,NA,NA,NA,NA,NA,NA,Yes,,,Available,No,No Impact,1 Hr,,"2021.1c
/redfish/v1/Chassis/HGX_NVSwitch_{InstanceId}/LogServices/XID/Entries
{Members}","2021.1c
/redfish/v1/Chassis/$ChassisId/LogServices/XID/Entries
{Members}","{ChassisId: {Id_contains: {anyOf: [NVSwitch], not: [RoT]}}}",NVSwitch,,Y,ES,,,,L0,L1,NA
,,,Total number of times the Port Training state machine has failed the link error recovery process and downed the link.,,,"NSM: 0x01, 0x01",NA,TBD,TBD,"2023.0b 
/redfish/v1/Fabrics/HGX_NVLinkFabric_{InstanceId}/Switches/NVSwitch_{InstanceId}/Ports/NVLink_{InstanceId}/Metrics
{Oem{Nvidia{LinkDownedCount}}}
","2023.0b 
/redfish/v1/Fabrics/HGX_NVLinkFabric_{InstanceId}/Switches/NVSwitch_{InstanceId}/Ports/NVLink_{InstanceId}/Metrics
{Oem{Nvidia{LinkDownedCount}}}
","2023.0b 
/redfish/v1/Fabrics/HGX_NVLinkFabric_{InstanceId}/Switches/NVSwitch_{InstanceId}/Ports/NVLink_{InstanceId}/Metrics
{Oem{Nvidia{LinkDownedCount}}}
",/redfish/v1/TelemetryService/MetricReports/HGX_NVSwitchPortMetrics_0,,,,"nv show interface $InterfaceId
{InterfaceId: {type: nvl}}
{link{counters{link-downed}}}",interfaces/interface[name=*]/infiniband/state/counters/port/link-downed,Link_Down,NA,Yes,Yes,NA,NA,NA,NA,NA,Yes,NA,NA,NA,NA,NA,NA,NA,,,Available,NO,No Impact,10 Sec,30,"2023.0b 
/redfish/v1/Fabrics/HGX_NVLinkFabric_{InstanceId}/Switches/NVSwitch_{InstanceId}/Ports/NVLink_{InstanceId}/Metrics
{Oem{Nvidia{LinkDownedCount}}}
","2023.0b 
/redfish/v1/Fabrics/$FabricId/Switches/$SwitchId/Ports/$PortId/Metrics
{Oem{Nvidia{LinkDownedCount}}}
","{FabricId:{FabricType: NVLink}, SwitchId: {SwitchType: NVLink}, PortId: {PortProtocol: NVLink}}",,,Y,ES,QS,QS,QS,"L0, R1","L1, R1",NA
,,,"Total number of packets received on the port that contain malformed packet errors
 • Data packets: LVer, length, VL
 • Link packets: operand, length, VL",,,"NSM: 0x01, 0x01",NVSDM_PORT_TELEM_CTR_MFRMD_PKTS,nvsdm_cli -l <lid> -p <port> -c NVSDM_PORT_TELEM_CTR_MFRMD_PKTS,TBD,"2023.0b 
/redfish/v1/Fabrics/HGX_NVLinkFabric_{InstanceId}/Switches/NVSwitch_{InstanceId}/Ports/NVLink_{InstanceId}/Metrics
{Oem{Nvidia{MalformedPackets}}}","2023.0b 
/redfish/v1/Fabrics/HGX_NVLinkFabric_{InstanceId}/Switches/NVSwitch_{InstanceId}/Ports/NVLink_{InstanceId}/Metrics
{Oem{Nvidia{MalformedPackets}}}","2023.0b 
/redfish/v1/Fabrics/HGX_NVLinkFabric_{InstanceId}/Switches/NVSwitch_{InstanceId}/Ports/NVLink_{InstanceId}/Metrics
{Oem{Nvidia{MalformedPackets}}}",/redfish/v1/TelemetryService/MetricReports/HGX_NVSwitchPortMetrics_0,,,,"nv show interface $InterfaceId
{InterfaceId: {type: nvl}}
{link{phy-diag{port-malformed-packet-errors}}}",/interfaces/interface [name]/phy-diag/state/port-malformed-packet-errors,PortMalformedPacketErrors,NA,Yes,Yes,NA,NA,NA,NA,NA,Yes,NA,NA,NA,NA,NA,NA,NA,,,Available,NO,No Impact,1 Hr,30,"2023.0b 
/redfish/v1/Fabrics/HGX_NVLinkFabric_{InstanceId}/Switches/NVSwitch_{InstanceId}/Ports/NVLink_{InstanceId}/Metrics
{Oem{Nvidia{MalformedPackets}}}","2023.0b 
/redfish/v1/Fabrics/$FabricId/Switches/$SwitchId/Ports/$PortId/Metrics
{Oem{Nvidia{MalformedPackets}}}","{FabricId:{FabricType: NVLink}, SwitchId: {SwitchType: NVLink}, PortId: {PortProtocol: NVLink}}",,,Y,ES,PS,PS,PS,L0,L1,NA
,,,Number of outbound packets discarded by the port because packet length exceeded the NeighborMTU.,,,"NSM: 0x01, 0x01",NVSDM_PORT_TELEM_CTR_NBR_MTU_DISCARDS,nvsdm_cli -l <lid> -p <port> -c NVSDM_PORT_TELEM_CTR_NBR_MTU_DISCARDS,TBD,"2023.0b 
/redfish/v1/Fabrics/HGX_NVLinkFabric_{InstanceId}/Switches/NVSwitch_{InstanceId}/Ports/NVLink_{InstanceId}/Metrics
{Oem{Nvidia{NeighborMTUDiscards}}}","2023.0b 
/redfish/v1/Fabrics/HGX_NVLinkFabric_{InstanceId}/Switches/NVSwitch_{InstanceId}/Ports/NVLink_{InstanceId}/Metrics
{Oem{Nvidia{NeighborMTUDiscards}}}","2023.0b 
/redfish/v1/Fabrics/HGX_NVLinkFabric_{InstanceId}/Switches/NVSwitch_{InstanceId}/Ports/NVLink_{InstanceId}/Metrics
{Oem{Nvidia{NeighborMTUDiscards}}}",/redfish/v1/TelemetryService/MetricReports/HGX_NVSwitchPortMetrics_0,,,,"nv show interface $InterfaceId
{InterfaceId: {type: nvl}}
{link{phy-diag{port-neighbor-mtu-discards}}}",/interfaces/interface [name]/phy-diag/state/port-neighbor-mtu-discards,PortNeighborMTUDiscards,NA,Yes,Yes,NA,NA,NA,NA,NA,Yes,NA,NA,NA,NA,NA,NA,NA,,,Available,NO,No Impact,1 Hr,30,"2023.0b 
/redfish/v1/Fabrics/HGX_NVLinkFabric_{InstanceId}/Switches/NVSwitch_{InstanceId}/Ports/NVLink_{InstanceId}/Metrics
{Oem{Nvidia{NeighborMTUDiscards}}}","2023.0b 
/redfish/v1/Fabrics/$FabricId/Switches/$SwitchId/Ports/$PortId/Metrics
{Oem{Nvidia{NeighborMTUDiscards}}}","{FabricId:{FabricType: NVLink}, SwitchId: {SwitchType: NVLink}, PortId: {PortProtocol: NVLink}}",,,Y,ES,PS,PS,QS,L0,L1,NA
,,,"Total number of packets containing an error that were received on the port. These errors include:
 • Local physical errors (ICRC, VCRC, LPCRC, and all physical errors that cause entry into the BAD PACKET or BAD PACKET DISCARD states of the packet receiver state machine)
 • Malformed data packet errors (LVer, length, VL)
 • Malformed link packet errors (operand, length, VL)
 • Packets discarded due to buffer overrun",,,"NSM: 0x01, 0x01",NVSDM_PORT_TELEM_CTR_RCV_ERR,nvsdm_cli -l <lid> -p <port> -c NVSDM_PORT_TELEM_CTR_RCV_ERR,TBD,"2023.0b 
/redfish/v1/Fabrics/HGX_NVLinkFabric_{InstanceId}/Switches/NVSwitch_{InstanceId}/Ports/NVLink_{InstanceId}/Metrics
{RXErrors}","2023.0b 
/redfish/v1/Fabrics/HGX_NVLinkFabric_{InstanceId}/Switches/NVSwitch_{InstanceId}/Ports/NVLink_{InstanceId}/Metrics
{RXErrors}","2023.0b 
/redfish/v1/Fabrics/HGX_NVLinkFabric_{InstanceId}/Switches/NVSwitch_{InstanceId}/Ports/NVLink_{InstanceId}/Metrics
{RXErrors}",/redfish/v1/TelemetryService/MetricReports/HGX_NVSwitchPortMetrics_0,,,,"nv show interface $InterfaceId
{InterfaceId: {type: nvl}}
{link{counters{in-errors}}}",interfaces/interface [name]/state/counters/in-errors,PortRcvErrors,NA,Yes,Yes,NA,NA,NA,NA,NA,Yes,NA,NA,NA,NA,NA,NA,NA,,,Available,NO,No Impact,1 Hr,30,"2023.0b 
/redfish/v1/Fabrics/HGX_NVLinkFabric_{InstanceId}/Switches/NVSwitch_{InstanceId}/Ports/NVLink_{InstanceId}/Metrics
{RXErrors}","2023.0b 
/redfish/v1/Fabrics/$FabricId/Switches/$SwitchId/Ports/$PortId/Metrics
{RXErrors}","{FabricId:{FabricType: NVLink}, SwitchId: {SwitchType: NVLink}, PortId: {PortProtocol: NVLink}}",,,Y,ES,QS,QS,QS,"L0, R1","L1, R1",NA
,,,Total number of outbound packets discarded by the port because the port is down or congested.,,,"NSM: 0x01, 0x01",NVSDM_PORT_TELEM_CTR_XMIT_DISCARD,nvsdm_cli -l <lid> -p <port> -c NVSDM_PORT_TELEM_CTR_XMIT_DISCARD,TBD,"2023.0b 
/redfish/v1/Fabrics/HGX_NVLinkFabric_{InstanceId}/Switches/NVSwitch_{InstanceId}/Ports/NVLink_{InstanceId}/Metrics
{Networking{TXDiscards}}","2023.0b 
/redfish/v1/Fabrics/HGX_NVLinkFabric_{InstanceId}/Switches/NVSwitch_{InstanceId}/Ports/NVLink_{InstanceId}/Metrics
{Networking{TXDiscards}}","2023.0b 
/redfish/v1/Fabrics/HGX_NVLinkFabric_{InstanceId}/Switches/NVSwitch_{InstanceId}/Ports/NVLink_{InstanceId}/Metrics
{Networking{TXDiscards}}",/redfish/v1/TelemetryService/MetricReports/HGX_NVSwitchPortMetrics_0,,,,"nv show interface $InterfaceId
{InterfaceId: {type: nvl}}
{link{counters{out-drops}}}",interfaces/interface[name=*]/state/counters/out-discards,PortXmitDiscards,NA,Yes,Yes,NA,NA,NA,NA,NA,Yes,NA,NA,NA,NA,NA,NA,NA,,,Available,NO,No Impact,1 Hr,30,"2023.0b 
/redfish/v1/Fabrics/HGX_NVLinkFabric_{InstanceId}/Switches/NVSwitch_{InstanceId}/Ports/NVLink_{InstanceId}/Metrics
{Networking{TXDiscards}}","2023.0b 
/redfish/v1/Fabrics/$FabricId/Switches/$SwitchId/Ports/$PortId/Metrics
{Networking{TXDiscards}}","{FabricId:{FabricType: NVLink}, SwitchId: {SwitchType: NVLink}, PortId: {PortProtocol: NVLink}}",,,Y,ES,QS,QS,QS,"L0, R1","L1, R1",NA
,,,"Total number of packets marked with the EBP delimiter received on the port. EBP is a special kind of packet that indicates the end of a burst of packets. A burst is a sequence of packets sent in rapid succession. The use of EBP helps in flow control. By knowing the end of a burst, the receiving side can manage its buffers efficiently and ensure that packets are processed in order without dropping any due to buffer overruns.",,,"NSM: 0x01, 0x01",NVSDM_PORT_TELEM_CTR_GRP_X20_PORT_RCV_REM_PHY_ERR,nvsdm_cli -l <lid> -p <port> -c NVSDM_PORT_TELEM_CTR_GRP_X20_PORT_RCV_REM_PHY_ERR,TBD,"2023.0b 
/redfish/v1/Fabrics/HGX_NVLinkFabric_{InstanceId}/Switches/NVSwitch_{InstanceId}/Ports/NVLink_{InstanceId}/Metrics
{Oem{Nvidia{RXRemotePhysicalErrors}}}","2023.0b 
/redfish/v1/Fabrics/HGX_NVLinkFabric_{InstanceId}/Switches/NVSwitch_{InstanceId}/Ports/NVLink_{InstanceId}/Metrics
{Oem{Nvidia{RXRemotePhysicalErrors}}}","2023.0b 
/redfish/v1/Fabrics/HGX_NVLinkFabric_{InstanceId}/Switches/NVSwitch_{InstanceId}/Ports/NVLink_{InstanceId}/Metrics
{Oem{Nvidia{RXRemotePhysicalErrors}}}",/redfish/v1/TelemetryService/MetricReports/HGX_NVSwitchPortMetrics_0,,,,"nv show interface $InterfaceId
{InterfaceId: {type: nvl}}
{link{counters{port-rcv-remote-physical-errors}}}",interfaces/interface[name=*]/infiniband/state/counters/port/rcv-remote-phy-errors,PortRcvRemotePhysicalErrors,NA,Yes,Yes,NA,NA,NA,NA,NA,Yes,NA,NA,NA,NA,NA,NA,NA,,,Available,NO,No Impact,1 Hr,30,"2023.0b 
/redfish/v1/Fabrics/HGX_NVLinkFabric_{InstanceId}/Switches/NVSwitch_{InstanceId}/Ports/NVLink_{InstanceId}/Metrics
{Oem{Nvidia{RXRemotePhysicalErrors}}}","2023.0b 
/redfish/v1/Fabrics/$FabricId/Switches/$SwitchId/Ports/$PortId/Metrics
{Oem{Nvidia{RXRemotePhysicalErrors}}}","{FabricId:{FabricType: NVLink}, SwitchId: {SwitchType: NVLink}, PortId: {PortProtocol: NVLink}}",,,Y,ES,QS,QS,QS,"L0, R1","L1, R1",NA
,,,"Total number of packets received on the port that were discarded because they could not be forwarded by the switch relay.This might happen if, for instance, the destination port is congested or there are internal switch errors.",,,"NSM: 0x01, 0x01",NVSDM_PORT_TELEM_CTR_RCV_SWTCH_REL_ERR,nvsdm_cli -l <lid> -p <port> -c NVSDM_PORT_TELEM_CTR_RCV_SWTCH_REL_ERR,TBD,"2023.0b 
/redfish/v1/Fabrics/HGX_NVLinkFabric_{InstanceId}/Switches/NVSwitch_{InstanceId}/Ports/NVLink_{InstanceId}/Metrics
{Oem{Nvidia{RXSwitchRelayErrors}}}","2023.0b 
/redfish/v1/Fabrics/HGX_NVLinkFabric_{InstanceId}/Switches/NVSwitch_{InstanceId}/Ports/NVLink_{InstanceId}/Metrics
{Oem{Nvidia{RXSwitchRelayErrors}}}","2023.0b 
/redfish/v1/Fabrics/HGX_NVLinkFabric_{InstanceId}/Switches/NVSwitch_{InstanceId}/Ports/NVLink_{InstanceId}/Metrics
{Oem{Nvidia{RXSwitchRelayErrors}}}",/redfish/v1/TelemetryService/MetricReports/HGX_NVSwitchPortMetrics_0,,,,"nv show interface $InterfaceId
{InterfaceId: {type: nvl}}
{link{counters{port-rcv-remote-physical-errors}}}",interfaces/interface[name=*]/infiniband/state/counters/port/rcv-switch-relay-errors,PortRcvSwitchRelayErrors,NA,Yes,Yes,NA,NA,NA,NA,NA,Yes,NA,NA,NA,NA,NA,NA,NA,,,Available,NO,No Impact,1 Hr,30,"2023.0b 
/redfish/v1/Fabrics/HGX_NVLinkFabric_{InstanceId}/Switches/NVSwitch_{InstanceId}/Ports/NVLink_{InstanceId}/Metrics
{Oem{Nvidia{RXSwitchRelayErrors}}}","2023.0b 
/redfish/v1/Fabrics/$FabricId/Switches/$SwitchId/Ports/$PortId/Metrics
{Oem{Nvidia{RXSwitchRelayErrors}}}","{FabricId:{FabricType: NVLink}, SwitchId: {SwitchType: NVLink}, PortId: {PortProtocol: NVLink}}",,,Y,ES,QS,QS,QS,"L0, R1","L1, R1",NA
,,,"Number of QP1 MADs (packets) dropped due to resource limitations (e.g., lack of buffers or receives posted) on the port.",,,"NSM: 0x01, 0x01",NVSDM_PORT_TELEM_CTR_QP1_DROPPED,nvsdm_cli -l <lid> -p <port> -c NVSDM_PORT_TELEM_CTR_QP1_DROPPED,TBD,"2023.0b 
/redfish/v1/Fabrics/HGX_NVLinkFabric_{InstanceId}/Switches/NVSwitch_{InstanceId}/Ports/NVLink_{InstanceId}/Metrics
{Oem{Nvidia{QP1Dropped}}}","2023.0b 
/redfish/v1/Fabrics/HGX_NVLinkFabric_{InstanceId}/Switches/NVSwitch_{InstanceId}/Ports/NVLink_{InstanceId}/Metrics
{Oem{Nvidia{QP1Dropped}}}","2023.0b 
/redfish/v1/Fabrics/HGX_NVLinkFabric_{InstanceId}/Switches/NVSwitch_{InstanceId}/Ports/NVLink_{InstanceId}/Metrics
{Oem{Nvidia{QP1Dropped}}}",/redfish/v1/TelemetryService/MetricReports/HGX_NVSwitchPortMetrics_0,,,,"nv show interface $InterfaceId
{InterfaceId: {type: nvl}}
{link{counters{qp1-drops}}}",interfaces/interface[name=*]/infiniband/state/counters/port/qp1-dropped,NA,NA,Yes,Yes,NA,NA,NA,NA,NA,Yes,NA,NA,NA,NA,NA,NA,NA,,,Available,NO,No Impact,1 Hr,30,"2023.0b 
/redfish/v1/Fabrics/HGX_NVLinkFabric_{InstanceId}/Switches/NVSwitch_{InstanceId}/Ports/NVLink_{InstanceId}/Metrics
{Oem{Nvidia{QP1Dropped}}}","2023.0b 
/redfish/v1/Fabrics/$FabricId/Switches/$SwitchId/Ports/$PortId/Metrics
{Oem{Nvidia{QP1Dropped}}}","{FabricId:{FabricType: NVLink}, SwitchId: {SwitchType: NVLink}, PortId: {PortProtocol: NVLink}}",,,Y,ES,QS,QS,,L0,L1,NA
,,,"Number of incoming VL15 packets dropped due to resource limitations (e.g., lack of buffers) of the port.",,,"NSM: 0x01, 0x01",NVSDM_PORT_TELEM_CTR_VL15_DROPPED,nvsdm_cli -l <lid> -p <port> -c NVSDM_PORT_TELEM_CTR_VL15_DROPPED,TBD,"2023.0b 
/redfish/v1/Fabrics/HGX_NVLinkFabric_{InstanceId}/Switches/NVSwitch_{InstanceId}/Ports/NVLink_{InstanceId}/Metrics
{Oem{Nvidia{VL15Dropped}}}","2023.0b 
/redfish/v1/Fabrics/HGX_NVLinkFabric_{InstanceId}/Switches/NVSwitch_{InstanceId}/Ports/NVLink_{InstanceId}/Metrics
{Oem{Nvidia{VL15Dropped}}}","2023.0b 
/redfish/v1/Fabrics/HGX_NVLinkFabric_{InstanceId}/Switches/NVSwitch_{InstanceId}/Ports/NVLink_{InstanceId}/Metrics
{Oem{Nvidia{VL15Dropped}}}",/redfish/v1/TelemetryService/MetricReports/HGX_NVSwitchPortMetrics_0,,,,NA,"interfaces/interface[name=*]/infiniband/state/counters/port/vl15-dropped
interfaces/interface [name=*]/state/counters/in-discards







",NA,NA,Yes,Yes,NA,NA,NA,NA,NA,Yes,NA,NA,NA,NA,NA,NA,NA,,,Available,NO,No Impact,1 Hr,30,"2023.0b 
/redfish/v1/Fabrics/HGX_NVLinkFabric_{InstanceId}/Switches/NVSwitch_{InstanceId}/Ports/NVLink_{InstanceId}/Metrics
{Oem{Nvidia{VL15Dropped}}}","2023.0b 
/redfish/v1/Fabrics/$FabricId/Switches/$SwitchId/Ports/$PortId/Metrics
{Oem{Nvidia{VL15Dropped}}}","{FabricId:{FabricType: NVLink}, SwitchId: {SwitchType: NVLink}, PortId: {PortProtocol: NVLink}}",,,Y,ES,,QS,,L0,L1,NA
,,,Serial Number,,,"SMBPBI: (0x05, [0x02], [0x00])",NA,NA,NA,"2021.1c
/redfish/v1/Chassis/HGX_NVSwitch_{InstanceId}
{SerialNumber}","2021.1c
/redfish/v1/Chassis/HGX_NVSwitch_{InstanceId}
{SerialNumber}","2021.1c
/redfish/v1/Chassis/HGX_NVSwitch_{InstanceId}
{SerialNumber}",,,,,"nv show platform
{serial-number}",NA,sw_serial_number,NA,Yes,Yes,NA,NA,NA,NA,NA,Yes,NA,NA,NA,NA,NA,NA,NA,,,Available OOB,No,No Impact,1 Hr,30,"2021.1c
/redfish/v1/Chassis/HGX_NVSwitch_{InstanceId}
{SerialNumber}","2021.1c
/redfish/v1/Chassis/$ChassisId
{SerialNumber}","{ChassisId: {Id_contains: {anyOf: [NVSwitch], not: [RoT]}}}
",,,Y,ES Factory,QS,,QS,L0,L1,NA
,,,"GUID of the HCA, switch, GPU, or router itself. All ports on the same node shall report the same NodeGUID. Provides a means to uniquely identify a node within a subnet and determine co-location of ports.",,,"SMBPBI: (0x05, [0x0D], [0x00-0x03])",nvsdmDeviceToString,nvsdm_cli -C <source_ca> -g <guid> -i DEVICE,NA,"2021.1c
/redfish/v1/Chassis/HGX_NVSwitch_{InstanceId}
{UUID}","2021.1c
/redfish/v1/Chassis/HGX_NVSwitch_{InstanceId}
{UUID}","2021.1c
/redfish/v1/Chassis/HGX_NVSwitch_{InstanceId}
{UUID}",,,,,"nv show ib device $IbDeviceId
{IbDeviceId: {type: NVLink*}}
{guid}",NA,Node_GUID,Yes,Yes,Yes,NA,NA,NA,NA,NA,Yes,NA,NA,NA,NA,NA,NA,Yes,,,Available,No,No Impact,1 Hr,30,"2021.1c
/redfish/v1/Chassis/HGX_NVSwitch_{InstanceId}
{UUID}","2021.1c
/redfish/v1/Chassis/$ChassisId
{UUID}","{ChassisId: {Id_contains: {anyOf: [NVSwitch], not: [RoT]}}}
",NVSwitch,,Y,ES Factory,QS,,QS,"L0, R1","L1, R1",NA
,,,GUID of the port. All ports on the same switch shall report the same NodeGUID.,,,NA,nvsdmPortToString,nvsdm_cli -C <source_ca> -p <port> -l <list> -i PORT,NA,NA,NA,NA,,,,,NA,NA,Port_GUID,NA,NA,NA,NA,NA,NA,NA,NA,Yes,NA,NA,NA,NA,NA,NA,Yes,,,Available,No,No Impact,1 Hr,,"2021.1c
/redfish/v1/Chassis/HGX_NVSwitch_{InstanceId}
{UUID}","2021.1c
/redfish/v1/Chassis/$ChassisId
{UUID}","{ChassisId: {Id_contains: {anyOf: [NVSwitch], not: [RoT]}}}
",NVSwitch,,Y,ES Factory,,,QS,"L0, R1","L1, R1",NA
,,,Link/Switch interface version,,,NA,NA,NA,NA,"2021.1c
/redfish/v1/Fabrics/HGX_NVLinkFabric_{InstanceId}/Switches/NVSwitch_{InstanceId}
{SwitchType}","2021.1c
/redfish/v1/Fabrics/HGX_NVLinkFabric_{InstanceId}/Switches/NVSwitch_{InstanceId}
{SwitchType}","2021.1c
/redfish/v1/Fabrics/HGX_NVLinkFabric_{InstanceId}/Switches/NVSwitch_{InstanceId}
{SwitchType}",,,,,NA,NA,NA,Yes,Yes,Yes,NA,NA,NA,NA,NA,NA,NA,NA,NA,NA,NA,NA,Yes,,,Available OOB,No,No Impact,1 Hr,30,"2021.1c
/redfish/v1/Fabrics/HGX_NVLinkFabric_{InstanceId}/Switches/NVSwitch_{InstanceId}
{SwitchType}","2021.1c
/redfish/v1/Fabrics/$FabricId/Switches/$SwitchId
{SwitchType}","{FabricId:{FabricType: NVLink}, SwitchId: {SwitchType: NVLink}}",,,Y,ES,,,,L0,L1,NA
,,,A string of numbers and letters that identifies the switch/link,,,"SMBPBI: (0x05, [0x0A], [0x00])",nvsdmDeviceToString,nvsdm_cli -C <source_ca> -g <guid> -i DEVICE,NA,"2021.1c
/redfish/v1/Chassis/HGX_NVSwitch_{InstanceId}/PCIeDevices/NVSwitch_{InstanceId}/PCIeFunctions/{InstanceId}
{DeviceId}","2021.1c
/redfish/v1/Chassis/HGX_NVSwitch_{InstanceId}/PCIeDevices/NVSwitch_{InstanceId}/PCIeFunctions/{InstanceId}
{DeviceId}","2021.1c
/redfish/v1/Chassis/HGX_NVSwitch_{InstanceId}/PCIeDevices/NVSwitch_{InstanceId}/PCIeFunctions/{InstanceId}
{DeviceId}",,,,,NA,NA,NA,Yes,NA,NA,NA,NA,NA,NA,NA,,NA,NA,NA,NA,NA,NA,Yes,,,Available OOB,No,No Impact,1 Hr,,"2021.1c
/redfish/v1/Chassis/HGX_NVSwitch_{InstanceId}/PCIeDevices/NVSwitch_{InstanceId}/PCIeFunctions/{InstanceId}
{DeviceId}","2021.1c
/redfish/v1/Chassis/$ChassisId/PCIeDevices/$PCIeId/PCIeFunctions/$PCIeFuncId
{DeviceId}","{ChassisId: {Id_contains: {anyOf: [NVSwitch], not: [RoT]}}, PCIeId: {DeviceType: all}, PCIeFuncId: {FunctionId: all}}",,,Y,ES Factory,,,,L0,L1,NA
,,,The aggregate bandwidth of all links. This enrty is applicable for platforms with NVL4.,,,"SMBPBI: (0x1A, 02h, [<link_index>,0xFF = Aggregate Count]);extended data
PLDM {0x02, 0x11, [<link_index> link speed aggregate]} ",NA,NA,DCGM_FI_DEV_NVSWITCH_LINK_STATUS:870,"2021.1c
/redfish/v1/Fabrics/HGX_NVLinkFabric_{InstanceId}/Switches/NVSwitch_{InstanceId}
{CurrentBandwidthGbps}","2021.1c
/redfish/v1/Fabrics/HGX_NVLinkFabric_{InstanceId}/Switches/NVSwitch_{InstanceId}
{CurrentBandwidthGbps}","2021.1c
/redfish/v1/Fabrics/HGX_NVLinkFabric_{InstanceId}/Switches/NVSwitch_{InstanceId}
{CurrentBandwidthGbps}",/redfish/v1/TelemetryService/MetricReports/HGX_NVSwitchMetrics_0,,,,NA,NA,NA,Yes,NA,Yes,NA,NA,NA,NA,NA,NA,NA,NA,NA,NA,NA,NA,Yes,,,Available,Yes,No Impact,10 Sec,30,"2021.1c
/redfish/v1/Fabrics/HGX_NVLinkFabric_{InstanceId}/Switches/NVSwitch_{InstanceId}
{CurrentBandwidthGbps}","2021.1c
/redfish/v1/Fabrics/$FabricId/Switches/$SwitchId
{CurrentBandwidthGbps}","{FabricId:{FabricType: NVLink}, SwitchId: {SwitchType: NVLink}}",,,Y,ES,,,,L0,L1,Not Supported
,,,NVLink TX Data Throughput,,,"SMBPBI: (0x1A, 09h, [<link_index>,0xFF = Aggregate Count]);extended data",NVSDM_PORT_TELEM_CTR_XMIT_DATA,nvsdm_cli -l <lid> -p <port> -c NVSDM_PORT_TELEM_CTR_XMIT_DATA,DCGM_FI_DEV_NVSWITCH_THROUGHPUT_TX:861,"2021.1c
/redfish/v1/Fabrics/HGX_NVLinkFabric_{InstanceId}/Switches/NVSwitch_{InstanceId}/Ports/NVLink_{InstanceId}/Metrics
{Oem{Nvidia{TXNoProtocolBytes}}}","2021.1c
/redfish/v1/Fabrics/HGX_NVLinkFabric_{InstanceId}/Switches/NVSwitch_{InstanceId}/Ports/NVLink_{InstanceId}/Metrics
{Oem{Nvidia{TXNoProtocolBytes}}}","2021.1c
/redfish/v1/Fabrics/HGX_NVLinkFabric_{InstanceId}/Switches/NVSwitch_{InstanceId}/Ports/NVLink_{InstanceId}/Metrics
{Oem{Nvidia{TXNoProtocolBytes}}}",/redfish/v1/TelemetryService/MetricReports/HGX_NVSwitchPortMetrics_0,/redfish/v1/TelemetryService/MetricReports/NVSwitchPortMetrics_0,,,NA,NA,NA,Yes,NA,NA,NA,NA,NA,NA,NA,NA,NA,NA,NA,NA,NA,NA,Yes,,,Available,Yes,No Impact/Disabled,10 Sec,,"2021.1c
/redfish/v1/Fabrics/HGX_NVLinkFabric_{InstanceId}/Switches/NVSwitch_{InstanceId}/Ports/NVLink_{InstanceId}/Metrics
{Oem{Nvidia{TXNoProtocolBytes}}}","2021.1c
/redfish/v1/Fabrics/$FabricId/Switches/$SwitchId/Ports/$PortId/Metrics
{Oem{Nvidia{TXNoProtocolBytes}}}","{FabricId:{FabricType: NVLink}, SwitchId: {SwitchType: NVLink}, PortId: {PortProtocol: NVLink}}",,,Y,ES,,,,L0,L1,Not Supported
,,,NVLink RX Data Throughput,,,"SMBPBI: (0x1A, 0Ah, [<link_index>,0xFF = Aggregate Count]);extended data",NVSDM_PORT_TELEM_CTR_RCV_DATA,nvsdm_cli -l <lid> -p <port> -c NVSDM_PORT_TELEM_CTR_RCV_DATA,DCGM_FI_DEV_NVSWITCH_THROUGHPUT_RX:862,"2021.1c
/redfish/v1/Fabrics/HGX_NVLinkFabric_{InstanceId}/Switches/NVSwitch_{InstanceId}/Ports/NVLink_{InstanceId}/Metrics
{Oem{Nvidia{RXNoProtocolBytes}}}","2021.1c
/redfish/v1/Fabrics/HGX_NVLinkFabric_{InstanceId}/Switches/NVSwitch_{InstanceId}/Ports/NVLink_{InstanceId}/Metrics
{Oem{Nvidia{RXNoProtocolBytes}}}","2021.1c
/redfish/v1/Fabrics/HGX_NVLinkFabric_{InstanceId}/Switches/NVSwitch_{InstanceId}/Ports/NVLink_{InstanceId}/Metrics
{Oem{Nvidia{RXNoProtocolBytes}}}",/redfish/v1/TelemetryService/MetricReports/HGX_NVSwitchPortMetrics_0,/redfish/v1/TelemetryService/MetricReports/NVSwitchPortMetrics_0,,,NA,NA,NA,Yes,NA,NA,NA,NA,NA,NA,NA,NA,NA,NA,NA,NA,NA,NA,Yes,,,Available,Yes,No Impact/Disabled,10 Sec,,"2021.1c
/redfish/v1/Fabrics/HGX_NVLinkFabric_{InstanceId}/Switches/NVSwitch_{InstanceId}/Ports/NVLink_{InstanceId}/Metrics
{Oem{Nvidia{RXNoProtocolBytes}}}","2021.1c
/redfish/v1/Fabrics/$FabricId/Switches/$SwitchId/Ports/$PortId/Metrics
{Oem{Nvidia{RXNoProtocolBytes}}}","{FabricId:{FabricType: NVLink}, SwitchId: {SwitchType: NVLink}, PortId: {PortProtocol: NVLink}}",,,Y,ES,,,,L0,L1,Not Supported
,,,NVLink TX Data Throughput with protocol overhead,,,"SMBPBI: (0x1A, 0Bh, [<link_index>,0xFF = Aggregate Count]);extended data",NA,NA,NA,"2021.1c
/redfish/v1/Fabrics/HGX_NVLinkFabric_{InstanceId}/Switches/NVSwitch_{InstanceId}/Ports/NVLink_{InstanceId}/Metrics
{TXBytes}","2021.1c
/redfish/v1/Fabrics/HGX_NVLinkFabric_{InstanceId}/Switches/NVSwitch_{InstanceId}/Ports/NVLink_{InstanceId}/Metrics
{TXBytes}","2021.1c
/redfish/v1/Fabrics/HGX_NVLinkFabric_{InstanceId}/Switches/NVSwitch_{InstanceId}/Ports/NVLink_{InstanceId}/Metrics
{TXBytes}",/redfish/v1/TelemetryService/MetricReports/HGX_NVSwitchPortMetrics_0,/redfish/v1/TelemetryService/MetricReports/NVSwitchPortMetrics_0,,,NA,NA,NA,Yes,NA,NA,NA,NA,NA,NA,NA,,NA,NA,NA,NA,NA,NA,Yes,,,Available OOB,Yes,No Impact/Disabled,10 Sec,30,"2021.1c
/redfish/v1/Fabrics/HGX_NVLinkFabric_{InstanceId}/Switches/NVSwitch_{InstanceId}/Ports/NVLink_{InstanceId}/Metrics
{TXBytes}","2021.1c
/redfish/v1/Fabrics/$FabricId/Switches/$SwitchId/Ports/$PortId/Metrics
{TXBytes}","{FabricId:{FabricType: NVLink}, SwitchId: {SwitchType: NVLink}, PortId: {PortProtocol: NVLink}}",,,Y,ES,,,,L0,L1,NA
,,,NVLink RX Data Throughput with protocol overhead,,,"SMBPBI: (0x1A, 0Ch, [<link_index>,0xFF = Aggregate Count]);extended data",NA,NA,NA,"2021.1c
/redfish/v1/Fabrics/HGX_NVLinkFabric_{InstanceId}/Switches/NVSwitch_{InstanceId}/Ports/NVLink_{InstanceId}/Metrics
{RXBytes}","2021.1c
/redfish/v1/Fabrics/HGX_NVLinkFabric_{InstanceId}/Switches/NVSwitch_{InstanceId}/Ports/NVLink_{InstanceId}/Metrics
{RXBytes}","2021.1c
/redfish/v1/Fabrics/HGX_NVLinkFabric_{InstanceId}/Switches/NVSwitch_{InstanceId}/Ports/NVLink_{InstanceId}/Metrics
{RXBytes}",/redfish/v1/TelemetryService/MetricReports/HGX_NVSwitchPortMetrics_0,/redfish/v1/TelemetryService/MetricReports/NVSwitchPortMetrics_0,,,NA,NA,NA,Yes,NA,NA,NA,NA,NA,NA,NA,,NA,NA,NA,NA,NA,NA,Yes,,,Available OOB,Yes,No Impact/Disabled,10 Sec,30,"2021.1c
/redfish/v1/Fabrics/HGX_NVLinkFabric_{InstanceId}/Switches/NVSwitch_{InstanceId}/Ports/NVLink_{InstanceId}/Metrics
{RXBytes}","2021.1c
/redfish/v1/Fabrics/$FabricId/Switches/$SwitchId/Ports/$PortId/Metrics
{RXBytes}","{FabricId:{FabricType: NVLink}, SwitchId: {SwitchType: NVLink}, PortId: {PortProtocol: NVLink}}",,,Y,ES,,,,L0,L1,NA
,,,Current PCIe Link Speed,,,"SMBPBI: (0x21, 0x00, unused) [2:0]",NA,NA,NA,"2021.1c
/redfish/v1/Chassis/HGX_NVSwitch_{InstanceId}/PCIeDevices/NVSwitch_{InstanceId}
{PCIeInterface{PCIeType}}","2021.1c
/redfish/v1/Chassis/HGX_NVSwitch_{InstanceId}/PCIeDevices/NVSwitch_{InstanceId}
{PCIeInterface{PCIeType}}","2021.1c
/redfish/v1/Chassis/HGX_NVSwitch_{InstanceId}/PCIeDevices/NVSwitch_{InstanceId}
{PCIeInterface{PCIeType}}",,,,,NA,NA,NA,Yes,NA,NA,NA,NA,NA,NA,NA,,NA,NA,NA,NA,NA,NA,Yes,,,Available OOB,Yes,No Impact,10 Sec,,"2021.1c
/redfish/v1/Chassis/HGX_NVSwitch_{InstanceId}/PCIeDevices/NVSwitch_{InstanceId}
{PCIeInterface{PCIeType}}","2021.1c
/redfish/v1/Chassis/$ChassisId/PCIeDevices/$PCIeId
{PCIeInterface{PCIeType}}","{ChassisId: {Id_contains: {anyOf: [NVSwitch], not: [RoT]}}, PCIeId: {DeviceType: all}}",,,Y,ES,,,,L0,L1,NA
,,,Current PCI Link Width,,,"SMBPBI: (0x21, 0x00, unused) [6:4]",NA,NA,NA,"2021.1c
/redfish/v1/Chassis/HGX_NVSwitch_{InstanceId}/PCIeDevices/NVSwitch_{InstanceId}
{PCIeInterface{LanesInUse}}","2021.1c
/redfish/v1/Chassis/HGX_NVSwitch_{InstanceId}/PCIeDevices/NVSwitch_{InstanceId}
{PCIeInterface{LanesInUse}}","2021.1c
/redfish/v1/Chassis/HGX_NVSwitch_{InstanceId}/PCIeDevices/NVSwitch_{InstanceId}
{PCIeInterface{LanesInUse}}",,,,,NA,NA,NA,Yes,NA,NA,NA,NA,NA,NA,NA,,NA,NA,NA,NA,NA,NA,Yes,,,Available OOB,Yes,No Impact,10 Sec,,"2021.1c
/redfish/v1/Chassis/HGX_NVSwitch_{InstanceId}/PCIeDevices/NVSwitch_{InstanceId}
{PCIeInterface{LanesInUse}}","2021.1c
/redfish/v1/Chassis/$ChassisId/PCIeDevices/$PCIeId
{PCIeInterface{LanesInUse}}","{ChassisId: {Id_contains: {anyOf: [NVSwitch], not: [RoT]}}, PCIeId: {DeviceType: all}}",,,Y,ES,,,,L0,L1,NA
,,,The current speed of the link,,,"SMBPBI: (0x1A, [0x02], Unused)",NA,NA,NA,"2021.1c
/redfish/v1/Fabrics/HGX_NVLinkFabric_{InstanceId}/Switches/NVSwitch_{InstanceId}/Ports/NVLink_{InstanceId}
{CurrentSpeedGbps}","2021.1c
/redfish/v1/Fabrics/HGX_NVLinkFabric_{InstanceId}/Switches/NVSwitch_{InstanceId}/Ports/NVLink_{InstanceId}
{CurrentSpeedGbps}","2021.1c
/redfish/v1/Fabrics/HGX_NVLinkFabric_{InstanceId}/Switches/NVSwitch_{InstanceId}/Ports/NVLink_{InstanceId}
{CurrentSpeedGbps}",/redfish/v1/TelemetryService/MetricReports/HGX_NVSwitchPortMetrics_0,/redfish/v1/TelemetryService/MetricReports/NVSwitchPortMetrics_0,,,NA,NA,NA,Yes,NA,NA,NA,NA,NA,NA,NA,,NA,NA,NA,NA,NA,NA,Yes,,,Available OOB,Yes,No Impact,10 Sec,30,"2021.1c
/redfish/v1/Fabrics/HGX_NVLinkFabric_{InstanceId}/Switches/NVSwitch_{InstanceId}/Ports/NVLink_{InstanceId}
{CurrentSpeedGbps}","2021.1c
/redfish/v1/Fabrics/$FabricId/Switches/$SwitchId/Ports/$PortId
{CurrentSpeedGbps}","{FabricId:{FabricType: NVLink}, SwitchId: {SwitchType: NVLink}, PortId: {PortProtocol: NVLink}}",,,Y,ES,,,,L0,L1,NA
,,,The current temperature,,,"SMBPBI: (0x02/0x03, 0x00, unused), PLDM {0x02, 0x11}",NVSDM_PLATFORM_TELEM_CTR_TEMPERATURE,nvsdm_cli -l <lid> -p <port> -c NVSDM_PLATFORM_TELEM_CTR_TEMPERATURE,DCGM_FI_DEV_NVSWITCH_TEMPERATURE_CURRENT:858,"2021.1c
/redfish/v1/Chassis/HGX_NVSwitch_{InstanceId}/Sensors/HGX_NVSwitch_{InstanceId}_TEMP_{InstanceId}
{Reading}","2021.1c
/redfish/v1/Chassis/HGX_NVSwitch_{InstanceId}/Sensors/HGX_NVSwitch_{InstanceId}_TEMP_{InstanceId}
{Reading}","2021.1c
/redfish/v1/Chassis/HGX_NVSwitch_{InstanceId}/Sensors/HGX_NVSwitch_{InstanceId}_TEMP_{InstanceId}
{Reading}",/redfish/v1/TelemetryService/MetricReports/HGX_PlatformEnvironmentMetrics_0,,,,NA,NA,NA,Yes,Yes,Yes,NA,NA,NA,NA,NA,NA,NA,NA,NA,NA,NA,NA,Yes,,,Available,No,No Impact,10 Sec,30,"2021.1c
/redfish/v1/Chassis/HGX_NVSwitch_{InstanceId}/Sensors/HGX_NVSwitch_{InstanceId}_TEMP_{InstanceId}
{Reading}","2021.1c
/redfish/v1/Chassis/$ChassisId/Sensors/$SensorId
{Reading}","{ChassisId: {Id_contains: {anyOf: [NVSwitch], not: [RoT]}}, SensorId: {ReadingType: Temperature}}",,,Y,ES Factory,,,,L0,L1,Not Supported
,,,The number of physical transport links that this port contains.,,,"SMBPBI: (0x1A, [0x08], Unused)",NA,NA,NA,"2021.1c
/redfish/v1/Fabrics/HGX_NVLinkFabric_{InstanceId}/Switches/NVSwitch_{InstanceId}/Ports/NVLink_{InstanceId}
{Oem{Nvidia{TXWidth}}}","2021.1c
/redfish/v1/Fabrics/HGX_NVLinkFabric_{InstanceId}/Switches/NVSwitch_{InstanceId}/Ports/NVLink_{InstanceId}
{Oem{Nvidia{TXWidth}}}","2021.1c
/redfish/v1/Fabrics/HGX_NVLinkFabric_{InstanceId}/Switches/NVSwitch_{InstanceId}/Ports/NVLink_{InstanceId}
{Oem{Nvidia{TXWidth}}}",/redfish/v1/TelemetryService/MetricReports/HGX_NVSwitchPortMetrics_0,/redfish/v1/TelemetryService/MetricReports/NVSwitchPortMetrics_0,,,NA,NA,NA,Yes,NA,NA,NA,NA,NA,NA,NA,,NA,NA,NA,NA,NA,NA,Yes,,,Available OOB,Yes,No Impact,10 Min,,"2021.1c
/redfish/v1/Fabrics/HGX_NVLinkFabric_{InstanceId}/Switches/NVSwitch_{InstanceId}/Ports/NVLink_{InstanceId}
{Oem{Nvidia{TXWidth}}}","2021.1c
/redfish/v1/Fabrics/$FabricId/Switches/$SwitchId/Ports/$PortId
{Oem{Nvidia{TXWidth}}}","{FabricId:{FabricType: NVLink}, SwitchId: {SwitchType: NVLink}, PortId: {PortProtocol: NVLink}}",,,Y,ES,,,,L0,L1,NA
,,,PCIe Link Speed,,,"SMBPBI: (0x05, [0x12], [0x00])",NA,NA,NA,"2022.1e
/redfish/v1/Chassis/HGX_NVSwitch_{InstanceId}/PCIeDevices/NVSwitch_{InstanceId}
{PCIeInterface{MaxPCIeType}}","2022.1e
/redfish/v1/Chassis/HGX_NVSwitch_{InstanceId}/PCIeDevices/NVSwitch_{InstanceId}
{PCIeInterface{MaxPCIeType}}","2022.1e
/redfish/v1/Chassis/HGX_NVSwitch_{InstanceId}/PCIeDevices/NVSwitch_{InstanceId}
{PCIeInterface{MaxPCIeType}}",,,,,NA,NA,NA,Yes,NA,NA,NA,NA,NA,NA,NA,,NA,NA,NA,NA,NA,NA,Yes,,,Available OOB,No,No Impact,10 Min,,"2022.1e
/redfish/v1/Chassis/HGX_NVSwitch_{InstanceId}/PCIeDevices/NVSwitch_{InstanceId}
{PCIeInterface{MaxPCIeType}}","2022.1e
/redfish/v1/Chassis/$ChassisId/PCIeDevices/$PCIeId
{PCIeInterface{MaxPCIeType}}","{ChassisId: {Id_contains: {anyOf: [NVSwitch], not: [RoT]}}, PCIeId: {DeviceType: all}}",,,,ES,,,,L0,L1,NA
,,,PCIe Link Width,,,"SMBPBI: (0x05, [0x13], [0x00])",NA,NA,NA,"2022.1e
/redfish/v1/Chassis/HGX_NVSwitch_{InstanceId}/PCIeDevices/NVSwitch_{InstanceId}
{PCIeInterface{MaxLanes}}","2022.1e
/redfish/v1/Chassis/HGX_NVSwitch_{InstanceId}/PCIeDevices/NVSwitch_{InstanceId}
{PCIeInterface{MaxLanes}}","2022.1e
/redfish/v1/Chassis/HGX_NVSwitch_{InstanceId}/PCIeDevices/NVSwitch_{InstanceId}
{PCIeInterface{MaxLanes}}",,,,,NA,NA,NA,Yes,NA,NA,NA,NA,NA,NA,NA,,NA,NA,NA,NA,NA,NA,Yes,,,Available OOB,No,No Impact,10 Min,,"2022.1e
/redfish/v1/Chassis/HGX_NVSwitch_{InstanceId}/PCIeDevices/NVSwitch_{InstanceId}
{PCIeInterface{MaxLanes}}","2022.1e
/redfish/v1/Chassis/$ChassisId/PCIeDevices/$PCIeId
{PCIeInterface{MaxLanes}}","{ChassisId: {Id_contains: {anyOf: [NVSwitch], not: [RoT]}}, PCIeId: {DeviceType: all}}",,,,ES,,,,L0,L1,NA
,,,The maximum speed of which this port is capable,,,"SMBPBI: (0x1A, [0x02], Unused)",nvsdmPortGetInfo,nvsdm_cli -C <source_ca> -p <port> -l <lid> -i PORT,NA,"2021.1c
/redfish/v1/Fabrics/HGX_NVLinkFabric_{InstanceId}/Switches/NVSwitch_{InstanceId}/Ports/NVLink_{InstanceId}
{MaxSpeedGbps}","2021.1c
/redfish/v1/Fabrics/HGX_NVLinkFabric_{InstanceId}/Switches/NVSwitch_{InstanceId}/Ports/NVLink_{InstanceId}
{MaxSpeedGbps}","2021.1c
/redfish/v1/Fabrics/HGX_NVLinkFabric_{InstanceId}/Switches/NVSwitch_{InstanceId}/Ports/NVLink_{InstanceId}
{MaxSpeedGbps}",/redfish/v1/TelemetryService/MetricReports/HGX_NVSwitchPortMetrics_0,/redfish/v1/TelemetryService/MetricReports/NVSwitchPortMetrics_0,,,NA,NA,NA,Yes,NA,NA,NA,NA,NA,NA,NA,,NA,NA,NA,NA,NA,NA,Yes,,,Available OOB,Yes,No Impact,10 Min,30,"2021.1c
/redfish/v1/Fabrics/HGX_NVLinkFabric_{InstanceId}/Switches/NVSwitch_{InstanceId}/Ports/NVLink_{InstanceId}
{MaxSpeedGbps}","2021.1c
/redfish/v1/Fabrics/$FabricId/Switches/$SwitchId/Ports/$PortId
{MaxSpeedGbps}","{FabricId:{FabricType: NVLink}, SwitchId: {SwitchType: NVLink}, PortId: {PortProtocol: NVLink}}",,,,ES,,,,L0,L1,NA
,,,The number of physical transport links that this port contains.,,,"SMBPBI: (0x1A, [0x08], Unused)",NA,NA,NA,"2021.1c
/redfish/v1/Fabrics/HGX_NVLinkFabric_{InstanceId}/Switches/NVSwitch_{InstanceId}/Ports/NVLink_{InstanceId}
{Oem{Nvidia{RXWidth}}}","2021.1c
/redfish/v1/Fabrics/HGX_NVLinkFabric_{InstanceId}/Switches/NVSwitch_{InstanceId}/Ports/NVLink_{InstanceId}
{Oem{Nvidia{RXWidth}}}","2021.1c
/redfish/v1/Fabrics/HGX_NVLinkFabric_{InstanceId}/Switches/NVSwitch_{InstanceId}/Ports/NVLink_{InstanceId}
{Oem{Nvidia{RXWidth}}}",/redfish/v1/TelemetryService/MetricReports/HGX_NVSwitchPortMetrics_0,/redfish/v1/TelemetryService/MetricReports/NVSwitchPortMetrics_0,,,NA,NA,NA,Yes,NA,NA,NA,NA,NA,NA,NA,,NA,NA,NA,NA,NA,NA,Yes,,,Available OOB,Yes,No Impact,10 Min,,"2021.1c
/redfish/v1/Fabrics/HGX_NVLinkFabric_{InstanceId}/Switches/NVSwitch_{InstanceId}/Ports/NVLink_{InstanceId}
{Oem{Nvidia{RXWidth}}}","2021.1c
/redfish/v1/Fabrics/$FabricId/Switches/$SwitchId/Ports/$PortId
{Oem{Nvidia{RXWidth}}}","{FabricId:{FabricType: NVLink}, SwitchId: {SwitchType: NVLink}, PortId: {PortProtocol: NVLink}}",,,Y,ES,,,,L0,L1,NA
,,,The maximum internal bandwidth of this switch as currently configured.,,,NA,nvsdmPortGetInfo,nvsdm_cli -C <source_ca> -p <port> -l <lid> -i PORT,NA,"2021.1c
/redfish/v1/Fabrics/HGX_NVLinkFabric_{InstanceId}/Switches/NVSwitch_{InstanceId}
{MaxBandwidthGbps}","2021.1c
/redfish/v1/Fabrics/HGX_NVLinkFabric_{InstanceId}/Switches/NVSwitch_{InstanceId}
{MaxBandwidthGbps}","2021.1c
/redfish/v1/Fabrics/HGX_NVLinkFabric_{InstanceId}/Switches/NVSwitch_{InstanceId}
{MaxBandwidthGbps}",,,,,NA,NA,NA,Yes,NA,NA,NA,NA,NA,NA,NA,,NA,NA,NA,NA,NA,NA,Yes,,,Available OOB,No,No Impact,10 Min,30,"2021.1c
/redfish/v1/Fabrics/HGX_NVLinkFabric_{InstanceId}/Switches/NVSwitch_{InstanceId}
{MaxBandwidthGbps}","2021.1c
/redfish/v1/Fabrics/$FabricId/Switches/$SwitchId
{MaxBandwidthGbps}","{FabricId:{FabricType: NVLink}, SwitchId: {SwitchType: NVLink}}",,,,ES,,,,L0,L1,NA
,,,The maximum operating temperature for the link,,,"SMBPBI: (0x15, 0x04, Unused)",NA,NA,NA,"2021.1c
/redfish/v1/Chassis/HGX_NVSwitch_{InstanceId}/Sensors/HGX_NVSwitch_{InstanceId}_TEMP_{InstanceId}
{MaxAllowableOperatingValue}","2021.1c
/redfish/v1/Chassis/HGX_NVSwitch_{InstanceId}/Sensors/HGX_NVSwitch_{InstanceId}_TEMP_{InstanceId}
{MaxAllowableOperatingValue}","2021.1c
/redfish/v1/Chassis/HGX_NVSwitch_{InstanceId}/Sensors/HGX_NVSwitch_{InstanceId}_TEMP_{InstanceId}
{MaxAllowableOperatingValue}",,,,,NA,NA,NA,Yes,NA,NA,NA,NA,NA,NA,NA,,NA,NA,NA,NA,NA,NA,Yes,,,Available OOB,No,No Impact,10 Min,,"2021.1c
/redfish/v1/Chassis/HGX_NVSwitch_{InstanceId}/Sensors/HGX_NVSwitch_{InstanceId}_TEMP_{InstanceId}
{MaxAllowableOperatingValue}","2021.1c
/redfish/v1/Chassis/$ChassisId/Sensors/$SensorId
{MaxAllowableOperatingValue}","{ChassisId: {Id_contains: {anyOf: [NVSwitch], not: [RoT]}}, SensorId: {ReadingType: Temperature}}",,,,ES,,,,L0,L1,NA
,,,The normal range of temperature but is not yet fatal. This enrty is applicable for platforms with NVL4.,,,"SMBPBI: (0x15, 0x80-0x85, 0x01), PLDM {0x02, 0x51}",NA,NA,DCGM_FI_DEV_NVSWITCH_TEMPERATURE_LIMIT_SLOWDOWN:859,"2021.1c
/redfish/v1/Chassis/HGX_NVSwitch_{InstanceId}/Sensors/HGX_NVSwitch_{InstanceId}_TEMP_{InstanceId}
{Thresholds{UpperCritical{Reading}}}","2021.1c
/redfish/v1/Chassis/HGX_NVSwitch_{InstanceId}/Sensors/HGX_NVSwitch_{InstanceId}_TEMP_{InstanceId}
{Thresholds{UpperCritical{Reading}}}","2021.1c
/redfish/v1/Chassis/HGX_NVSwitch_{InstanceId}/Sensors/HGX_NVSwitch_{InstanceId}_TEMP_{InstanceId}
{Thresholds{UpperCritical{Reading}}}",,,,,NA,NA,NA,Yes,NA,NA,NA,NA,NA,NA,NA,NA,NA,NA,NA,NA,NA,NA,Yes,,,Available,No,No Impact,10 Min,30,"2021.1c
/redfish/v1/Chassis/HGX_NVSwitch_{InstanceId}/Sensors/HGX_NVSwitch_{InstanceId}_TEMP_{InstanceId}
{Thresholds{UpperCritical{Reading}}}","2021.1c
/redfish/v1/Chassis/$ChassisId/Sensors/$SensorId
{Thresholds{UpperCritical{Reading}}}","{ChassisId: {Id_contains: {anyOf: [NVSwitch], not: [RoT]}}, SensorId: {ReadingType: Temperature}}",,,,ES,,,,L0,L1,Not Supported
,,,NVLink Link status (e.g. LinkUp),,,"SMBPBI:  (0x1A, 01h, [<link_index>,0xFF = Aggregate Count]);extended data",nvsdmPortGetInfo,nvsdm_cli -C <source_ca> -p <port> -l <lid> -i PORT,NA,"2021.1c
/redfish/v1/Fabrics/HGX_NVLinkFabric_{InstanceId}/Switches/NVSwitch_{InstanceId}/Ports/NVLink_{InstanceId}
{LinkStatus}","2021.1c
/redfish/v1/Fabrics/HGX_NVLinkFabric_{InstanceId}/Switches/NVSwitch_{InstanceId}/Ports/NVLink_{InstanceId}
{LinkStatus}","2021.1c
/redfish/v1/Fabrics/HGX_NVLinkFabric_{InstanceId}/Switches/NVSwitch_{InstanceId}/Ports/NVLink_{InstanceId}
{LinkStatus}",/redfish/v1/TelemetryService/MetricReports/HGX_NVSwitchPortMetrics_0,/redfish/v1/TelemetryService/MetricReports/NVSwitchPortMetrics_0,,,"nv show interface $InterfaceId
{InterfaceId: {type: nvl}}
{link{physical-state}}",interfaces/interface[name=$port_name]/infiniband/state/physical-port-state,phy_state,Yes,Yes,Yes,NA,NA,NA,NA,NA,Yes,NA,NA,NA,NA,NA,NA,Yes,,,Available OOB,Yes,No Impact,10 Sec,30,"2021.1c
/redfish/v1/Fabrics/HGX_NVLinkFabric_{InstanceId}/Switches/NVSwitch_{InstanceId}/Ports/NVLink_{InstanceId}
{LinkStatus}","2021.1c
/redfish/v1/Fabrics/$FabricId/Switches/$SwitchId/Ports/$PortId
{LinkStatus}","{FabricId:{FabricType: NVLink}, SwitchId: {SwitchType: NVLink}, PortId: {PortProtocol: NVLink}}",,,Y,ES,QS,QS,QS,"L0, R1","L1, R1",NA
,,,NVLink Link state (e.g. Enabled),,,"SMBPBI: (0x1A, 07h, [<link_index>]); extended data",NA,NA,NA,"2021.1c 
/redfish/v1/Fabrics/HGX_NVLinkFabric_{InstanceId}/Switches/NVSwitch_{InstanceId}/Ports/NVLink_{InstanceId}
{LinkState}","2021.1c 
/redfish/v1/Fabrics/HGX_NVLinkFabric_{InstanceId}/Switches/NVSwitch_{InstanceId}/Ports/NVLink_{InstanceId}
{LinkState}","2021.1c 
/redfish/v1/Fabrics/HGX_NVLinkFabric_{InstanceId}/Switches/NVSwitch_{InstanceId}/Ports/NVLink_{InstanceId}
{LinkState}",,,,,NA,NA,NA,Yes,Yes,Yes,NA,NA,NA,NA,NA,NA,NA,NA,NA,NA,NA,NA,Yes,,,Available OOB,Yes,No Impact,10 Sec,30,"2021.1c 
/redfish/v1/Fabrics/HGX_NVLinkFabric_{InstanceId}/Switches/NVSwitch_{InstanceId}/Ports/NVLink_{InstanceId}
{LinkState}","2021.1c 
/redfish/v1/Fabrics/$FabricId/Switches/$SwitchId/Ports/$PortId
{LinkState}","{FabricId:{FabricType: NVLink}, SwitchId: {SwitchType: NVLink}, PortId: {PortProtocol: NVLink}}",,,Y,ES,,,,L0,L1,NA
,,,Driver status,,,"SMBPBI: (0x18,0x00,unused)",NA,NA,NA,"2021.1c
/redfish/v1/UpdateService/SoftwareInventory/HGX_Driver_NVSwitch_{InstanceId}
{Status{State}}","2021.1c
/redfish/v1/UpdateService/SoftwareInventory/HGX_Driver_NVSwitch_{InstanceId}
{Status{State}}","2021.1c
/redfish/v1/UpdateService/SoftwareInventory/HGX_Driver_NVSwitch_{InstanceId}
{Status{State}}",,,,,NA,NA,NA,Yes,NA,NA,NA,NA,NA,NA,NA,,NA,NA,NA,NA,NA,NA,Yes,,,Available OOB,No,No Impact,10 Sec,,"2021.1c
/redfish/v1/UpdateService/SoftwareInventory/HGX_Driver_NVSwitch_{InstanceId}
{Status{State}}","2021.1c
/redfish/v1/UpdateService/SoftwareInventory/$SwId
{Status{State}}","{SwId: {Id_contains: {anyOf: [NVSwitch], not: [RoT]}}}
",,,Y,ES,,,,L0,L1,NA
,,,Fabric Manager status,,,"SMBPBI: (0x18,0x00,unused)",NA,NA,NA,"2021.1c
/redfish/v1/Managers/HGX_FabricManager_{InstanceId}
{Status{State}}","2021.1c
/redfish/v1/Managers/HGX_FabricManager_{InstanceId}
{Status{State}}","2021.1c
/redfish/v1/Managers/HGX_FabricManager_{InstanceId}
{Status{State}}",,,,,NA,NA,NA,Yes,NA,NA,NA,NA,NA,NA,NA,NA,NA,NA,NA,NA,NA,NA,Yes,,,Available OOB,No,No Impact,10 Sec,,"2021.1c
/redfish/v1/Managers/HGX_FabricManager_{InstanceId}
{Status{State}}","2021.1c
/redfish/v1/Managers/$ManagerId
{Status{State}}",{ManagerId: {ManagerType: Service}},,,Y,ES,,,,L0,L1,NA
,,,Overall Health of this device,,,NA,NA,NA,NA,"2021.1c
/redfish/v1/Chassis/HGX_NVSwitch_{InstanceId}
{Status{Health}}","2021.1c
/redfish/v1/Chassis/HGX_NVSwitch_{InstanceId}
{Status{Health}}","2021.1c
/redfish/v1/Chassis/HGX_NVSwitch_{InstanceId}
{Status{Health}}",,,,,NA,NA,NA,Yes,Yes,Yes,NA,NA,NA,NA,NA,NA,NA,NA,NA,NA,NA,NA,Yes,,,Available OOB,No,No Impact,10 Sec,30,"2021.1c
/redfish/v1/Chassis/HGX_NVSwitch_{InstanceId}
{Status{Health}}","2021.1c
/redfish/v1/Chassis/$ChassisId
{Status{Health}}","{ChassisId: {Id_contains: {anyOf: [NVSwitch], not: [RoT]}}}",NVSwitch,,Y,ES,,,,L0,L1,NA
,,,Overall Health of this device + its dependencies,,,NA,NA,NA,NA,"2021.1c
/redfish/v1/Chassis/HGX_NVSwitch_{InstanceId}
{Status{HealthRollup}}","2021.1c
/redfish/v1/Chassis/HGX_NVSwitch_{InstanceId}
{Status{HealthRollup}}","2021.1c
/redfish/v1/Chassis/HGX_NVSwitch_{InstanceId}
{Status{HealthRollup}}",,,,,NA,NA,NA,Yes,Yes,Yes,NA,NA,NA,NA,NA,NA,NA,NA,NA,NA,NA,NA,Yes,,,Available OOB,No,No Impact,10 Sec,30,"2021.1c
/redfish/v1/Chassis/HGX_NVSwitch_{InstanceId}
{Status{HealthRollup}}","2021.1c
/redfish/v1/Chassis/$ChassisId
{Status{HealthRollup}}","{ChassisId: {Id_contains: {anyOf: [NVSwitch], not: [RoT]}}}",NVSwitch,,Y,ES,,,,L0,L1,NA
,,,An array of links to resources of type Zone that represent the zones to which this endpoint belongs,,,NA,NA,NA,NA,"2021.1c
/redfish/v1/Fabrics/HGX_NVLinkFabric_{InstanceId}
{Zones}","2021.1c
/redfish/v1/Fabrics/HGX_NVLinkFabric_{InstanceId}
{Zones}","2021.1c
/redfish/v1/Fabrics/HGX_NVLinkFabric_{InstanceId}
{Zones}",,,,,NA,NA,NA,Yes,Yes,Yes,NA,NA,NA,NA,NA,NA,NA,NA,NA,NA,NA,NA,Yes,,,Available OOB,No,No Impact,10 Sec,30,"2021.1c
/redfish/v1/Fabrics/HGX_NVLinkFabric_{InstanceId}
{Zones}","2021.1c
/redfish/v1/Fabrics/$FabricId
{Zones}",{FabricId:{FabricType: NVLink}},,,,ES,,,,L0,L1,NA
,,,An array of links to resources of type Endpoint that this zone contains,,,NA,NA,NA,NA,"2021.1d
/redfish/v1/Fabrics/HGX_NVLinkFabric_{InstanceId}
{Endpoints}","2021.1d
/redfish/v1/Fabrics/HGX_NVLinkFabric_{InstanceId}
{Endpoints}","2021.1d
/redfish/v1/Fabrics/HGX_NVLinkFabric_{InstanceId}
{Endpoints}",,,,,NA,NA,NA,Yes,Yes,Yes,NA,NA,NA,NA,NA,NA,NA,NA,NA,NA,NA,NA,Yes,,,Available OOB,No,No Impact,10 Sec,30,"2021.1d
/redfish/v1/Fabrics/HGX_NVLinkFabric_{InstanceId}
{Endpoints}","2021.1d
/redfish/v1/Fabrics/$FabricId
{Endpoints}",{FabricId:{FabricType: NVLink}},,,,ES,,,,L0,L1,NA
,,,An array of links to resources of type Port that represent ports associated with this endpoint,,,NA,nvsdmDeviceGetConnectedPorts,nvsdm_cli -C <source_ca> -t,NA,"2021.1d
/redfish/v1/Fabrics/HGX_NVLinkFabric_{InstanceId}/Switches/NVSwitch_{InstanceId}/Ports/NVLink_{InstanceId}
{Links{ConnectedPorts}}","2021.1d
/redfish/v1/Fabrics/HGX_NVLinkFabric_{InstanceId}/Switches/NVSwitch_{InstanceId}/Ports/NVLink_{InstanceId}
{Links{ConnectedPorts}}","2021.1d
/redfish/v1/Fabrics/HGX_NVLinkFabric_{InstanceId}/Switches/NVSwitch_{InstanceId}/Ports/NVLink_{InstanceId}
{Links{ConnectedPorts}}",,,,,NA,NA,NA,Yes,Yes,Yes,NA,NA,NA,NA,NA,NA,NA,NA,NA,NA,NA,NA,Yes,,,Available OOB,No,No Impact,10 Sec,30,"2021.1d
/redfish/v1/Fabrics/HGX_NVLinkFabric_{InstanceId}/Switches/NVSwitch_{InstanceId}/Ports/NVLink_{InstanceId}
{Links{ConnectedPorts}}","2021.1d
/redfish/v1/Fabrics/$FabricId/Switches/$SwitchId/Ports/$PortId
{Links{ConnectedPorts}}","{FabricId:{FabricType: NVLink}, SwitchId: {SwitchType: NVLink}, PortId: {PortProtocol: NVLink}}",,,Y,ES,,,,L0,L1,NA
,,,Total number of times the Port Training state machine has successfully completed the link error recovery process. This enrty is applicable for platforms with NVL5.,,,"NSM: 0x01, 0x01",NVSDM_PORT_TELEM_CTR_GRP_X12_SUCCESSFUL_RECOV_EVENTS,nvsdm_cli -l <lid> -p <port> -c NVSDM_PORT_TELEM_CTR_GRP_X12_SUCCESSFUL_RECOV_EVENTS,NA,"2023.0b 
/redfish/v1/Fabrics/HGX_NVLinkFabric_{InstanceId}/Switches/NVSwitch_{InstanceId}/Ports/NVLink_{InstanceId}/Metrics
{Oem{Nvidia{LinkErrorRecoveryCount}}}
","2023.0b 
/redfish/v1/Fabrics/HGX_NVLinkFabric_{InstanceId}/Switches/NVSwitch_{InstanceId}/Ports/NVLink_{InstanceId}/Metrics
{Oem{Nvidia{LinkErrorRecoveryCount}}}
","2023.0b 
/redfish/v1/Fabrics/HGX_NVLinkFabric_{InstanceId}/Switches/NVSwitch_{InstanceId}/Ports/NVLink_{InstanceId}/Metrics
{Oem{Nvidia{LinkErrorRecoveryCount}}}
",/redfish/v1/TelemetryService/MetricReports/HGX_NVSwitchPortMetrics_0,,,,"nv show interface $InterfaceId
{InterfaceId: {type: nvl}}
{link{counters{link-error-recovery}}}",interfaces/interface[name=*]/infiniband/state/counters/port/link-error-recovery,LinkErrorRecoveryCounter,NA,Yes,Yes,NA,NA,NA,NA,NA,Yes,NA,NA,NA,NA,NA,NA,NA,,,Available,NO,No Impact,10 Sec,30,"2023.0b 
/redfish/v1/Fabrics/HGX_NVLinkFabric_{InstanceId}/Switches/NVSwitch_{InstanceId}/Ports/NVLink_{InstanceId}/Metrics
{Oem{Nvidia{LinkErrorRecoveryCount}}}
","2023.0b 
/redfish/v1/Fabrics/$FabricId/Switches/$SwitchId/Ports/$PortId/Metrics
{Oem{Nvidia{LinkErrorRecoveryCount}}}
","{FabricId:{FabricType: NVLink}, SwitchId: {SwitchType: NVLink}, PortId: {PortProtocol: NVLink}}",,,Y,ES,QS,QS,QS,L0,L1,NA
,,,"Total number of multicast packets, including multicast packets containing errors.",,,"NSM: 0x01, 0x01",NVSDM_PORT_TELEM_CTR_MCAST_RCV_PKTS,nvsdm_cli -l <lid> -p <port> -c NVSDM_PORT_TELEM_CTR_MCAST_RCV_PKTS,TBD,"2023.0b 
/redfish/v1/Fabrics/HGX_NVLinkFabric_{InstanceId}/Switches/NVSwitch_{InstanceId}/Ports/NVLink_{InstanceId}/Metrics
{Networking{RXMulticastFrames}}","2023.0b 
/redfish/v1/Fabrics/HGX_NVLinkFabric_{InstanceId}/Switches/NVSwitch_{InstanceId}/Ports/NVLink_{InstanceId}/Metrics
{Networking{RXMulticastFrames}}","2023.0b 
/redfish/v1/Fabrics/HGX_NVLinkFabric_{InstanceId}/Switches/NVSwitch_{InstanceId}/Ports/NVLink_{InstanceId}/Metrics
{Networking{RXMulticastFrames}}",/redfish/v1/TelemetryService/MetricReports/HGX_NVSwitchPortMetrics_0,,,,"nv show interface $InterfaceId
{InterfaceId: {type: nvl}}
{link{counters{multicast-in-pkts}}}",/interfaces/interface [name]/phy-diag/state/port-multi-cast-rcv-pkts,PortMultiCastRcvPkts,NA,Yes,Yes,NA,NA,NA,NA,NA,Yes,NA,NA,NA,NA,NA,NA,NA,,,Available,NO,No Impact,10 Sec,30,"2023.0b 
/redfish/v1/Fabrics/HGX_NVLinkFabric_{InstanceId}/Switches/NVSwitch_{InstanceId}/Ports/NVLink_{InstanceId}/Metrics
{Networking{RXMulticastFrames}}","2023.0b 
/redfish/v1/Fabrics/$FabricId/Switches/$SwitchId/Ports/$PortId/Metrics
{Networking{RXMulticastFrames}}","{FabricId:{FabricType: NVLink}, SwitchId: {SwitchType: NVLink}, PortId: {PortProtocol: NVLink}}",,,Y,ES,PS,PS,QS,L0,L1,NA
,,,Total number of multicast packets transmitted on all VLs from the port. This may include multicast packets with errors.,,,"NSM: 0x01, 0x01",NVSDM_PORT_TELEM_CTR_MCAST_XMIT_PKTS,nvsdm_cli -l <lid> -p <port> -c NVSDM_PORT_TELEM_CTR_MCAST_XMIT_PKTS,TBD,"2023.0b 
/redfish/v1/Fabrics/HGX_NVLinkFabric_{InstanceId}/Switches/NVSwitch_{InstanceId}/Ports/NVLink_{InstanceId}/Metrics
{Networking{TXMulticastFrames}}","2023.0b 
/redfish/v1/Fabrics/HGX_NVLinkFabric_{InstanceId}/Switches/NVSwitch_{InstanceId}/Ports/NVLink_{InstanceId}/Metrics
{Networking{TXMulticastFrames}}","2023.0b 
/redfish/v1/Fabrics/HGX_NVLinkFabric_{InstanceId}/Switches/NVSwitch_{InstanceId}/Ports/NVLink_{InstanceId}/Metrics
{Networking{TXMulticastFrames}}",/redfish/v1/TelemetryService/MetricReports/HGX_NVSwitchPortMetrics_0,,,,"nv show interface $InterfaceId
{InterfaceId: {type: nvl}}
{link{counters{multicast-out-pkts}}}",/interfaces/interface [name]/phy-diag/state/port-multi-cast-xmit-pkts,PortMultiCastXmitPkts,NA,Yes,Yes,NA,NA,NA,NA,NA,Yes,NA,NA,NA,NA,NA,NA,NA,,,Available,NO,No Impact,10 Sec,30,"2023.0b 
/redfish/v1/Fabrics/HGX_NVLinkFabric_{InstanceId}/Switches/NVSwitch_{InstanceId}/Ports/NVLink_{InstanceId}/Metrics
{Networking{TXMulticastFrames}}","2023.0b 
/redfish/v1/Fabrics/$FabricId/Switches/$SwitchId/Ports/$PortId/Metrics
{Networking{TXMulticastFrames}}}","{FabricId:{FabricType: NVLink}, SwitchId: {SwitchType: NVLink}, PortId: {PortProtocol: NVLink}}",,,Y,ES,PS,PS,QS,L0,L1,NA
,,,"Total number of data octets, divided by 4, received on all VLs at the port. This includes all octets between (and not including) the start of packet delimiter and the VCRC, and may include packets containing errors.",,,"NSM: 0x01, 0x01",NVSDM_PORT_TELEM_CTR_RCV_DATA,nvsdm_cli -l <lid> -p <port> -c NVSDM_PORT_TELEM_CTR_RCV_DATA,TBD,"2023.0b 
/redfish/v1/Fabrics/HGX_NVLinkFabric_{InstanceId}/Switches/NVSwitch_{InstanceId}/Ports/NVLink_{InstanceId}/Metrics
{RXBytes}","2023.0b 
/redfish/v1/Fabrics/HGX_NVLinkFabric_{InstanceId}/Switches/NVSwitch_{InstanceId}/Ports/NVLink_{InstanceId}/Metrics
{RXBytes}","2023.0b 
/redfish/v1/Fabrics/HGX_NVLinkFabric_{InstanceId}/Switches/NVSwitch_{InstanceId}/Ports/NVLink_{InstanceId}/Metrics
{RXBytes}",,,,,"nv show interface $InterfaceId
{InterfaceId: {type: nvl}}
{link{counters{in-bytes}}}",interfaces/interface[name=*]/state/counters/in-octets,PortRcvDataExtended,NA,Yes,Yes,NA,NA,NA,NA,NA,Yes,NA,NA,NA,NA,NA,NA,NA,,,Available,NO,No Impact,10 Sec,30,"2023.0b 
/redfish/v1/Fabrics/HGX_NVLinkFabric_{InstanceId}/Switches/NVSwitch_{InstanceId}/Ports/NVLink_{InstanceId}/Metrics
{RXBytes}","2023.0b 
/redfish/v1/Fabrics/$FabricId/Switches/$SwitchId/Ports/$PortId/Metrics
{RXBytes}","{FabricId:{FabricType: NVLink}, SwitchId: {SwitchType: NVLink}, PortId: {PortProtocol: NVLink}}",,,Y,ES,QS,QS,QS,"L0, R1","L1, R1",NA
,,,"Total number of received packets, including packets containing errors.",,,"NSM: 0x01, 0x01",NVSDM_PORT_TELEM_CTR_RCV_PKTS,nvsdm_cli -l <lid> -p <port> -c NVSDM_PORT_TELEM_CTR_RCV_PKTS,TBD,"2023.0b 
/redfish/v1/Fabrics/HGX_NVLinkFabric_{InstanceId}/Switches/NVSwitch_{InstanceId}/Ports/NVLink_{InstanceId}/Metrics
{Networking{RXFrames}}","2023.0b 
/redfish/v1/Fabrics/HGX_NVLinkFabric_{InstanceId}/Switches/NVSwitch_{InstanceId}/Ports/NVLink_{InstanceId}/Metrics
{Networking{RXFrames}}","2023.0b 
/redfish/v1/Fabrics/HGX_NVLinkFabric_{InstanceId}/Switches/NVSwitch_{InstanceId}/Ports/NVLink_{InstanceId}/Metrics
{Networking{RXFrames}}",,,,,"nv show interface $InterfaceId
{InterfaceId: {type: nvl}}
{link{counters{in-pkts}}}",interfaces/interface[name=*]/state/counters/in-pkts,PortRcvPktsExtended,NA,Yes,Yes,NA,NA,NA,NA,NA,Yes,NA,NA,NA,NA,NA,NA,NA,,,Available,NO,No Impact,10 Sec,30,"2023.0b 
/redfish/v1/Fabrics/HGX_NVLinkFabric_{InstanceId}/Switches/NVSwitch_{InstanceId}/Ports/NVLink_{InstanceId}/Metrics
{Networking{RXFrames}}","2023.0b 
/redfish/v1/Fabrics/$FabricId/Switches/$SwitchId/Ports/$PortId/Metrics
{Networking{RXFrames}}","{FabricId:{FabricType: NVLink}, SwitchId: {SwitchType: NVLink}, PortId: {PortProtocol: NVLink}}",,,Y,ES,QS,QS,QS,"L0, R1","L1, R1",NA
,,,"Total number of unicast packets, including unicast packets containing errors.",,,"NSM: 0x01, 0x01",NVSDM_PORT_TELEM_CTR_UCAST_RCV_PKTS,nvsdm_cli -l <lid> -p <port> -c NVSDM_PORT_TELEM_CTR_UCAST_RCV_PKTS,TBD,"2023.0b 
/redfish/v1/Fabrics/HGX_NVLinkFabric_{InstanceId}/Switches/NVSwitch_{InstanceId}/Ports/NVLink_{InstanceId}/Metrics
{Networking{RXUnicastFrames}}","2023.0b 
/redfish/v1/Fabrics/HGX_NVLinkFabric_{InstanceId}/Switches/NVSwitch_{InstanceId}/Ports/NVLink_{InstanceId}/Metrics
{Networking{RXUnicastFrames}}","2023.0b 
/redfish/v1/Fabrics/HGX_NVLinkFabric_{InstanceId}/Switches/NVSwitch_{InstanceId}/Ports/NVLink_{InstanceId}/Metrics
{Networking{RXUnicastFrames}}",/redfish/v1/TelemetryService/MetricReports/HGX_NVSwitchPortMetrics_0,,,,"nv show interface $InterfaceId
{InterfaceId: {type: nvl}}
{link{counters{unicast-in-pkts}}}",/interfaces/interface [name]/phy-diag/state/port-uni-cast-rcv-pkts,PortUniCastRcvPkts,NA,Yes,Yes,NA,NA,NA,NA,NA,Yes,NA,NA,NA,NA,NA,NA,NA,,,Available,NO,No Impact,,30,"2023.0b 
/redfish/v1/Fabrics/HGX_NVLinkFabric_{InstanceId}/Switches/NVSwitch_{InstanceId}/Ports/NVLink_{InstanceId}/Metrics
{Networking{RXUnicastFrames}}","2023.0b 
/redfish/v1/Fabrics/$FabricId/Switches/$SwitchId/Ports/$PortId/Metrics
{Networking{RXUnicastFrames}}","{FabricId:{FabricType: NVLink}, SwitchId: {SwitchType: NVLink}, PortId: {PortProtocol: NVLink}}",,,Y,ES,PS,PS,QS,L0,L1,NA
,,,Total number of unicast packets transmitted on all VLs from the port. This may include unicast packets with errors.,,,"NSM: 0x01, 0x01",NVSDM_PORT_TELEM_CTR_UCAST_XMIT_PKTS,nvsdm_cli -l <lid> -p <port> -c NVSDM_PORT_TELEM_CTR_UCAST_XMIT_PKTS,TBD,"2023.0b 
/redfish/v1/Fabrics/HGX_NVLinkFabric_{InstanceId}/Switches/NVSwitch_{InstanceId}/Ports/NVLink_{InstanceId}/Metrics
{Networking{TXUnicastFrames}}}","2023.0b 
/redfish/v1/Fabrics/HGX_NVLinkFabric_{InstanceId}/Switches/NVSwitch_{InstanceId}/Ports/NVLink_{InstanceId}/Metrics
{Networking{TXUnicastFrames}}}","2023.0b 
/redfish/v1/Fabrics/HGX_NVLinkFabric_{InstanceId}/Switches/NVSwitch_{InstanceId}/Ports/NVLink_{InstanceId}/Metrics
{Networking{TXUnicastFrames}}}",/redfish/v1/TelemetryService/MetricReports/HGX_NVSwitchPortMetrics_0,,,,"nv show interface $InterfaceId
{InterfaceId: {type: nvl}}
{link{counters{unicast-out-pkts}}}",/interfaces/interface [name]/phy-diag/state/port-uni-cast-xmit-pkts,"PortUniCastXmitPkts
",NA,Yes,Yes,NA,NA,NA,NA,NA,Yes,NA,NA,NA,NA,NA,NA,NA,,,Available,NO,No Impact,,30,"2023.0b 
/redfish/v1/Fabrics/HGX_NVLinkFabric_{InstanceId}/Switches/NVSwitch_{InstanceId}/Ports/NVLink_{InstanceId}/Metrics
{Networking{TXUnicastFrames}}}","2023.0b 
/redfish/v1/Fabrics/$FabricId/Switches/$SwitchId/Ports/$PortId/Metrics
{Networking{TXUnicastFrames}}}","{FabricId:{FabricType: NVLink}, SwitchId: {SwitchType: NVLink}, PortId: {PortProtocol: NVLink}}",,,Y,ES,PS,PS,QS,L0,L1,NA
,,,"Total number of data octets, divided by 4, transmitted on all VLs from the port. This includes all octets between (and not including) the start of packet delimiter and the VCRC, and may include packets containing errors. It excludes all link packets.",,,"NSM: 0x01, 0x01",NVSDM_PORT_TELEM_CTR_XMIT_DATA,nvsdm_cli -l <lid> -p <port> -c NVSDM_PORT_TELEM_CTR_XMIT_DATA,TBD,"2023.0b 
/redfish/v1/Fabrics/HGX_NVLinkFabric_{InstanceId}/Switches/NVSwitch_{InstanceId}/Ports/NVLink_{InstanceId}/Metrics
{TXBytes}}","2023.0b 
/redfish/v1/Fabrics/HGX_NVLinkFabric_{InstanceId}/Switches/NVSwitch_{InstanceId}/Ports/NVLink_{InstanceId}/Metrics
{TXBytes}}","2023.0b 
/redfish/v1/Fabrics/HGX_NVLinkFabric_{InstanceId}/Switches/NVSwitch_{InstanceId}/Ports/NVLink_{InstanceId}/Metrics
{TXBytes}}",,,,,"nv show interface $InterfaceId
{InterfaceId: {type: nvl}}
{link{counters{out-bytes}}}",interfaces/interface[name=*]/state/counters/out-octets,PortXmitDataExtended,NA,Yes,Yes,NA,NA,NA,NA,NA,Yes,NA,NA,NA,NA,NA,NA,NA,,,Available,NO,No Impact,,30,"2023.0b 
/redfish/v1/Fabrics/HGX_NVLinkFabric_{InstanceId}/Switches/NVSwitch_{InstanceId}/Ports/NVLink_{InstanceId}/Metrics
{TXBytes}}","2023.0b 
/redfish/v1/Fabrics/$FabricId/Switches/$SwitchId/Ports/$PortId/Metrics
{TXBytes}}","{FabricId:{FabricType: NVLink}, SwitchId: {SwitchType: NVLink}, PortId: {PortProtocol: NVLink}}",,,Y,ES,QS,QS,QS,"L0, R1","L1, R1",NA
,,,Total number of packets transmitted on all VLs from the port. This may include packets with errors,,,"NSM: 0x01, 0x01",NVSDM_PORT_TELEM_CTR_XMIT_PKTS,nvsdm_cli -l <lid> -p <port> -c NVSDM_PORT_TELEM_CTR_XMIT_PKTS,TBD,"2023.0b 
/redfish/v1/Fabrics/HGX_NVLinkFabric_{InstanceId}/Switches/NVSwitch_{InstanceId}/Ports/NVLink_{InstanceId}/Metrics
{Networking{TXFrames}}","2023.0b 
/redfish/v1/Fabrics/HGX_NVLinkFabric_{InstanceId}/Switches/NVSwitch_{InstanceId}/Ports/NVLink_{InstanceId}/Metrics
{Networking{TXFrames}}","2023.0b 
/redfish/v1/Fabrics/HGX_NVLinkFabric_{InstanceId}/Switches/NVSwitch_{InstanceId}/Ports/NVLink_{InstanceId}/Metrics
{Networking{TXFrames}}",/redfish/v1/TelemetryService/MetricReports/HGX_NVSwitchPortMetrics_0,,,,"nv show interface $InterfaceId
{InterfaceId: {type: nvl}}
{link{counters{out-pkts}}}",interfaces/interface[name=*]/state/counters/out-pkts,PortXmitPktsExtended,NA,Yes,Yes,NA,NA,NA,NA,NA,Yes,NA,NA,NA,NA,NA,NA,NA,,,Available,NO,No Impact,,30,"2023.0b 
/redfish/v1/Fabrics/HGX_NVLinkFabric_{InstanceId}/Switches/NVSwitch_{InstanceId}/Ports/NVLink_{InstanceId}/Metrics
{Networking{TXFrames}}","2023.0b 
/redfish/v1/Fabrics/$FabricId/Switches/$SwitchId/Ports/$PortId/Metrics
{Networking{TXFrames}}","{FabricId:{FabricType: NVLink}, SwitchId: {SwitchType: NVLink}, PortId: {PortProtocol: NVLink}}",,,Y,ES,,QS,QS,L0,L1,NA
,,,The number of ticks during which the port selected by PortSelect had data to transmit but no data was sent during the entire tick either because of insufficient credits or because of lack of arbitration.,,,"NSM: 0x01, 0x01",NVSDM_PORT_TELEM_CTR_XMIT_WAIT,nvsdm_cli -l <lid> -p <port> -c NVSDM_PORT_TELEM_CTR_XMIT_WAIT,TBD,"2023.0b 
/redfish/v1/Fabrics/HGX_NVLinkFabric_{InstanceId}/Switches/NVSwitch_{InstanceId}/Ports/NVLink_{InstanceId}/Metrics
{Oem{Nvidia{TXWait}}}","2023.0b 
/redfish/v1/Fabrics/HGX_NVLinkFabric_{InstanceId}/Switches/NVSwitch_{InstanceId}/Ports/NVLink_{InstanceId}/Metrics
{Oem{Nvidia{TXWait}}}","2023.0b 
/redfish/v1/Fabrics/HGX_NVLinkFabric_{InstanceId}/Switches/NVSwitch_{InstanceId}/Ports/NVLink_{InstanceId}/Metrics
{Oem{Nvidia{TXWait}}}",/redfish/v1/TelemetryService/MetricReports/HGX_NVSwitchPortMetrics_0,,,,"nv show interface $InterfaceId
{InterfaceId: {type: nvl}}
{link{counters{out-wait}}}",interfaces/interface[name=*]/infiniband/state/counters/port/xmit-wait,PortXmitWait,NA,Yes,Yes,NA,NA,NA,NA,NA,Yes,NA,NA,NA,NA,NA,NA,NA,NA,,Available,NO,No Impact,,30,"2023.0b 
/redfish/v1/Fabrics/HGX_NVLinkFabric_{InstanceId}/Switches/NVSwitch_{InstanceId}/Ports/NVLink_{InstanceId}/Metrics
{Oem{Nvidia{TXWait}}}","2023.0b 
/redfish/v1/Fabrics/$FabricId/Switches/$SwitchId/Ports/$PortId/Metrics
{Oem{Nvidia{TXWait}}}","{FabricId:{FabricType: NVLink}, SwitchId: {SwitchType: NVLink}, PortId: {PortProtocol: NVLink}}",,,Y,ES,QS,QS,QS,L0,L1,NA
,,,UTF-8 encoded string to describe contact person.,,,,,,,,,,,,,,TBD,platform-general/state/Contact,NA,NA,NA,NA,NA,NA,NA,NA,NA,Yes,NA,NA,NA,NA,NA,NA,NA,NA,,Available IB,,,,,,,,,,,,,,,,L1,NA
,,,UTF-8 encoded string to describe location of the device.,,,,,,,,,,,,,,"nv show platform chassis-location
{slot-number}",platform-general/state/Location,NA,NA,NA,NA,NA,NA,NA,NA,NA,Yes,NA,NA,NA,NA,NA,NA,NA,NA,,Available IB,,,,,,,,,,,,PS,,,,L1,NA
,,,UTF-8 encoded string to describe node in text format.,,,,nvsdmDeviceToString,nvsdm_cli -C <source_ca> -g <guid> -i DEVICE,,,,,,,,,NA,platform-general/state/platform-name,node_description,NA,Yes,Yes,Yes,NA,NA,NA,NA,Yes,NA,NA,NA,NA,NA,NA,NA,NA,,Available,,,1 Hr,,,,,,,,ES,,,QS,L0,L1,NA
,,,Local ID- Link layer address of an end port.,,,,nvsdmDeviceGetLID,nvsdm_cli -C <source_ca> -t,,,,,,,,,NA,NA,lid,NA,Yes,Yes,Yes,NA,NA,NA,NA,Yes,NA,NA,NA,NA,NA,NA,NA,,,Available,,,10 Sec,,,,,,,,ES,,,QS,L0,L1,NA
,,,Port number,,,,nvsdmDeviceGetConnectedPorts,nvsdm_cli -C <source_ca> -t,,,,,,,,,NA,NA,Port_Number,NA,Yes,Yes,Yes,NA,NA,NA,NA,Yes,NA,NA,NA,NA,NA,NA,NA,,,Available,,,1 Hr,,,,,,,,ES,,,QS,L0,L1,NA
,,,Front panel label of the port,,,,nvsdmPortToString,nvsdm_cli -C <source_ca> -p <port> -l <lid> -i PORT,,,,,,,,,NA,NA,port_label,NA,Yes,Yes,Yes,NA,NA,NA,NA,Yes,NA,NA,NA,NA,NA,NA,NA,,,Available,,,1 Hr,,,,,,,,ES,,,QS,L0,L1,NA
,,,Switch HW revision,,,,NA,,,NA,NA,NA,,,,,NA,NA,sw_revision,NA,NA,NA,NA,NA,NA,NA,NA,Yes,NA,NA,NA,NA,NA,NA,NA,NA,NA,Available OOB,,,1 Hr,,NA,NA,NA,,,,,,,QS,,L1,NA
,,,DEvice HW revision,,,,NA,,,NA,NA,NA,,,,,NA,NA,device_hw_rev,NA,NA,NA,NA,NA,NA,NA,NA,Yes,NA,NA,NA,NA,NA,NA,NA,NA,NA,Available OOB,,,1 Hr,,NA,NA,NA,,,,,,,QS,,L1,NA
,,,Number of cores,,,NA,,,,,,,,,,,"nv show system cpu
{core-count}",NA,NA,NA,NA,NA,NA,NA,NA,NA,NA,Yes,NA,NA,NA,NA,NA,NA,,,,Available,,No Impact,,,,,,,,,ES,QS,,,L0,L1,NA
,,,"Critical temperature threshold for NVSwitch ASIC. Above this level, the system will shutdown.",,,NA,,,,,,,,,,,"nv show platform environment temperature $TemparatureId
{TemparatureId: {Name: ""ASIC*""}}
{crit}",NA,NA,NA,NA,NA,NA,NA,NA,NA,NA,Yes,NA,NA,NA,NA,NA,NA,,,,Available OOB,,No Impact,1 Hr,,,,,,,,ES,QS,,,L0,L1,NA
,,,Max temperature threshold for NVSwitch ASIC.,,,NA,,,,,,,,,,,"nv show platform environment temperature  $TemparatureId
{TemparatureId: {Name: ""ASIC*""}}
{max}",NA,NA,NA,NA,NA,NA,NA,NA,NA,NA,Yes,NA,NA,NA,NA,NA,NA,,,,Available OOB,,No Impact,1 Hr,,,,,,,,ES,QS,,,L0,L1,NA
,,,NVSwitch ASIC state - o.k./not o.k.,,,NA,,,,,,,,,,,"nv show platform environment temperature  $TemparatureId
{TemparatureId: {Name: ""ASIC*""}}
{state}",NA,NA,NA,NA,NA,NA,NA,NA,NA,NA,Yes,NA,NA,NA,NA,NA,NA,,,,Available OOB,,No Impact,10 Sec,,,,,,,,ES,QS,,,L0,L1,NA
,,,NVSwitch ASIC current temperature,,,NA,NVSDM_PLATFORM_TELEM_CTR_TEMPERATURE,nvsdm_cli -l <lid> -p <port> -c NVSDM_PLATFORM_TELEM_CTR_TEMPERATURE,NA,,NA,NA,NA,NA,,,"nv show platform environment temperature  $TemparatureId
{TemparatureId: {Name: ""ASIC*""}}
{current}",components/component[name=ASIC*]/asic/state/asic-temp,Chip_Temp,NA,NA,NA,NA,NA,NA,NA,NA,Yes,NA,NA,NA,NA,NA,NA,,,,Available,,No Impact,10 Sec,,,,,,,,ES,QS,QS,QS,L0,L1,NA
,,,NVSwitch ASIC current temperature,,,NA,NA,NA,NA,,NA,NA,NA,NA,,,"nv show platform
{asic-model}",components/component[name=ASIC*]/state/asic-name,NA,NA,NA,NA,NA,NA,NA,NA,NA,Yes,NA,NA,NA,NA,NA,NA,,,,Available,,No Impact,,,,,,,,,ES,,QS,,L0,L1,NA
,,,Ambient temperature located in port side state - o.k./not o.k.,,,NA,,,,,,,,,,,"nv show platform environment temperature $TemparatureId
{TemparatureId: {Name: Ambient-MNG-Temp}}
{state}",NA,NA,NA,NA,NA,NA,NA,NA,NA,NA,Yes,NA,NA,NA,NA,NA,NA,,,,Available OOB,,No Impact,10 Sec,,,,,,,,ES,QS,,,L0,L1,NA
,,,Ambient temperature located in port side,,,NA,,,,,,,,,,,"nv show platform environment temperature $TemparatureId
{TemparatureId: {Name: Ambient-MNG-Temp}}
{current}",NA,NA,NA,NA,NA,NA,NA,NA,NA,NA,Yes,NA,NA,NA,NA,NA,NA,,,,Available OOB,,No Impact,10 Sec,,,,,,,,ES,QS,,,L0,L1,NA
,,,"Critical temperature threshold for CPU PACK, above this level the system will shutdown",,,NA,,,,,,,,,,,"nv show platform environment temperature $TemparatureId
{TemparatureId: {Name: CPU-Pack-Temp}}
{crit}",NA,NA,NA,NA,NA,NA,NA,NA,NA,NA,Yes,NA,NA,NA,NA,NA,NA,,,,Available OOB,,No Impact,1 Hr,,,,,,,,ES,QS,,,L0,L1,NA
,,,Max temperature threshold for CPU PACK,,,,,,,,,,,,,,"nv show platform environment temperature $TemparatureId
{TemparatureId: {Name: CPU-Pack-Temp}}
{max}",NA,NA,,,,,NA,NA,NA,NA,Yes,,,,,,,,,,Available OOB,,,1 Hr,,,,,,,,ES,QS,,,L0,L1,NA
,,,CPU PACK temperature state - o.k./not o.k.,,,,,,,,,,,,,,"nv show platform environment temperature $TemparatureId
{TemparatureId: {Name: CPU-Pack-Temp}}
{state}",NA,NA,,,,,NA,NA,NA,NA,Yes,,,,,,,,,,Available OOB,,,10 Sec,,,,,,,,ES,QS,,,L0,L1,NA
,,,CPU PACK temperature,,,,,,,,,,,,,,"nv show platform environment temperature $TemparatureId
{TemparatureId: {Name: CPU-Pack-Temp}}
{current}",NA,NA,,,,,NA,NA,NA,NA,Yes,,,,,,,,,,Available OOB,,,10 Sec,,,,,,,,ES,QS,,,L0,L1,NA
,,,ComE CPU utilization,,,NA,NA,NA,NA,NA,NA,NA,NA,NA,,,"nv show system cpu
{utilization}",components/component[name=cpu]/cpu/utilization/state/avg,NA,NA,NA,NA,NA,NA,NA,NA,NA,Yes,NA,NA,NA,NA,NA,NA,NA,,,Available,,,,,NA,NA,NA,,,NA,ES,QS,QS,,L0,L1,NA
,,,Memory in used,,,NA,NA,NA,NA,NA,NA,NA,NA,NA,,,"nv show system memory
{Physical{utilization}}",platform-general/state/memory-used,NA,NA,NA,NA,NA,NA,NA,NA,NA,Yes,NA,NA,NA,NA,NA,NA,NA,,,Available,,,,,NA,NA,NA,,,NA,ES,QS,QS,,L0,L1,NA
,,,Memory total size,,,NA,NA,NA,NA,NA,NA,NA,NA,NA,,,"nv show system memory
{Physical{total}}",platform-general/state/memory-total-size,NA,NA,NA,NA,NA,NA,NA,NA,NA,Yes,NA,NA,NA,NA,NA,NA,NA,,,Available,,,,,NA,NA,NA,,,NA,ES,QS,QS,,L0,L1,NA
,,,Memory in used,,,NA,NA,NA,NA,NA,NA,NA,NA,NA,,,TBD,platform-general/state/disk-total-size,NA,NA,NA,NA,NA,NA,NA,NA,NA,Yes,NA,NA,NA,NA,NA,NA,NA,,,Available,,,,,NA,NA,NA,,,NA,ES,,QS,,L0,L1,NA
,,,Memory in used,,,NA,NA,NA,NA,NA,NA,NA,NA,NA,,,TBD,platform-general/state/disk-used,NA,NA,NA,NA,NA,NA,NA,NA,NA,Yes,NA,NA,NA,NA,NA,NA,NA,,,Available,,,,,NA,NA,NA,,,NA,ES,,QS,,L0,L1,NA
,,,"Critical temperature threshold for SODIMM temperature, above this level the system will shutdown",,,,,,,,,,,,,,"nv show platform environment temperature $TemparatureId
{TemparatureId: {Name: ""SODIMM-*-Temp""}}
{crit}",NA,NA,,,,,NA,NA,NA,NA,Yes,,,,,,,,,,Available OOB,,,1 Hr,,,,,,,,ES,QS,,,L0,L1,NA
,,,Max temperature threshold for SODIMM temperature,,,,,,,,,,,,,,"nv show platform environment temperature $TemparatureId
{TemparatureId: {Name: ""SODIMM-*-Temp""}}
{max}",NA,NA,,,,,NA,NA,NA,NA,Yes,,,,,,,,,,Available OOB,,,1 Hr,,,,,,,,ES,QS,,,L0,L1,NA
,,,SODIMM temperature state - o.k./not o.k.,,,,,,,,,,,,,,"nv show platform environment temperature $TemparatureId
{TemparatureId: {Name: ""SODIMM-*-Temp""}}
{state}",NA,NA,,,,,NA,NA,NA,NA,Yes,,,,,,,,,,Available OOB,,,10 Sec,,,,,,,,ES,QS,,,L0,L1,NA
,,,SODIMM temperature,,,,,,,,,,,,,,"nv show platform environment temperature $TemparatureId
{TemparatureId: {Name: ""SODIMM-*-Temp""}}
{current}",NA,NA,,,,,NA,NA,NA,NA,Yes,,,,,,,,,,Available OOB,,,10 Sec,,,,,,,,ES,QS,,,L0,L1,NA
,,,"Port State. Enumerated as:
 0: No State Change;
 1: Down (includes failed links)
 2: Initialize
 3: Armed
 4: Active",,,,,,,,,,,,,,"nv show interface $InterfaceId
{InterfaceId: {type: nvl}}
{link{logical-state}}",interfaces/interface[name=$port_name]/infiniband/state/logical-port-state,logical_state,NA,Yes,Yes,Yes,NA,NA,NA,NA,Yes,NA,NA,NA,NA,NA,NA,NA,,,Available,,,10 Sec,,,,,,,,ES,QS,QS,QS,"L0, R1","L1, R1",NA
,,,"FEC mode active:
 0: No_FEC
 1: Firecode_FEC
 2: Standard_RS_FEC - RS(528,514)
 3: Standard_LL_RS_FEC - RS(271,257)
 6: Interleaved_Standard_RS-FEC - (544,514)
 7: Standard_RS-FEC - (544,514)",,,,,,,,,,,,,,NA,NA,Active_FEC,NA,Yes,Yes,NA,NA,NA,NA,NA,Yes,NA,NA,NA,NA,NA,NA,NA,,,Available,,,10 Sec,,,,,,,,ES,,,QS,L0,L1,NA
,,,"Raw BER- calculated by the following:
 bits 15:8 - raw_ber_magnitude
 bits 3:0 - raw_ber_coef
 Raw_BER = raw_ber_coef*10^(-raw_ber_magnitude)",,,,NVSDM_PORT_TELEM_CTR_GRP_X16_RAW_BER,nvsdm_cli -l <lid> -p <port> -c NVSDM_PORT_TELEM_CTR_GRP_X16_RAW_BER,,,,,,,,,"nv show interface $InterfaceId
{InterfaceId: {type: nvl}}
{link{phy-detail{raw-ber}}}",/interfaces/interface [name]/phy-diag/state/raw-ber,Total_Raw_BER,NA,Yes,Yes,Yes,NA,NA,NA,NA,Yes,NA,NA,NA,NA,NA,NA,NA,,,Available,,,10 Sec,,,,,,,,ES,PS,PS,QS,L0,L1,NA
,,,"Effective BER- calculated by the following:
 bits 15:8 - effective_ber_magnitude
 bits 3:0 - effective_ber_coef
 Effective_BER = effective_ber_coef*10^(-effective_ber_magnitude)",,,,NVSDM_PORT_TELEM_CTR_GRP_X16_EFF_BER,nvsdm_cli -l <lid> -p <port> -c NVSDM_PORT_TELEM_CTR_GRP_X16_EFF_BER,,NA,NA,NA,/redfish/v1/TelemetryService/MetricReports/HGX_NVSwitchPortMetrics_0,,,,"nv show interface $InterfaceId
{InterfaceId: {type: nvl}}
{link{phy-detail{effective-ber}}}",/interfaces/interface [name]/phy-diag/state/effective-ber,"Effective_BER
",NA,NA,NA,NA,NA,NA,NA,NA,Yes,NA,NA,NA,NA,NA,NA,NA,NA,,Available,NO,No Impact,10 Sec,,NA,NA,NA,,,Y,ES,PS,PS,QS,L0,L1,NA
,,,"Symbol BER- calculated by the following:
 bits 15:8 - symbol_ber_magnitude
 bits 3:0 - symbol_ber_coef
 Symbol_BER = symbol_ber_coef*10^(-symbol_ber_magnitude)",,,"NSM: 0x01, 0x01",NVSDM_PORT_TELEM_CTR_GRP_X16_SYM_BER,nvsdm_cli -l <lid> -p <port> -c NVSDM_PORT_TELEM_CTR_GRP_X16_SYM_BER,,"2023.0b 
/redfish/v1/Fabrics/{FabricId}/Switches/NVSwitch_{InstanceId}/Ports/NVLink_{InstanceId}/Metrics
{Oem{Nvidia{BitErrorRate}}}","2023.0b 
/redfish/v1/Fabrics/{FabricId}/Switches/NVSwitch_{InstanceId}/Ports/NVLink_{InstanceId}/Metrics
{Oem{Nvidia{BitErrorRate}}}","2023.0b 
/redfish/v1/Fabrics/{FabricId}/Switches/NVSwitch_{InstanceId}/Ports/NVLink_{InstanceId}/Metrics
{Oem{Nvidia{BitErrorRate}}}",/redfish/v1/TelemetryService/MetricReports/HGX_NVSwitchPortMetrics_0,,,,"nv show interface $InterfaceId
{InterfaceId: {type: nvl}}
{link{phy-detail{symbol-ber}}}",/interfaces/interface [name]/phy-diag/state/symbol-ber,Symbol_BER,NA,Yes,Yes,Yes,NA,NA,NA,NA,Yes,NA,NA,NA,NA,NA,NA,NA,,,Available,,,10 Sec,,"2023.0b 
/redfish/v1/Fabrics/{FabricId}/Switches/NVSwitch_{InstanceId}/Ports/NVLink_{InstanceId}/Metrics
{Oem{Nvidia{BitErrorRate}}}","2023.0b 
/redfish/v1/Fabrics/$FabricId/Switches/$SwitchId/Ports/$PortId/Metrics
{Oem{Nvidia{BitErrorRate}}}","{FabricId:{FabricType: NVLink}, SwitchId: {SwitchType: NVLink}, PortId: {PortProtocol: NVLink}}",,,Y,ES,PS,PS,QS,L0,L1,NA
,,,First FEC histogram bin with value of 0 while all higher bins are only with 0 value as well.,,,,,,,,,,,,,,"nv show interface $InterfaceId
{InterfaceId: {type: nvl}}
{link{phy-diag{zero-hist}}}",/interfaces/interface [name]/phy-diag/state/zero-hist,fc_zero_hist,NA,Yes,Yes,Yes,NA,NA,NA,NA,Yes,NA,NA,NA,NA,NA,NA,NA,,,Available,,,#N/A,,,,,,,,ES,PS,PS,PS,L0,L1,NA
,,,This counter provides information on error bits that were identified on lane 0. (pre FEC & PLR),,,,NVSDM_PORT_TELEM_CTR_GRP_X16_RAW_ERR_LANE_0,nvsdm_cli -l <lid> -p <port> -c NVSDM_PORT_TELEM_CTR_GRP_X16_RAW_ERR_LANE_0,,,,,,,,,"nv show interface $InterfaceId
{InterfaceId: {type: nvl}}
{link{phy-detail{phy-raw-errors-lane0}}}",/interfaces/interface [name]/phy-diag/state/raw-errors-ch-1,Raw_Errors_Lane_0,NA,Yes,Yes,Yes,NA,NA,NA,NA,Yes,NA,NA,NA,NA,NA,NA,NA,,,Available,,,10 Sec,,,,,,,,ES,PS,PS,QS,L0,L1,NA
,,,This counter provides information on error bits that were identified on lane 1. (pre FEC & PLR),,,,NVSDM_PORT_TELEM_CTR_GRP_X16_RAW_ERR_LANE_1,nvsdm_cli -l <lid> -p <port> -c NVSDM_PORT_TELEM_CTR_GRP_X16_RAW_ERR_LANE_1,,,,,,,,,"nv show interface $InterfaceId
{InterfaceId: {type: nvl}}
{link{phy-detail{phy-raw-errors-lane1}}}",/interfaces/interface [name]/phy-diag/state/raw-errors-ch-2,Raw_Errors_Lane_1,NA,Yes,Yes,Yes,NA,NA,NA,NA,Yes,NA,NA,NA,NA,NA,NA,NA,,,Available,,,10 Sec,,,,,,,,ES,PS,PS,QS,L0,L1,NA
,,,Raw BER for lane 0. same calculation as RAW-BER.,,,,,,,,,,,,,,"nv show interface $InterfaceId
{InterfaceId: {type: nvl}}
{link{phy-detail{raw-ber-lane0}}}",/interfaces/interface [name]/phy-diag/state/raw-ber-ch-1,raw_ber_lane0,NA,Yes,Yes,Yes,NA,NA,NA,NA,Yes,NA,NA,NA,NA,NA,NA,NA,,,Available,,,10 Sec,,,,,,,,ES,PS,PS,QS,L0,L1,NA
,,,Raw BER for lane 1. same calculation as RAW-BER.,,,,,,,,,,,,,,"nv show interface $InterfaceId
{InterfaceId: {type: nvl}}
{link{phy-detail{raw-ber-lane1}}}",/interfaces/interface [name]/phy-diag/state/raw-ber-ch-2,raw_ber_lane1,NA,Yes,Yes,Yes,NA,NA,NA,NA,Yes,NA,NA,NA,NA,NA,NA,NA,,,Available,,,10 Sec,,,,,,,,ES,PS,PS,QS,L0,L1,NA
,,,This counter provides information on error bits that were not corrected by FEC correction algorithm or that FEC is not active. (post FEC pre PLR),,,NSM: type-0x01 cmd-0x01,NVSDM_PORT_TELEM_CTR_GRP_X16_PHY_EFFECTIVE_ERR,nvsdm_cli -l <lid> -p <port> -c NVSDM_PORT_TELEM_CTR_GRP_X16_PHY_EFFECTIVE_ERR,,"2025.1 
/redfish/v1/Fabrics/{FabricId}/Switches/NVSwitch_{InstanceId}/Ports/NVLink_{InstanceId}/Metrics
{Oem{Nvidia{EffectiveError}}}","2025.1 
/redfish/v1/Fabrics/{FabricId}/Switches/NVSwitch_{InstanceId}/Ports/NVLink_{InstanceId}/Metrics
{Oem{Nvidia{EffectiveError}}}","2025.1 
/redfish/v1/Fabrics/{FabricId}/Switches/NVSwitch_{InstanceId}/Ports/NVLink_{InstanceId}/Metrics
{Oem{Nvidia{EffectiveError}}}",,,,,"nv show interface $InterfaceId
{InterfaceId: {type: nvl}}
{link{phy-detail{effective-errors}}}",/interfaces/interface [name]/phy-diag/state/effective-errors,Effective_Errors,NA,Yes,Yes,Yes,NA,NA,NA,NA,Yes,NA,NA,NA,NA,NA,NA,NA,,,Available,,,10 Sec,,"2025.1 
/redfish/v1/Fabrics/{FabricId}/Switches/NVSwitch_{InstanceId}/Ports/NVLink_{InstanceId}/Metrics
{Oem{Nvidia{EffectiveError}}}","2025.1
/redfish/v1/Fabrics/$FabricId/Switches/$SwitchId/Ports/$PortId/Metrics
{Oem{Nvidia{EffectiveError}}}","{FabricId:{FabricType: NVLink}, SwitchId: {SwitchType: NVLink}, PortId: {PortProtocol: NVLink, Id_contains: NVLink}}",,,,ES,PS,PS,QS,L0,L1,NA
,,,"Total number of minor link errors detected on one or more physical lanes.

This counter provides information on error bits that were not corrected by phy correction mechanisms. (post FEC & PLR)",,,,NVSDM_PORT_TELEM_CTR_SYM_ERR | NVSDM_PORT_TELEM_CTR_GRP_X16_PHY_SYM_ERR,nvsdm_cli -l <lid> -p <port> -c NVSDM_PORT_TELEM_CTR_SYM_ERR | NVSDM_PORT_TELEM_CTR_GRP_X16_PHY_SYM_ERR,NA,NA,NA,NA,,,,,"nv show interface $InterfaceId
{InterfaceId: {type: nvl}}
{link{counters{in-symbol-errors}}}",/interfaces/interface [name]/phy-diag/state/symbol-errors,Symbol_Errors,NA,Yes,Yes,Yes,NA,NA,NA,NA,Yes,NA,NA,NA,NA,NA,NA,NA,,,Available,NO,No Impact,1 Hr,30,NA,NA,NA,,,Y,ES,QS,PS,QS,"L0, R1","L1, R1",NA
,,,The time passed since the last counters clear event in msec- time since the port was raised to up.,,,,NVSDM_PORT_TELEM_CTR_GRP_X22_TIME_SINCE_LAST_CLEAR,nvsdm_cli -l <lid> -p <port> -c NVSDM_PORT_TELEM_CTR_GRP_X22_TIME_SINCE_LAST_CLEAR,,,,,,,,,"nv show interface $InterfaceId
{InterfaceId: {type: nvl}}
{link{phy-detail{time-since-last-clear-min}}}",/interfaces/interface [name]/phy-diag/state/time-since-last-clear-min,Time_since_last_clear_Min,NA,Yes,Yes,Yes,NA,NA,NA,NA,Yes,NA,NA,NA,NA,NA,NA,NA,,,Available,,,#N/A,,,,,,,,ES,PS,PS,QS,L0,L1,NA
,,,Device ID information as assigned by device manufacturer.,,,,nvsdmDeviceToString,,,,,,,,,,NA,NA,Device_ID,NA,Yes,Yes,Yes,NA,NA,NA,NA,Yes,NA,NA,NA,NA,NA,NA,NA,,,Available,,,1 Hr,,,,,,,,ES,,,QS,L0,L1,NA
,,,Value of RS FEC Histogram (Reed Solomon error correction) bin0,,,,NVSDM_PORT_TELEM_CTR_GRP_X23_PHY_RS_HIST_0,nvsdm_cli -l <lid> -p <port> -c NVSDM_PORT_TELEM_CTR_GRP_X23_PHY_RS_HIST_0,,,,,,,,,"nv show interface $InterfaceId
{InterfaceId: {type: nvl}}
{link{phy-detail{rs-num-corr-err-bin0}}}",/interfaces/interface [name]/phy-diag/state/rs-num-corr-err-bin0,hist0,NA,Yes,Yes,Yes,NA,NA,NA,NA,Yes,NA,NA,NA,NA,NA,NA,NA,,,Available,,,10 Sec,,,,,,,,ES,PS,PS,QS,L0,L1,NA
,,,Value of RS FEC Histogram (Reed Solomon error correction) bin1,,,,NVSDM_PORT_TELEM_CTR_GRP_X23_PHY_RS_HIST_1,nvsdm_cli -l <lid> -p <port> -c NVSDM_PORT_TELEM_CTR_GRP_X23_PHY_RS_HIST_1,,,,,,,,,"nv show interface $InterfaceId
{InterfaceId: {type: nvl}}
{link{phy-detail{rs-num-corr-err-bin1}}}",/interfaces/interface [name]/phy-diag/state/rs-num-corr-err-bin1,hist1,NA,Yes,Yes,Yes,NA,NA,NA,NA,Yes,NA,NA,NA,NA,NA,NA,NA,,,Available,,,10 Sec,,,,,,,,ES,PS,PS,QS,L0,L1,NA
,,,Value of RS FEC Histogram (Reed Solomon error correction) bin2,,,,NVSDM_PORT_TELEM_CTR_GRP_X23_PHY_RS_HIST_2,nvsdm_cli -l <lid> -p <port> -c NVSDM_PORT_TELEM_CTR_GRP_X23_PHY_RS_HIST_2,,,,,,,,,"nv show interface $InterfaceId
{InterfaceId: {type: nvl}}
{link{phy-detail{rs-num-corr-err-bin2}}}",/interfaces/interface [name]/phy-diag/state/rs-num-corr-err-bin2,hist2,NA,Yes,Yes,Yes,NA,NA,NA,NA,Yes,NA,NA,NA,NA,NA,NA,NA,,,Available,,,10 Sec,,,,,,,,ES,PS,PS,QS,L0,L1,NA
,,,Value of RS FEC Histogram (Reed Solomon error correction) bin3,,,,NVSDM_PORT_TELEM_CTR_GRP_X23_PHY_RS_HIST_3,nvsdm_cli -l <lid> -p <port> -c NVSDM_PORT_TELEM_CTR_GRP_X23_PHY_RS_HIST_3,,,,,,,,,"nv show interface $InterfaceId
{InterfaceId: {type: nvl}}
{link{phy-detail{rs-num-corr-err-bin3}}}",/interfaces/interface [name]/phy-diag/state/rs-num-corr-err-bin3,hist3,NA,Yes,Yes,Yes,NA,NA,NA,NA,Yes,NA,NA,NA,NA,NA,NA,NA,,,Available,,,10 Sec,,,,,,,,ES,PS,PS,QS,L0,L1,NA
,,,Value of RS FEC Histogram (Reed Solomon error correction) bin4,,,,NVSDM_PORT_TELEM_CTR_GRP_X23_PHY_RS_HIST_4,nvsdm_cli -l <lid> -p <port> -c NVSDM_PORT_TELEM_CTR_GRP_X23_PHY_RS_HIST_4,,,,,,,,,"nv show interface $InterfaceId
{InterfaceId: {type: nvl}}
{link{phy-detail{rs-num-corr-err-bin4}}}",/interfaces/interface [name]/phy-diag/state/rs-num-corr-err-bin4,hist4,NA,Yes,Yes,Yes,NA,NA,NA,NA,Yes,NA,NA,NA,NA,NA,NA,NA,,,Available,,,10 Sec,,,,,,,,ES,PS,PS,QS,L0,L1,NA
,,,Value of RS FEC Histogram (Reed Solomon error correction) bin5,,,,NVSDM_PORT_TELEM_CTR_GRP_X23_PHY_RS_HIST_5,nvsdm_cli -l <lid> -p <port> -c NVSDM_PORT_TELEM_CTR_GRP_X23_PHY_RS_HIST_5,,,,,,,,,"nv show interface $InterfaceId
{InterfaceId: {type: nvl}}
{link{phy-detail{rs-num-corr-err-bin5}}}",/interfaces/interface [name]/phy-diag/state/rs-num-corr-err-bin5,hist5,NA,Yes,Yes,Yes,NA,NA,NA,NA,Yes,NA,NA,NA,NA,NA,NA,NA,,,Available,,,10 Sec,,,,,,,,ES,PS,PS,QS,L0,L1,NA
,,,Value of RS FEC Histogram (Reed Solomon error correction) bin6,,,,NVSDM_PORT_TELEM_CTR_GRP_X23_PHY_RS_HIST_6,nvsdm_cli -l <lid> -p <port> -c NVSDM_PORT_TELEM_CTR_GRP_X23_PHY_RS_HIST_6,,,,,,,,,"nv show interface $InterfaceId
{InterfaceId: {type: nvl}}
{link{phy-detail{rs-num-corr-err-bin6}}}",/interfaces/interface [name]/phy-diag/state/rs-num-corr-err-bin6,Hist6,NA,Yes,Yes,Yes,NA,NA,NA,NA,Yes,NA,NA,NA,NA,NA,NA,NA,,,Available,,,10 Sec,,,,,,,,ES,PS,PS,QS,L0,L1,NA
,,,Value of RS FEC Histogram (Reed Solomon error correction) bin7,,,,NVSDM_PORT_TELEM_CTR_GRP_X23_PHY_RS_HIST_7,nvsdm_cli -l <lid> -p <port> -c NVSDM_PORT_TELEM_CTR_GRP_X23_PHY_RS_HIST_7,,,,,,,,,"nv show interface $InterfaceId
{InterfaceId: {type: nvl}}
{link{phy-detail{rs-num-corr-err-bin7}}}",/interfaces/interface [name]/phy-diag/state/rs-num-corr-err-bin7,Hist7,NA,Yes,Yes,Yes,NA,NA,NA,NA,Yes,NA,NA,NA,NA,NA,NA,NA,,,Available,,,10 Sec,,,,,,,,ES,PS,PS,QS,L0,L1,NA
,,,Value of RS FEC Histogram (Reed Solomon error correction) bin8,,,,NVSDM_PORT_TELEM_CTR_GRP_X23_PHY_RS_HIST_8,nvsdm_cli -l <lid> -p <port> -c NVSDM_PORT_TELEM_CTR_GRP_X23_PHY_RS_HIST_8,,,,,,,,,"nv show interface $InterfaceId
{InterfaceId: {type: nvl}}
{link{phy-detail{rs-num-corr-err-bin8}}}",/interfaces/interface [name]/phy-diag/state/rs-num-corr-err-bin8,Hist8,NA,Yes,Yes,Yes,NA,NA,NA,NA,Yes,NA,NA,NA,NA,NA,NA,NA,,,Available,,,10 Sec,,,,,,,,ES,PS,PS,QS,L0,L1,NA
,,,Value of RS FEC Histogram (Reed Solomon error correction) bin9,,,,NVSDM_PORT_TELEM_CTR_GRP_X23_PHY_RS_HIST_9,nvsdm_cli -l <lid> -p <port> -c NVSDM_PORT_TELEM_CTR_GRP_X23_PHY_RS_HIST_9,,,,,,,,,"nv show interface $InterfaceId
{InterfaceId: {type: nvl}}
{link{phy-detail{rs-num-corr-err-bin9}}}",/interfaces/interface [name]/phy-diag/state/rs-num-corr-err-bin9,Hist9,NA,Yes,Yes,Yes,NA,NA,NA,NA,Yes,NA,NA,NA,NA,NA,NA,NA,,,Available,,,10 Sec,,,,,,,,ES,PS,PS,QS,L0,L1,NA
,,,Value of RS FEC Histogram (Reed Solomon error correction) bin10,,,,NVSDM_PORT_TELEM_CTR_GRP_X23_PHY_RS_HIST_10,nvsdm_cli -l <lid> -p <port> -c NVSDM_PORT_TELEM_CTR_GRP_X23_PHY_RS_HIST_10,,,,,,,,,"nv show interface $InterfaceId
{InterfaceId: {type: nvl}}
{link{phy-detail{rs-num-corr-err-bin10}}}",/interfaces/interface [name]/phy-diag/state/rs-num-corr-err-bin10,Hist10,NA,Yes,Yes,Yes,NA,NA,NA,NA,Yes,NA,NA,NA,NA,NA,NA,NA,,,Available,,,10 Sec,,,,,,,,ES,PS,PS,QS,L0,L1,NA
,,,Value of RS FEC Histogram (Reed Solomon error correction) bin11,,,,NVSDM_PORT_TELEM_CTR_GRP_X23_PHY_RS_HIST_11,nvsdm_cli -l <lid> -p <port> -c NVSDM_PORT_TELEM_CTR_GRP_X23_PHY_RS_HIST_11,,,,,,,,,"nv show interface $InterfaceId
{InterfaceId: {type: nvl}}
{link{phy-detail{rs-num-corr-err-bin11}}}",/interfaces/interface [name]/phy-diag/state/rs-num-corr-err-bin11,Hist11,NA,Yes,Yes,Yes,NA,NA,NA,NA,Yes,NA,NA,NA,NA,NA,NA,NA,,,Available,,,10 Sec,,,,,,,,ES,PS,PS,QS,L0,L1,NA
,,,Value of RS FEC Histogram (Reed Solomon error correction) bin12,,,,NVSDM_PORT_TELEM_CTR_GRP_X23_PHY_RS_HIST_12,nvsdm_cli -l <lid> -p <port> -c NVSDM_PORT_TELEM_CTR_GRP_X23_PHY_RS_HIST_12,,,,,,,,,"nv show interface $InterfaceId
{InterfaceId: {type: nvl}}
{link{phy-detail{rs-num-corr-err-bin12}}}",/interfaces/interface [name]/phy-diag/state/rs-num-corr-err-bin12,hist12,NA,Yes,Yes,Yes,NA,NA,NA,NA,Yes,NA,NA,NA,NA,NA,NA,NA,,,Available,,,10 Sec,,,,,,,,ES,PS,PS,QS,L0,L1,NA
,,,Value of RS FEC Histogram (Reed Solomon error correction) bin13,,,,NVSDM_PORT_TELEM_CTR_GRP_X23_PHY_RS_HIST_13,nvsdm_cli -l <lid> -p <port> -c NVSDM_PORT_TELEM_CTR_GRP_X23_PHY_RS_HIST_13,,,,,,,,,"nv show interface $InterfaceId
{InterfaceId: {type: nvl}}
{link{phy-detail{rs-num-corr-err-bin13}}}",/interfaces/interface [name]/phy-diag/state/rs-num-corr-err-bin13,hist13,NA,Yes,Yes,Yes,NA,NA,NA,NA,Yes,NA,NA,NA,NA,NA,NA,NA,,,Available,,,10 Sec,,,,,,,,ES,PS,PS,QS,L0,L1,NA
,,,Value of RS FEC Histogram (Reed Solomon error correction) bin14,,,,NVSDM_PORT_TELEM_CTR_GRP_X23_PHY_RS_HIST_14,nvsdm_cli -l <lid> -p <port> -c NVSDM_PORT_TELEM_CTR_GRP_X23_PHY_RS_HIST_14,,,,,,,,,"nv show interface $InterfaceId
{InterfaceId: {type: nvl}}
{link{phy-detail{rs-num-corr-err-bin14}}}",/interfaces/interface [name]/phy-diag/state/rs-num-corr-err-bin14,hist14,NA,Yes,Yes,Yes,NA,NA,NA,NA,Yes,NA,NA,NA,NA,NA,NA,NA,,,Available,,,10 Sec,,,,,,,,ES,PS,PS,QS,L0,L1,NA
,,,Value of RS FEC Histogram (Reed Solomon error correction) bin15,,,,NVSDM_PORT_TELEM_CTR_GRP_X23_PHY_RS_HIST_15,nvsdm_cli -l <lid> -p <port> -c NVSDM_PORT_TELEM_CTR_GRP_X23_PHY_RS_HIST_15,,,,,,,,,"nv show interface $InterfaceId
{InterfaceId: {type: nvl}}
{link{phy-detail{rs-num-corr-err-bin15}}}",/interfaces/interface [name]/phy-diag/state/rs-num-corr-err-bin15,hist15,NA,Yes,Yes,Yes,NA,NA,NA,NA,Yes,NA,NA,NA,NA,NA,NA,NA,,,Available,,,10 Sec,,,,,,,,ES,PS,PS,QS,L0,L1,NA
,,,Number of received PLR codewords,,,,NVSDM_PORT_TELEM_CTR_GRP_X22_RCV_CODES,nvsdm_cli -l <lid> -p <port> -c NVSDM_PORT_TELEM_CTR_GRP_X22_RCV_CODES,,,,,,,,,NA,NA,NA,NA,NA,NA,Yes,NA,NA,NA,NA,,NA,NA,NA,NA,NA,NA,NA,,,Available,,,10 Sec,,,,,,,,,,,,L1,L1,NA
,,,The total number of rejected PLR codewords received,,,,NVSDM_PORT_TELEM_CTR_GRP_X22_RCV_CODES_ERR,nvsdm_cli -l <lid> -p <port> -c NVSDM_PORT_TELEM_CTR_GRP_X22_RCV_CODES_ERR,,,,,,,,,NA,NA,NA,NA,NA,NA,Yes,NA,NA,NA,NA,,NA,NA,NA,NA,NA,NA,NA,,,Available,,,10 Sec,,,,,,,,,,,,L1,L1,NA
,,,The total number of uncorrectable PLR codewords received,,,,NVSDM_PORT_TELEM_CTR_GRP_X22_RCV_UNCORRECTABLE_CODE,nvsdm_cli -l <lid> -p <port> -c NVSDM_PORT_TELEM_CTR_GRP_X22_RCV_UNCORRECTABLE_CODE,,,,,,,,,NA,NA,NA,NA,NA,NA,Yes,NA,NA,NA,NA,,NA,NA,NA,NA,NA,NA,NA,,,Available,,,10 Sec,,,,,,,,,,,,L1,L1,NA
,,,The total number of retransmitted events,,,,NVSDM_PORT_TELEM_CTR_GRP_X22_XMIT_RETRY_EVENTS,nvsdm_cli -l <lid> -p <port> -c NVSDM_PORT_TELEM_CTR_GRP_X22_XMIT_RETRY_EVENTS,,,,,,,,,NA,NA,NA,NA,NA,NA,Yes,NA,NA,NA,NA,,NA,NA,NA,NA,NA,NA,NA,,,Available,,,10 Sec,,,,,,,,,,,,L1,L1,NA
,,,"Recieved bandwidth loss due to codes retransmission.
 calculated in resolution of: (plr_rcv_code_err / plr_rcv_codes) * 10^10
 BW Loss % = (plr_codes_loss / 10^10 ) *100",,,,NVSDM_PORT_TELEM_CTR_GRP_X22_CODES_LOSS,nvsdm_cli -l <lid> -p <port> -c NVSDM_PORT_TELEM_CTR_GRP_X22_CODES_LOSS,,,,,,,,,"nv show interface $InterfaceId
{InterfaceId: {type: nvl}}
{link{phy-diag{plr-codes-loss}}}",NA,HiRetransmissionRate,NA,NA,NA,Yes,NA,NA,NA,NA,Yes,NA,NA,NA,NA,NA,NA,NA,,,Available,,,10 Sec,,,,,,,,,PS,,QS,L1,L1,NA
,,,Total number of packets received on the port that were discarded due to buffer overrun.,,,,NVSDM_PORT_TELEM_CTR_GRP_X20_EXSV_BUFF_OVRUN_ERR,nvsdm_cli -l <lid> -p <port> -c NVSDM_PORT_TELEM_CTR_GRP_X20_EXSV_BUFF_OVRUN_ERR,,,,,,,,,"nv show interface $InterfaceId
{InterfaceId: {type: nvl}}
{link{counters{buffer-overrun-errors}}}",interfaces/interface[name=$port_name]/infiniband/state/counters/port/excessive-buffer-overrun,ExcessiveBufferOverrunErrors,NA,NA,NA,Yes,NA,NA,NA,NA,Yes,NA,NA,NA,NA,NA,NA,NA,,,Available,,,1 Hr,,,,,,,,ES,QS,QS,QS,"L0, R1","L1, R1",NA
,,,"link active width:
 Bit 0: 1x
 Bit 1: 2x
 Bit 2: 4x",,,,nvsdmPortGetInfo,nvsdm_cli -C <source_ca> -p <port> -l <lid> -i PORT,,,,,,,,,"nv show interface $InterfaceId
{InterfaceId: {type: nvl, state: up}}
{link{speed}}","interfaces/interface[name=$port_name]/infiniband/state/ib-speed
interfaces/interface[name=$port_name]/infiniband/state/speed

",Link_speed_active,NA,Yes,Yes,NA,NA,NA,NA,NA,Yes,NA,NA,NA,NA,NA,NA,NA,,,Available,,,10 Sec,,,,,,,,ES,QS,QS,QS,"L0, R1","L1, R1",NA
,,,Number of received PLR codewords,,,NA,NVSDM_PORT_TELEM_CTR_GRP_X22_RCV_CODES,nvsdm_cli -l <lid> -p <port> -c NVSDM_PORT_TELEM_CTR_GRP_X22_RCV_CODES,NA,NA,NA,NA,NA,NA,,,"nv show interface $InterfaceId
{InterfaceId: {type: nvl}}
{link{phy-diag{plr-rcv-codes}}}",/interfaces/interface [name]/phy-diag/state/plr-rcv-codes,PlrRcvCodes,NA,NA,NA,Yes,NA,NA,NA,NA,Yes,NA,NA,NA,NA,NA,NA,NA,,,Available,,,10 Sec,,,,,,,,ES,PS,PS,QS,L0,L1,NA
,,,The total number of rejected PLR codewords received,,,NA,NVSDM_PORT_TELEM_CTR_GRP_X22_RCV_CODES_ERR,nvsdm_cli -l <lid> -p <port> -c NVSDM_PORT_TELEM_CTR_GRP_X22_RCV_CODES_ERR,NA,NA,NA,NA,NA,NA,,,"nv show interface $InterfaceId
{InterfaceId: {type: nvl}}
{link{phy-diag{plr-rcv-codes-err}}}",/interfaces/interface [name]/phy-diag/state/plr-rcv-code-err,PlrRcvCodeErr,NA,NA,NA,Yes,NA,NA,NA,NA,Yes,NA,NA,NA,NA,NA,NA,NA,,,Available,,,10 Sec,,,,,,,,ES,PS,PS,QS,L0,L1,NA
,,,The total number of uncorrectable PLR codewords received,,,NA,NVSDM_PORT_TELEM_CTR_GRP_X22_RCV_UNCORRECTABLE_CODE,nvsdm_cli -l <lid> -p <port> -c NVSDM_PORT_TELEM_CTR_GRP_X22_RCV_UNCORRECTABLE_CODE,NA,NA,NA,NA,NA,NA,,,"nv show interface $InterfaceId
{InterfaceId: {type: nvl}}
{link{phy-diag{plr-rcv-uncorrectable-code}}}",/interfaces/interface [name]/phy-diag/state/plr-rcv-uncorrectable-code,PlrRcvUncorrectableCode,NA,NA,NA,Yes,NA,NA,NA,NA,Yes,NA,NA,NA,NA,NA,NA,NA,,,Available,,,10 Sec,,,,,,,,ES,PS,PS,QS,L0,L1,NA
,,,Number of transmitted PLR codewords,,,NA,NVSDM_PORT_TELEM_CTR_GRP_X22_XMIT_CODES,nvsdm_cli -l <lid> -p <port> -c NVSDM_PORT_TELEM_CTR_GRP_X22_XMIT_CODES,NA,NA,NA,NA,NA,NA,,,"nv show interface $InterfaceId
{InterfaceId: {type: nvl}}
{link{phy-diag{plr-xmit-codes}}}",/interfaces/interface [name]/phy-diag/state/plr-xmit-codes,PlrXmitCodes,NA,NA,NA,Yes,NA,NA,NA,NA,Yes,NA,NA,NA,NA,NA,NA,NA,,,Available,,,10 Sec,,,,,,,,ES,PS,PS,QS,L0,L1,NA
,,,The total number of PLR codewords retransmitted,,,NA,NVSDM_PORT_TELEM_CTR_GRP_X22_XMIT_RETRY_CODES,nvsdm_cli -l <lid> -p <port> -c NVSDM_PORT_TELEM_CTR_GRP_X22_XMIT_RETRY_CODES,NA,NA,NA,NA,NA,NA,,,"nv show interface $InterfaceId
{InterfaceId: {type: nvl}}
{link{phy-diag{plr-xmit-retry-codes}}}",/interfaces/interface [name]/phy-diag/state/plr-xmit-retry-codes,PlrXmitRetryCodes,NA,NA,NA,Yes,NA,NA,NA,NA,Yes,NA,NA,NA,NA,NA,NA,NA,,,Available,,,10 Sec,,,,,,,,ES,PS,PS,QS,L0,L1,NA
,,,The total number of retransmitted events,,,NA,NVSDM_PORT_TELEM_CTR_GRP_X22_XMIT_RETRY_EVENTS,nvsdm_cli -l <lid> -p <port> -c NVSDM_PORT_TELEM_CTR_GRP_X22_XMIT_RETRY_EVENTS,NA,NA,NA,NA,NA,NA,,,"nv show interface $InterfaceId
{InterfaceId: {type: nvl}}
{link{phy-diag{plr-xmit-retry-events}}}",/interfaces/interface [name]/phy-diag/state/plr-xmit-retry-events,PlrXmitRetryEvents,NA,NA,NA,Yes,NA,NA,NA,NA,Yes,NA,NA,NA,NA,NA,NA,NA,,,Available,,,10 Sec,,,,,,,,ES,PS,PS,QS,L0,L1,NA
,,,The number of PLR sync events,,,NA,NVSDM_PORT_TELEM_CTR_GRP_X22_SYNC_EVENTS,nvsdm_cli -l <lid> -p <port> -c NVSDM_PORT_TELEM_CTR_GRP_X22_SYNC_EVENTS,NA,NA,NA,NA,NA,NA,,,"nv show interface $InterfaceId
{InterfaceId: {type: nvl}}
{link{phy-diag{plr-sync-events}}}",/interfaces/interface [name]/phy-diag/state/plr-sync-events,PlrSyncEvents,NA,NA,NA,Yes,NA,NA,NA,NA,Yes,NA,NA,NA,NA,NA,NA,NA,,,Available,,,10 Sec,,,,,,,,ES,PS,PS,QS,L0,L1,NA
,,,The maximum number of retransmitted events in 60 sec window based upon the action of undertaking PLR (physical layer retry),,,NA,NVSDM_PORT_TELEM_CTR_GRP_X22_XMIT_RETRY_EVTS_WTHN_TSEC_MAX,nvsdm_cli -l <lid> -p <port> -c NVSDM_PORT_TELEM_CTR_GRP_X22_XMIT_RETRY_EVTS_WTHN_TSEC_MAX,NA,NA,NA,NA,NA,NA,,,"nv show interface $InterfaceId
{InterfaceId: {type: nvl}}
{link{phy-diag{plr-xmit-retry-events-within-t-sec-max}}}",/interfaces/interface [name]/phy-diag/state/plr-xmit-retry-events-within-t-sec-max,PlrXmitRetryCodesWithinTSecMax,NA,NA,NA,Yes,NA,NA,NA,NA,Yes,NA,NA,NA,NA,NA,NA,NA,,,Available,,,10 Sec,,,,,,,,ES,PS,PS,QS,L0,L1,NA
,,,The bandwidth loss (percentage) based upon PLR on the NVLink.,,,NA,,NA,NA,NA,NA,NA,NA,NA,,,"nv show interface $InterfaceId
{InterfaceId: {type: nvl}}
{link{phy-diag{plr-bw-loss-percent}}}",NA,NA,NA,NA,NA,Yes,NA,NA,NA,NA,Yes,NA,NA,NA,NA,NA,NA,NA,,,Available,,,,,,,,,,,ES,PS,,,L0,L1,NA
,,,"The total number of packets that were dropped since it contained errors. Reasons for this include:
  Dropped due to MPR mismatch.",,,NA,NVSDM_PORT_TELEM_CTR_GRP_X26_RQ_GENERAL_ERROR,nvsdm_cli -l <lid> -p <port> -c NVSDM_PORT_TELEM_CTR_GRP_X26_RQ_GENERAL_ERROR,NA,NA,NA,NA,NA,NA,,,"nv show interface $InterfaceId
{InterfaceId: {type: nvl}}
{link{phy-diag{rq-general-error}}}",/interfaces/interface [name]/phy-diag/state/rq-general-error,rq_general_error,NA,NA,NA,Yes,NA,NA,NA,NA,Yes,NA,NA,NA,NA,NA,NA,NA,,,Available,,,1 Hr,,,,,,,,ES,PS,PS,QS,L0,L1,NA
,,,"Time in msec to link up from disable until phy up state.
  While the phy manager did not reach phy up state the timer will return 0.
  The timer resets to 0 in one of the following cases:
  1. When moving to disable or rx disable state.
  2. When moving from active or phy up to polling state, while working at force mode.",,,NA,NA,NA,NA,NA,NA,NA,NA,NA,,,NA,NA,time_to_link_up_ext_msec,NA,NA,NA,Yes,NA,NA,NA,NA,Yes,NA,NA,NA,NA,NA,NA,NA,,,Available,,,10 Sec,,,,,,,,ES,,,QS,L0,L1,NA
,,,Opcode for advanced debug. String representation can be found in STATUS-MESSAGE.,,,NA,NA,NA,NA,NA,NA,NA,NA,NA,,,"nv show interface --view link-diagnostics ""code""",NA,Advanced_Status_Opcode,NA,NA,NA,Yes,NA,NA,NA,NA,Yes,NA,NA,NA,NA,NA,NA,NA,,,Available,,,10 Sec,,,,,,,,ES,QS,,QS,L0,L1,NA
,,,String represntation of STATUS-OPCODE. All Messages are terminated by a Null character ‘\0’,,,NA,NA,NA,NA,NA,NA,NA,NA,NA,,,"nv show interface --view link-diagnostics ""status""",NA,Status_Message,NA,NA,NA,Yes,NA,NA,NA,NA,Yes,NA,NA,NA,NA,NA,NA,NA,,,Available,,,10 Sec,,,,,,,,ES,QS,,QS,L0,L1,NA
,,,"Which receiver caused last link down:
  0: Unknown
  1: Local_phy
  2: Remote_phy",,,NA,NA,NA,NA,NA,NA,NA,NA,NA,,,NA,NA,down_blame,NA,NA,NA,Yes,NA,NA,NA,NA,Yes,NA,NA,NA,NA,NA,NA,NA,,,Available OOB,,,10 Sec,,,,,,,,ES,,,QS,L0,L1,NA
,,,"Opcode of link down reason:
  0: No_link_down_indication
  1: Unknown_reason
  2: Hi_SER_or_Hi_BER
  3: Block_Lock_loss
  4: Alignment_loss
  5: FEC_sync_loss
  6: PLL_lock_loss
  7: FIFO_overflow
  8: false_SKIP_condition
  9: Minor_Error_threshold_exceeded
  10: Physical_layer_retransmission_timeout
  11: Heartbeat_errors
  12: Link_Layer_credit_monitoring_watchdog
  13: Link_Layer_integrity_threshold_exceeded
  14: Link_Layer_buffer_overrun
  15: Down_by_outband_command_with_healthy_link
  16: Down_by_outband_command_for_link_with_hi_ber
  17: Down_by_inband_command_with_healthy_link
  18: Down_by_inband_command_for_link_with_hi_ber
  19: Down_by_verification_GW
  20: Received_Remote_Fault
  21: Received_TS1
  22: Down_by_management_command
  23: Cable_was_unplugged
  24: Cable_access_issue
  25: Thermal_shutdown
  26: Current_issue
  27: Power_budget
  28: Fast_recovery_raw_ber
  29: Fast_recovery_effective_ber
  30: Fast_recovery_symbol_ber
  31: Fast_recovery_credit_watchdog
  32: Timeout",,,NA,NA,NA,NA,NA,NA,NA,NA,NA,,,NA,NA,local_reason_opcode,NA,NA,NA,Yes,NA,NA,NA,NA,Yes,NA,NA,NA,NA,NA,NA,NA,,,Available OOB,,,10 Sec,,,,,,,,ES,,,QS,L0,L1,NA
,,,"Opcode of link down reason:
  0: No_link_down_indication
  1: Unknown_reason
  2: Hi_SER_or_Hi_BER
  3: Block_Lock_loss
  4: Alignment_loss
  5: FEC_sync_loss
  6: PLL_lock_loss
  7: FIFO_overflow
  8: false_SKIP_condition
  9: Minor_Error_threshold_exceeded
  10: Physical_layer_retransmission_timeout
  11: Heartbeat_errors
  12: Link_Layer_credit_monitoring_watchdog
  13: Link_Layer_integrity_threshold_exceeded
  14: Link_Layer_buffer_overrun
  15: Down_by_outband_command_with_healthy_link
  16: Down_by_outband_command_for_link_with_hi_ber
  17: Down_by_inband_command_with_healthy_link
  18: Down_by_inband_command_for_link_with_hi_ber
  19: Down_by_verification_GW
  20: Received_Remote_Fault
  21: Received_TS1
  22: Down_by_management_command
  23: Cable_was_unplugged
  24: Cable_access_issue
  25: Thermal_shutdown
  26: Current_issue
  27: Power_budget
  28: Fast_recovery_raw_ber
  29: Fast_recovery_effective_ber
  30: Fast_recovery_symbol_ber
  31: Fast_recovery_credit_watchdog
  32: Timeout",,,NA,NA,NA,NA,NA,NA,NA,NA,NA,,,NA,NA,remote_reason_opcode,NA,NA,NA,Yes,NA,NA,NA,NA,Yes,NA,NA,NA,NA,NA,NA,NA,,,Available,,,10 Sec,,,,,,,,ES,,,QS,L0,L1,NA
,,,"Total number of packets marked with the EBP delimiter received on the port. EBP is a special kind of packet that indicates the end of a burst of packets. A burst is a sequence of packets sent in rapid succession. The use of EBP helps in flow control. By knowing the end of a burst, the receiving side can manage its buffers efficiently and ensure that packets are processed in order without dropping any due to buffer overruns.",,,NA,NA,NA,NA,NA,NA,NA,NA,NA,,,"nv show interface $InterfaceId
{InterfaceId: {type: nvl}}
{link{phy-detail{phy-received-bits}}}",/interfaces/interface [name]/phy-diag/state/phy-received-bits,phy_received_bits,NA,NA,NA,Yes,NA,NA,NA,NA,Yes,NA,NA,NA,NA,NA,NA,NA,,,Available,,,,,,,,,,,ES,PS,PS,QS,L0,L1,NA
,,,"Total number of packets received on the switch physical port that are discarded for the following reasons:
  • FilterRawInbound is true and packet is raw
  • PartitionEnforcementInbound is true and packet fails partition key check or IP version check",,,NA,NVSDM_PORT_TELEM_CTR_GRP_X20_RCV_CNSTR_ERR,nvsdm_cli -l <lid> -p <port> -c NVSDM_PORT_TELEM_CTR_GRP_X20_RCV_CNSTR_ERR,NA,NA,NA,NA,NA,NA,,,"nv show interface $InterfaceId
{InterfaceId: {type: nvl}}
{link{counters{port-rcv-constraint-errors}}}",interfaces/interface[name=$port_name]/infiniband/state/counters/port/rcv-constraints-errors,PortRcvConstraintErrors,NA,NA,NA,Yes,NA,NA,NA,NA,Yes,NA,NA,NA,NA,NA,NA,NA,,,Available,,,#N/A,,,,,,,,ES,PS,QS,QS,L0,L1,NA
,,,"Total number of packets not transmitted from the switch physical port for the following reasons:
  • FilterRawOutbound is true and packet is raw
  • PartitionEnforcementOutbound is true and packet fails partition key check or IP version check",,,NA,NVSDM_PORT_TELEM_CTR_GRP_X20_XMIT_CNSTR_ERR,nvsdm_cli -l <lid> -p <port> -c NVSDM_PORT_TELEM_CTR_GRP_X20_XMIT_CNSTR_ERR,NA,NA,NA,NA,NA,NA,,,"nv show interface $InterfaceId
{InterfaceId: {type: nvl}}
{link{counters{out-errors}}}",/interfaces/interface [name]/state/counters/out-errors,PortXmitConstraintErrors,NA,NA,NA,Yes,NA,NA,NA,NA,Yes,NA,NA,NA,NA,NA,NA,NA,,,Available,,,1 Hr,,,,,,,,ES,QS,QS,QS,"L0, R1","L1, R1",NA
,,,"Total number of packets received on the port that contain local physical errors (ICRC, VCRC, LPCRC, and all physical errors
  that cause entry into the BAD PACKET or BAD PACKET DISCARD states of the packet receiver state machine).",,,NA,NVSDM_PORT_TELEM_CTR_GRP_X25_PORT_LOC_PHY_ERR,nvsdm_cli -l <lid> -p <port> -c NVSDM_PORT_TELEM_CTR_GRP_X25_PORT_LOC_PHY_ERR,NA,NA,NA,NA,NA,NA,,,"nv show interface $InterfaceId
{InterfaceId: {type: nvl}}
{link{phy-diag{port-local-physical-errors}}}",/interfaces/interface [name]/phy-diag/state/port-local-physical-errors,PortLocalPhysicalErrors,NA,NA,NA,Yes,NA,NA,NA,NA,Yes,NA,NA,NA,NA,NA,NA,NA,,,Available,,,1 Hr,,,,,,,,ES,PS,PS,QS,L0,L1,NA
,,,Count of errored block sync header on one or more lanes.,,,NA,NVSDM_PORT_TELEM_CTR_GRP_X25_SYNC_HDR_ERR_CTR,nvsdm_cli -l <lid> -p <port> -c NVSDM_PORT_TELEM_CTR_GRP_X25_SYNC_HDR_ERR_CTR,NA,NA,NA,NA,NA,NA,,,"nv show interface $InterfaceId
{InterfaceId: {type: nvl}}
{link{phy-diag{sync-header-error-counter}}}",/interfaces/interface [name]/phy-diag/state/sync-header-error-counter,SyncHeaderErrorCounter,NA,NA,NA,Yes,NA,NA,NA,NA,Yes,NA,NA,NA,NA,NA,NA,NA,,,Available,,,1 Hr,,,,,,,,ES,PS,PS,QS,L0,L1,NA
,,,Total number of packets received on the port that were discarded because they could not be forwarded by the witch relay due to DLID mapping errors.,,,NA,NVSDM_PORT_TELEM_CTR_GRP_X25_PORT_DLID_MAP_ERR,nvsdm_cli -l <lid> -p <port> -c NVSDM_PORT_TELEM_CTR_GRP_X25_PORT_DLID_MAP_ERR,NA,NA,NA,NA,NA,NA,,,"nv show interface $InterfaceId
{InterfaceId: {type: nvl}}
{link{phy-diag{port-dlid-mapping-errors}}}",/interfaces/interface [name]/phy-diag/state/port-dlid-mapping-errors,PortDLIDMappingErrors,NA,NA,NA,Yes,NA,NA,NA,NA,Yes,NA,NA,NA,NA,NA,NA,NA,,,Available,,,1 Hr,,,,,,,,ES,PS,PS,PS,L0,L1,NA
,,,"Packet discards due to VL mapping behavior are not considered errors, so the behavior of this counter is implementation dependent.
  However, it is recommended that this counter be used to count the total number of packets received on the port that were discarded because they could not be forwarded by the switch relay due to VL mapping behavior",,,NA,NVSDM_PORT_TELEM_CTR_GRP_X25_PORT_VL_MAP_ERR,nvsdm_cli -l <lid> -p <port> -c NVSDM_PORT_TELEM_CTR_GRP_X25_PORT_VL_MAP_ERR,NA,NA,NA,NA,NA,NA,,,"nv show interface $InterfaceId
{InterfaceId: {type: nvl}}
{link{phy-diag{port-vl-mapping-errors}}}",/interfaces/interface [name]/phy-diag/state/port-vl-mapping-errors,PortVLMappingErrors,NA,NA,NA,Yes,NA,NA,NA,NA,Yes,NA,NA,NA,NA,NA,NA,NA,,,Available,,,#N/A,,,,,,,,ES,PS,PS,PS,L0,L1,NA
,,,Total number of packets received on the port that were discarded because they could not be forwarded by the witch relay due to looping errors (output port = input port). This applies to switches only.,,,NA,NVSDM_PORT_TELEM_CTR_GRP_X25_PORT_LOOP_ERR,nvsdm_cli -l <lid> -p <port> -c NVSDM_PORT_TELEM_CTR_GRP_X25_PORT_LOOP_ERR,NA,NA,NA,NA,NA,NA,,,"nv show interface $InterfaceId
{InterfaceId: {type: nvl}}
{link{phy-diag{port-looping-errors}}}",/interfaces/interface [name]/phy-diag/state/port-looping-errors,PortLoopingErrors,NA,NA,NA,Yes,NA,NA,NA,NA,Yes,NA,NA,NA,NA,NA,NA,NA,,,Available,,,#N/A,,,,,,,,ES,PS,PS,PS,L0,L1,NA
,,,Number of outbound packets discarded by the port because it is not in the active state.,,,NA,NVSDM_PORT_TELEM_CTR_GRP_X25_PORT_INACT_DISC,nvsdm_cli -l <lid> -p <port> -c NVSDM_PORT_TELEM_CTR_GRP_X25_PORT_INACT_DISC,NA,NA,NA,NA,NA,NA,,,"nv show interface $InterfaceId
{InterfaceId: {type: nvl}}
{link{phy-diag{port-inactive-discards}}}",/interfaces/interface [name]/phy-diag/state/port-inactive-discards,PortInactiveDiscards,NA,NA,NA,Yes,NA,NA,NA,NA,Yes,NA,NA,NA,NA,NA,NA,NA,,,Available,,,1 Hr,,,,,,,,ES,PS,PS,PS,L0,L1,NA
,,,"link active width:
  Bit 0: 1x
  Bit 1: 2x
  Bit 2: 4x",,,NA,nvsdmPortGetInfo,nvsdm_cli -C <source_ca> -p <port> -l <lid> -i PORT,NA,NA,NA,NA,NA,NA,,,"nv show interface $InterfaceId
{InterfaceId: {type: nvl, state: up}}
{link{lanes}}",interfaces/interface[name=$port_name]/infiniband/state/width,Link_width_active,NA,NA,NA,Yes,NA,NA,NA,NA,Yes,NA,NA,NA,NA,NA,NA,NA,,,Available,,,10 Sec,,,,,,,,ES,QS,QS,QS,"L0, R1","L1, R1",NA
,,,"Show some more info about the PHY state:
0:Disabled
1:Open_port
2:Polling
3:Active_or_Linkup
4:Close_port
5:Phy_up
7:Rx_disable",,,NA,NA,NA,NA,NA,NA,NA,NA,NA,,,NA,/interfaces/interface [name]/phy-diag/state/phy-manager-state,Phy_Manager_State,NA,NA,NA,NA,NA,NA,NA,NA,Yes,NA,NA,NA,NA,NA,NA,NA,NA,NA,Available OOB,,,10 Sec,,NA,NA,NA,,,,ES,,QS,QS,"L0, R1","L1, R1",NA
,,,Maximum Transmission Unit,,,NA,NA,NA,NA,NA,NA,NA,NA,NA,,,"nv show interface $InterfaceId
{InterfaceId: {type: nvl, state: up}}
{link{mtu}}",interfaces/interface[name=$port_name]/infiniband/state/mtu,NA,NA,NA,NA,,,,,,Yes,,,,,,,,,,Available,,,#N/A,,,,,,,,ES,QS,QS,,"L0, R1","L1, R1",NA
,,,Maximum Transmission Unit,,,NA,NA,NA,NA,NA,NA,NA,NA,NA,,,"nv show interface $InterfaceId
{InterfaceId: {type: nvl}}
{link{max-supported-mtu}}",interfaces/interface[name=$port_name]/infiniband/state/max-supported-mtus,NA,NA,NA,NA,,,,,,Yes,,,,,,,,,,Available,,,#N/A,,,,,,,,ES,QS,QS,,L0,L1,NA
,,,Maximum Transmission Unit,,,NA,nvsdmPortGetInfo,nvsdm_cli -C <source_ca> -p <port> -l <lid> -i PORT,NA,NA,NA,NA,NA,NA,,,"nv show interface $InterfaceId
{InterfaceId: {type: nvl}}
{link{supported-lanes}}",interfaces/interface[name=$port_name]/infiniband/state/supported-width,NA,NA,NA,NA,,,,,,Yes,,,,,,,,,,Available,,,#N/A,,,,,,,,ES,QS,QS,,L0,L1,NA
,,,Maximum Transmission Unit,,,NA,NA,NA,NA,NA,NA,NA,NA,NA,,,"nv show interface $InterfaceId
{InterfaceId: {type: nvl}}
{link{vl-capabilities}}",interfaces/interface[name=$port_name]/infiniband/state/vl-capabilities,NA,NA,NA,NA,,,,,,Yes,,,,,,,,,,Available,,,#N/A,,,,,,,,ES,QS,QS,,L0,L1,NA
,,,Fan status,,,,,,,,,,,,,,"nv show platform environment fan $FanId
{state}",components/component[name=FAN1/1]/state/oper-status,NA,NA,NA,NA,NA,NA,NA,NA,NA,Yes,NA,NA,NA,NA,NA,NA,NA,,,Available,,,10 Sec,,,,,,,,ES,QS,QS,,L0,L1,NA
,,,Fan LED color,,,,,,,,,,,,,,"nv show platform environment led $LedID
{color}",NA,,NA,NA,NA,NA,NA,NA,NA,NA,Yes,NA,NA,NA,NA,NA,NA,NA,,,Available,,,10 Sec,,,,,,,,ES,QS,,,L0,L1,NA
,,,Cable part num,,,,,,,,,,,,,,"nv show platform transceiver $TransceiverId
{TransceiverId: {status: Inserted}}
{vendor-pn}",NA,Cable_PN,,,,,NA,NA,NA,NA,Yes,,,,,,,,,,Available,,,#N/A,,,,,NVSwitch[TrunkCableInserted],,,ES,QS,,QS,"L0, R1","L1, R1",NA
,,,Cabl Serial num,,,,NA,NA,NA,NA,NA,NA,,,,,"nv show platform transceiver $TransceiverId
{TransceiverId: {status: Inserted}}
{vendor-sn}",NA,Cable_SN,NA,NA,NA,NA,NA,NA,NA,NA,Yes,NA,NA,NA,NA,NA,NA,NA,NA,NA,Available OOB,,,1 Hr,,NA,Na,NA,NVSwitch[TrunkCableInserted],,,ES,QS,,QS,"L0, R1","L1, R1",NA
,,,Active/Passive cable,,,,,,,,,,,,,,TBD,NA,cable_technology,,,,,NA,NA,NA,NA,Yes,,,,,,,,,,Available,,,#N/A,,,,,,,,ES,,,QS,"L0, R1","L1, R1",NA
,,,"Cable/module type:
0: Unidentified
1: Active_cable - (active copper / optics)
2: Optical_Module - (separated)
3: Passive_copper_cable
4: Cable_unplugged
5: Twisted_pair",,,,,,,,,,,,,,"nv show platform transceiver $TransceiverId
{TransceiverId: {status: Inserted}}
{cable-type}",NA,cable_type,,,,,NA,NA,NA,NA,Yes,,,,,,,,,,Available,,,#N/A,,,,,NVSwitch[TrunkCableInserted],,,ES,QS,,QS,"L0, R1","L1, R1",NA
,,,"Cable vendor:
0: Other
1: Mellanox
2: Known_OUI
3: NVIDIA",,,,,,,,,,,,,,"nv show platform transceiver $TransceiverId
{TransceiverId: {status: Inserted}}
{vendor-name}",NA,cable_vendor,,,,,NA,NA,NA,NA,Yes,,,,,,,,,,Available,,,#N/A,,,,,NVSwitch[TrunkCableInserted],,,ES,QS,,QS,"L0, R1","L1, R1",NA
,,,"Cable length in 1m units.
For CMIS modules:
bits 6:7 represent cable_length_multiplier for calculating
cable length
00 - 0.1 multiplier (0.1 to 6.3m)
01- 1 multiplier (1 to 63m)
10 - 10 multiplier (10 to 630m)
11 - 100 multiplier (100 to 6300m)
bits 0:5 represent cable_length_value for calculating cable
length.
length is calculated with cable_length_value * cable_length_-
multiplier",,,,,,,,,,,,,,"nv show platform transceiver $TransceiverId
{TransceiverId: {status: Inserted}}
{cable-length}",NA,cable_length,,,,,NA,NA,NA,NA,Yes,,,,,,,,,,Available,,,#N/A,,,,,NVSwitch[TrunkCableInserted],,,ES,QS,,QS,"L0, R1","L1, R1",NA
,,,"0: QSFP28
1: QSFP_Plus
2: SFP28_or_SFP_Plus
3: QSA - (QSFP->SFP)
4: Backplane
5: SFP_DD
6: QSFP_DD
7: QSFP_CMIS
8: OSFP
9: C2C
10: DSFP
11: QSFP_Split_Cable
identifiers that are CMIS compliant are: 5,6,7,8,10",,,,,,,,,,,,,,"nv show platform transceiver $TransceiverId
{TransceiverId: {status: Inserted}}
{identifier}",NA,cable_identifier,,,,,NA,NA,NA,NA,Yes,,,,,,,,,,Available,,,#N/A,,,,,NVSwitch[TrunkCableInserted],,,ES,QS,,QS,"L0, R1","L1, R1",NA
,,,"ASCII Vendor revision aligned to right padded with 0h on the
left",,,,,,,,,,,,,,"nv show platform transceiver $TransceiverId
{TransceiverId: {status: Inserted}}
{vendor-rev}",NA,vendor_rev,,,,,NA,NA,NA,NA,Yes,,,,,,,,,,Available,,,#N/A,,,,,NVSwitch[TrunkCableInserted],,,ES,QS,,QS,"L0, R1","L1, R1",NA
,,,module FW version (relevant for optic only),,,,,,,,,,,,,,"nv show platform transceiver $TransceiverId
{TransceiverId: {status: Inserted}}
{firmware}",NA,cable_fw_version,,,,,NA,NA,NA,NA,Yes,,,,,,,,,,Available,,,1 Hr,,,,,NVSwitch[TrunkCableInserted],,,ES,QS,,QS,"L0, R1","L1, R1",NA
,,,module internally measured Rx input optical power for lane 1 in uW / dBm (relevant for optic only),,,,,,,,,,,,,,"nv show platform transceiver $TransceiverId
{TransceiverId: {status: Inserted}}
{channel{channel-1{rx-power{Power}}}}",NA,rx_power_lane_0,,,,,NA,NA,NA,NA,Yes,,,,,,,,,,Available,,,#N/A,,,,,NVSwitch[TrunkCableInserted],,,ES,QS,,QS,L0,L1,NA
,,,module internally measured Rx input optical power for lane 1 in uW / dBm (relevant for optic only),,,,,,,,,,,,,,"nv show platform transceiver $TransceiverId
{TransceiverId: {status: Inserted}}
{channel{channel-2{rx-power{Power}}}}",NA,rx_power_lane_1,,,,,NA,NA,NA,NA,Yes,,,,,,,,,,Available,,,#N/A,,,,,NVSwitch[TrunkCableInserted],,,ES,QS,,QS,L0,L1,NA
,,,Internally measured supply voltage in 100uV (relevant for optic only),,,,,,,,,,,,,,"nv show platform transceiver $TransceiverId
{TransceiverId: {status: Inserted}}
{voltage{voltage}}",NA,Module_Voltage,,,,,NA,NA,NA,NA,Yes,,,,,,,,,,Available,,,#N/A,,,,,NVSwitch[TrunkCableInserted],,,ES,QS,,QS,"L0, R1","L1, R1",NA
,,,Module main temperature sensor measured on a unit scale of 1/256 C degrees(relevant for optic only),,,,,,,,,,,,,,"nv show platform transceiver $TransceiverId
{TransceiverId: {status: Inserted}}
{temperature{temperature}}",NA,Module_Temperature,,,,,NA,NA,NA,NA,Yes,,,,,,,,,,Available OOB,,,10 Sec,,,,,NVSwitch[TrunkCableInserted],,,ES,QS,,QS,"L0, R1","L1, R1",NA
,,,Temperature warning threshold on a unit scale of 1/256 C degrees.,,,,,,,,,,,,,,NA,components/component[name]/transceiver/physical-channels/transceiver-diag/state/temp-high-alarm-flag,Temp_flags,,,,,NA,NA,NA,NA,Yes,,,,,,,,,,Available OOB,,,1 Hr,,,,,,,,ES,,,QS,"L0, R1","L1, R1",NA
,,,Voltage warning threshold on a unit scale of 100uV.,,,,,,,,,,,,,,NA,components/component[name]/transceiver/physical-channels/transceiver-diag/state/vcc-high-alarm-flag,Vcc_flags,,,,,NA,NA,NA,NA,Yes,,,,,,,,,,Available,,,#N/A,,,,,,,,ES,,,QS,"L0, R1","L1, R1",NA
,,,"Bitmask for latched Tx cdr loss of lock flag per lane.
Bit 0 - lane 0 ... Bit 7 - lane 7",,,,,,,,,,,,,,NA,components/component[name]/transceiver/physical-channels/channel[channel]/channel-diag/tx-cdr-lol,tx_cdr_lol,,,,,NA,NA,NA,NA,Yes,,,,,,,,,,Available,,,#N/A,,,,,,,,ES,,,QS,"L0, R1","L1, R1",NA
,,,"Bitmask for latched Rx cdr loss of lock flag per lane.
Bit 0 - lane 0 ... Bit 7 - lane 7",,,,,,,,,,,,,,NA,components/component[name]/transceiver/physical-channels/channel[channel]/channel-diag/rx-cdr-lol,rx_cdr_lol,,,,,NA,NA,NA,NA,Yes,,,,,,,,,,Available,,,#N/A,,,,,,,,ES,,,QS,"L0, R1","L1, R1",NA
,,,"Bitmask for latched Tx loss of signal flag per lane.
Bit 0 - lane 0 ... Bit 7 - lane 7",,,,,,,,,,,,,,NA,components/component[name]/transceiver/physical-channels/channel[channel]/channel-diag/tx-los,tx_los,,,,,NA,NA,NA,NA,Yes,,,,,,,,,,Available,,,#N/A,,,,,,,,ES,,,QS,"L0, R1","L1, R1",NA
,,,"Bitmask for latched Rx loss of signal flag per lane.
Bit 0 - lane 0 ... Bit 7 - lane 7",,,,,,,,,,,,,,NA,components/component[name]/transceiver/physical-channels/channel[channel]/channel-diag/rx-los,rx_los,,,,,NA,NA,NA,NA,Yes,,,,,,,,,,Available,,,#N/A,,,,,,,,ES,,,QS,"L0, R1","L1, R1",NA
,,,Description of the link partner side (port that is connected to the port),,,,nvsdmPortGetRemote,nvsdm_cli -C <source_ca> -t,,,,,,,,,NA,NA,link_partner_description,,,,,NA,NA,NA,NA,Yes,,,,,,,,,,Available,,,#N/A,,,,,,,,ES,,,QS,L0,L1,NA
,,,GUID of the link partner side (port that is connected to the port),,,,nvsdmPortGetRemote,nvsdm_cli -C <source_ca> -t,,,,,,,,,NA,NA,link_partner_node_guid,,,,,NA,NA,NA,NA,Yes,,,,,,,,,,Available,,,#N/A,,,,,,,,ES,,,QS,L0,L1,NA
,,,LID of the link partner side (port that is connected to the port),,,,nvsdmPortGetRemote,nvsdm_cli -C <source_ca> -t,,,,,,,,,NA,NA,link_partner_lid,,,,,NA,NA,NA,NA,Yes,,,,,,,,,,Available,,,#N/A,,,,,,,,ES,,,QS,L0,L1,NA
,,,Port number of the link partner side (port that is connected to the port),,,,nvsdmPortGetRemote,nvsdm_cli -C <source_ca> -t,,,,,,,,,NA,NA,link_partner_port_num,,,,,NA,NA,NA,NA,Yes,,,,,,,,,,Available,,,#N/A,,,,,,,,ES,,,QS,L0,L1,NA
,,,CPU status,,,,,,,,,,,,,,NA,components/component[name=cpu]/state/oper-status,NA,NA,NA,NA,NA,NA,NA,NA,NA,Yes,NA,NA,NA,NA,NA,NA,NA,,,Available,,,10 Sec,,,,,,,,ES,,QS,,L0,L1,NA
,,,"Critical temperature threshold for drive, above this level the system will shutdown",,,NA,NA,NA,NA,NA,NA,NA,NA,NA,,,"nv show platform environment temperature $TemparatureId
{TemparatureId: {Name: Drive-Temp}}
{crit}",NA,NA,NA,NA,NA,NA,NA,NA,NA,NA,Yes,NA,NA,NA,NA,NA,NA,,,,Available OOB,,No Impact,1 Hr,,,,,,,,ES,QS,QS,,L0,L1,NA
,,,Max temperature threshold for drive,,,NA,,,,,,,,,,,"nv show platform environment temperature $TemparatureId
{TemparatureId: {Name: Drive-Temp}}
{max}",NA,NA,NA,NA,NA,NA,NA,NA,NA,NA,Yes,NA,NA,NA,NA,NA,NA,,,,Available OOB,,No Impact,1 Hr,,,,,,,,ES,QS,,,L0,L1,NA
,,,Drive Temperature - o.k./not o.k.,,,NA,,,,,,,,,,,"nv show platform environment temperature $TemparatureId
{TemparatureId: {Name: Drive-Temp}}
{state}",NA,NA,NA,NA,NA,NA,NA,NA,NA,NA,Yes,NA,NA,NA,NA,NA,NA,,,,Available OOB,,No Impact,10 Sec,,,,,,,,ES,QS,,,L0,L1,NA
,,,Drive Temperature - current temperature,,,NA,,,,,,,,,,,"nv show platform environment temperature $TemparatureId
{TemparatureId: {Name: Drive-Temp}}
{current}",NA,NA,NA,NA,NA,NA,NA,NA,NA,NA,Yes,NA,NA,NA,NA,NA,NA,,,,Available OOB,,No Impact,10 Sec,,,,,,,,ES,QS,,,L0,L1,NA
,,,"Critical temperature threshold for HSC, above this level the system will shutdown",,,NA,NA,NA,NA,NA,NA,NA,NA,NA,,,"nv show platform environment temperature $TemparatureId
{TemparatureId: {Name: HSC-VinDC-Temp}}
{crit}",NA,NA,NA,NA,NA,NA,NA,NA,NA,NA,Yes,NA,NA,NA,NA,NA,NA,,,,Available OOB,,No Impact,1 Hr,,,,,,,,ES,QS,QS,,L0,L1,NA
,,,Max temperature threshold for HSC,,,NA,,,,,,,,,,,"nv show platform environment temperature $TemparatureId
{TemparatureId: {Name: HSC-VinDC-Temp}}
{max}",NA,NA,NA,NA,NA,NA,NA,NA,NA,NA,Yes,NA,NA,NA,NA,NA,NA,,,,Available OOB,,No Impact,1 Hr,,,,,,,,ES,QS,,,L0,L1,NA
,,,HSC Temperature - o.k./not o.k.,,,NA,,,,,,,,,,,"nv show platform environment temperature $TemparatureId
{TemparatureId: {Name: HSC-VinDC-Temp}}
{state}",NA,NA,NA,NA,NA,NA,NA,NA,NA,NA,Yes,NA,NA,NA,NA,NA,NA,,,,Available OOB,,No Impact,10 Sec,,,,,,,,ES,QS,,,L0,L1,NA
,,,HSC Temperature - current temperature,,,NA,,,,,,,,,,,"nv show platform environment temperature $TemparatureId
{TemparatureId: {Name: HSC-VinDC-Temp}}
{current}",NA,NA,NA,NA,NA,NA,NA,NA,NA,NA,Yes,NA,NA,NA,NA,NA,NA,,,,Available OOB,,No Impact,10 Sec,,,,,,,,ES,QS,,,L0,L1,NA
,,,"Critical temperature threshold for PDB, above this level the system will shutdown",,,NA,NA,NA,NA,NA,NA,NA,NA,NA,,,"nv show platform environment temperature $TemparatureId
{TemparatureId: {Name: ""PDB-Conv-*-Temp""}}
{crit}",NA,NA,NA,NA,NA,NA,NA,NA,NA,NA,Yes,NA,NA,NA,NA,NA,NA,,,,Available OOB,,No Impact,1 Hr,,,,,,,,ES,QS,QS,,L0,L1,NA
,,,PDB Temperature - o.k./not o.k.,,,NA,,,,,,,,,,,"nv show platform environment temperature $TemparatureId
{TemparatureId: {Name: ""PDB-Conv-*-Temp""}}
{state}",NA,NA,NA,NA,NA,NA,NA,NA,NA,NA,Yes,NA,NA,NA,NA,NA,NA,,,,Available OOB,,No Impact,10 Sec,,,,,,,,ES,QS,,,L0,L1,NA
,,,PDB Temperature - current temperature,,,NA,,,,,,,,,,,"nv show platform environment temperature $TemparatureId
{TemparatureId: {Name: ""PDB-Conv-*-Temp""}}
{current}",NA,NA,NA,NA,NA,NA,NA,NA,NA,NA,Yes,NA,NA,NA,NA,NA,NA,,,,Available OOB,,No Impact,10 Sec,,,,,,,,ES,QS,,,L0,L1,NA
,,,"Critical temperature threshold for PMIC, above this level the system will shutdown",,,NA,NA,NA,NA,NA,NA,NA,NA,NA,,,"nv show platform environment temperature $TemparatureId
{TemparatureId: {Name: ""PMIC-*-Temp""}}
{crit}",NA,NA,NA,NA,NA,NA,NA,NA,NA,NA,Yes,NA,NA,NA,NA,NA,NA,,,,Available OOB,,No Impact,1 Hr,,,,,,,,ES,QS,QS,,L0,L1,NA
,,,PMIC Temperature - o.k./not o.k.,,,NA,,,,,,,,,,,"nv show platform environment temperature $TemparatureId
{TemparatureId: {Name: ""PMIC-*-Temp""}}
{state}",NA,NA,NA,NA,NA,NA,NA,NA,NA,NA,Yes,NA,NA,NA,NA,NA,NA,,,,Available OOB,,No Impact,10 Sec,,,,,,,,ES,QS,,,L0,L1,NA
,,,PMIC Temperature - current temperature,,,NA,,,,,,,,,,,"nv show platform environment temperature $TemparatureId
{TemparatureId: {Name: ""PMIC-*-Temp""}}
{current}",NA,NA,NA,NA,NA,NA,NA,NA,NA,NA,Yes,NA,NA,NA,NA,NA,NA,,,,Available OOB,,No Impact,10 Sec,,,,,,,,ES,QS,,,L0,L1,NA
,,,SWB ASIC PCB Temperature - o.k./not o.k.,,,NA,,,,,,,,,,,"nv show platform environment temperature $TemparatureId
{TemparatureId: {Name: ""SWB-ASIC*-PCB-Temp""}}
{state}",NA,NA,NA,NA,NA,NA,NA,NA,NA,NA,Yes,NA,NA,NA,NA,NA,NA,,,,Available OOB,,No Impact,10 Sec,,,,,,,,ES,QS,,,L0,L1,NA
,,,SWB ASIC PCB Temperature - current temperature,,,NA,,,,,,,,,,,"nv show platform environment temperature $TemparatureId
{TemparatureId: {Name: ""SWB-ASIC*-PCB-Temp""}}
{current}",NA,NA,NA,NA,NA,NA,NA,NA,NA,NA,Yes,NA,NA,NA,NA,NA,NA,,,,Available OOB,,No Impact,10 Sec,,,,,,,,ES,QS,,,L0,L1,NA
,,,Shutdown Temperature (5s). This enrty is applicable for platforms with NVL5.,,,"SMBPBI: (0x15,[0x02],[Unused]), PLDM {0x02, 0x51}",NA,NA,NA,"2021.1c
/redfish/v1/Chassis/HGX_NVSwitch_{InstanceId}/Sensors/HGX_NVSwitch_{InstanceId}_TEMP_{InstanceId}
{Thresholds{UpperFatal{Reading}}}","2021.1c
/redfish/v1/Chassis/HGX_NVSwitch_{InstanceId}/Sensors/HGX_NVSwitch_{InstanceId}_TEMP_{InstanceId}
{Thresholds{UpperFatal{Reading}}}","2021.1c
/redfish/v1/Chassis/HGX_NVSwitch_{InstanceId}/Sensors/HGX_NVSwitch_{InstanceId}_TEMP_{InstanceId}
{Thresholds{UpperFatal{Reading}}}",,,,,NA,NA,NA,NA,Yes,Yes,NA,NA,NA,NA,NA,NA,NA,NA,NA,NA,NA,NA,NA,,,Available,No,No Impact,1 Hr,30,"2021.1c
/redfish/v1/Chassis/HGX_NVSwitch_{InstanceId}/Sensors/HGX_NVSwitch_{InstanceId}_TEMP_{InstanceId}
{Thresholds{UpperFatal{Reading}}}","2021.1c
/redfish/v1/Chassis/$ChassisId/Sensors/$SensorId
{Thresholds{UpperFatal{Reading}}}","{ChassisId: {Id_contains: {anyOf: [NVSwitch], not: [RoT]}}, SensorId: {ReadingType: Temperature}}",,,,ES,,,,L0,L1,Not Supported
,,,The aggregate bandwidth of all links. This enrty is applicable for platforms with NVL5.,,,"SMBPBI: (0x1A, 02h, [<link_index>,0xFF = Aggregate Count]);extended data
PLDM {0x02, 0x11, [<link_index> link speed aggregate]} ",NA,NA,NA,"2021.1c
/redfish/v1/Fabrics/HGX_NVLinkFabric_{InstanceId}/Switches/NVSwitch_{InstanceId}
{CurrentBandwidthGbps}","2021.1c
/redfish/v1/Fabrics/HGX_NVLinkFabric_{InstanceId}/Switches/NVSwitch_{InstanceId}
{CurrentBandwidthGbps}","2021.1c
/redfish/v1/Fabrics/HGX_NVLinkFabric_{InstanceId}/Switches/NVSwitch_{InstanceId}
{CurrentBandwidthGbps}",/redfish/v1/TelemetryService/MetricReports/HGX_NVSwitchMetrics_0,,,,NA,NA,NA,NA,Yes,Yes,NA,NA,NA,NA,NA,NA,NA,NA,NA,NA,NA,NA,NA,,,Available,Yes,No Impact,10 Sec,30,"2021.1c
/redfish/v1/Fabrics/HGX_NVLinkFabric_{InstanceId}/Switches/NVSwitch_{InstanceId}
{CurrentBandwidthGbps}","2021.1c
/redfish/v1/Fabrics/$FabricId/Switches/$SwitchId
{CurrentBandwidthGbps}","{FabricId:{FabricType: NVLink}, SwitchId: {SwitchType: NVLink}}",,,Y,ES,,,,L0,L1,Not Supported
,,,The normal range of temperature but is not yet fatal. This enrty is applicable for platforms with NVL5.,,,"SMBPBI: (0x15, 0x80-0x85, 0x01), PLDM {0x02, 0x51}",NA,NA,NA,"2021.1c
/redfish/v1/Chassis/HGX_NVSwitch_{InstanceId}/Sensors/HGX_NVSwitch_{InstanceId}_TEMP_{InstanceId}
{Thresholds{UpperCritical{Reading}}}","2021.1c
/redfish/v1/Chassis/HGX_NVSwitch_{InstanceId}/Sensors/HGX_NVSwitch_{InstanceId}_TEMP_{InstanceId}
{Thresholds{UpperCritical{Reading}}}","2021.1c
/redfish/v1/Chassis/HGX_NVSwitch_{InstanceId}/Sensors/HGX_NVSwitch_{InstanceId}_TEMP_{InstanceId}
{Thresholds{UpperCritical{Reading}}}",,,,,NA,NA,NA,NA,Yes,Yes,NA,NA,NA,NA,NA,NA,NA,NA,NA,NA,NA,NA,NA,,,Available,No,No Impact,10 Min,30,"2021.1c
/redfish/v1/Chassis/HGX_NVSwitch_{InstanceId}/Sensors/HGX_NVSwitch_{InstanceId}_TEMP_{InstanceId}
{Thresholds{UpperCritical{Reading}}}","2021.1c
/redfish/v1/Chassis/$ChassisId/Sensors/$SensorId
{Thresholds{UpperCritical{Reading}}}","{ChassisId: {Id_contains: {anyOf: [NVSwitch], not: [RoT]}}, SensorId: {ReadingType: Temperature}}",,,,ES,,,,L0,L1,Not Supported
,,,The bucket units of measure.,,,NSM: type-0x00 cmd-0x0D,,,,"2025.1
/redfish/v1/Fabrics/{NVLINK_FABRIC_NAME}_{InstanceId}/Switches/NVSwitch_{InstanceId}/Oem/Nvidia/Histograms/{HISTOGRAM_NAME}_{InstanceId}
{BucketUnits}","2025.1
/redfish/v1/Fabrics/{NVLINK_FABRIC_NAME}_{InstanceId}/Switches/NVSwitch_{InstanceId}/Oem/Nvidia/Histograms/{HISTOGRAM_NAME}_{InstanceId}
{BucketUnits}","2025.1
/redfish/v1/Fabrics/{NVLINK_FABRIC_NAME}_{InstanceId}/Switches/NVSwitch_{InstanceId}/Oem/Nvidia/Histograms/{HISTOGRAM_NAME}_{InstanceId}
{BucketUnits}",,,,,NA,NA,NA,NA,Yes,NA,NA,NA,NA,NA,NA,NA,NA,NA,NA,NA,NA,NA,NA,NA,NA,Available OOB,No,No Impact,10 Min,,"2025.1
/redfish/v1/Fabrics/{NVLINK_FABRIC_NAME}_{InstanceId}/Switches/NVSwitch_{InstanceId}/Oem/Nvidia/Histograms/{HISTOGRAM_NAME}_{InstanceId}
{BucketUnits}","2025.1
/redfish/v1/Fabrics/$FabricId/Switches/$SwitchId/Oem/Nvidia/Histograms/$HistogramId
{BucketUnits}","{FabricId:{FabricType: NVLink}, SwitchId: {SwitchType: NVLink}, HistogramId: {Id: all}}",,,,QS,,,,L1,L1,NA
,,,The bucket data format.,,,NSM: type-0x00 cmd-0x0D,,,,"2025.1
/redfish/v1/Fabrics/{NVLINK_FABRIC_NAME}_{InstanceId}/Switches/NVSwitch_{InstanceId}/Oem/Nvidia/Histograms/{HISTOGRAM_NAME}_{InstanceId}
{BucketFormat}","2025.1
/redfish/v1/Fabrics/{NVLINK_FABRIC_NAME}_{InstanceId}/Switches/NVSwitch_{InstanceId}/Oem/Nvidia/Histograms/{HISTOGRAM_NAME}_{InstanceId}
{BucketFormat}","2025.1
/redfish/v1/Fabrics/{NVLINK_FABRIC_NAME}_{InstanceId}/Switches/NVSwitch_{InstanceId}/Oem/Nvidia/Histograms/{HISTOGRAM_NAME}_{InstanceId}
{BucketFormat}",,,,,NA,NA,NA,NA,Yes,NA,NA,NA,NA,NA,NA,NA,NA,NA,NA,NA,NA,NA,NA,NA,NA,Available OOB,No,No Impact,10 Min,,"2025.1
/redfish/v1/Fabrics/{NVLINK_FABRIC_NAME}_{InstanceId}/Switches/NVSwitch_{InstanceId}/Oem/Nvidia/Histograms/{HISTOGRAM_NAME}_{InstanceId}
{BucketFormat}","2025.1
/redfish/v1/Fabrics/$FabricId/Switches/$SwitchId/Oem/Nvidia/Histograms/$HistogramId
{BucketFormat}","{FabricId:{FabricType: NVLink}, SwitchId: {SwitchType: NVLink}, HistogramId: {Id: all}}",,,,QS,,,,L1,L1,NA
,,,The accumulation cycle indicator. The value of this property increments on histogram counters reset.,,,NSM: type-0x00 cmd-0x0D,,,,"2025.1
/redfish/v1/Fabrics/{NVLINK_FABRIC_NAME}_{InstanceId}/Switches/NVSwitch_{InstanceId}/Oem/Nvidia/Histograms/{HISTOGRAM_NAME}_{InstanceId}
{AccumulationCycle}","2025.1
/redfish/v1/Fabrics/{NVLINK_FABRIC_NAME}_{InstanceId}/Switches/NVSwitch_{InstanceId}/Oem/Nvidia/Histograms/{HISTOGRAM_NAME}_{InstanceId}
{AccumulationCycle}","2025.1
/redfish/v1/Fabrics/{NVLINK_FABRIC_NAME}_{InstanceId}/Switches/NVSwitch_{InstanceId}/Oem/Nvidia/Histograms/{HISTOGRAM_NAME}_{InstanceId}
{AccumulationCycle}",,,,,NA,NA,NA,NA,Yes,NA,NA,NA,NA,NA,NA,NA,NA,NA,NA,NA,NA,NA,NA,NA,NA,Available OOB,No,No Impact,10 Sec,,"2025.1
/redfish/v1/Fabrics/{NVLINK_FABRIC_NAME}_{InstanceId}/Switches/NVSwitch_{InstanceId}/Oem/Nvidia/Histograms/{HISTOGRAM_NAME}_{InstanceId}
{AccumulationCycle}","2025.1
/redfish/v1/Fabrics/$FabricId/Switches/$SwitchId/Oem/Nvidia/Histograms/$HistogramId
{AccumulationCycle}","{FabricId:{FabricType: NVLink}, SwitchId: {SwitchType: NVLink}, HistogramId: {Id: all}}",,,,QS,,,,L1,L1,NA
,,,The recommended shortest time of sampling this histogram in milliseconds,,,NSM: type-0x00 cmd-0x0D,,,,"2025.1
/redfish/v1/Fabrics/{NVLINK_FABRIC_NAME}_{InstanceId}/Switches/NVSwitch_{InstanceId}/Oem/Nvidia/Histograms/{HISTOGRAM_NAME}_{InstanceId}
{UpdatePeriodMilliseconds}","2025.1
/redfish/v1/Fabrics/{NVLINK_FABRIC_NAME}_{InstanceId}/Switches/NVSwitch_{InstanceId}/Oem/Nvidia/Histograms/{HISTOGRAM_NAME}_{InstanceId}
{UpdatePeriodMilliseconds}","2025.1
/redfish/v1/Fabrics/{NVLINK_FABRIC_NAME}_{InstanceId}/Switches/NVSwitch_{InstanceId}/Oem/Nvidia/Histograms/{HISTOGRAM_NAME}_{InstanceId}
{UpdatePeriodMilliseconds}",,,,,NA,NA,NA,NA,Yes,NA,NA,NA,NA,NA,NA,NA,NA,NA,NA,NA,NA,NA,NA,NA,NA,Available OOB,No,No Impact,10 Min,,"2025.1
/redfish/v1/Fabrics/{NVLINK_FABRIC_NAME}_{InstanceId}/Switches/NVSwitch_{InstanceId}/Oem/Nvidia/Histograms/{HISTOGRAM_NAME}_{InstanceId}
{UpdatePeriodMilliseconds}","2025.1
/redfish/v1/Fabrics/$FabricId/Switches/$SwitchId/Oem/Nvidia/Histograms/$HistogramId
{UpdatePeriodMilliseconds}","{FabricId:{FabricType: NVLink}, SwitchId: {SwitchType: NVLink}, HistogramId: {Id: all}}",,,,QS,,,,L1,L1,NA
,,,Time duration of an incrementin the buckets in microseconds,,,NSM: type-0x00 cmd-0x0D,,,,"2025.1
/redfish/v1/Fabrics/{NVLINK_FABRIC_NAME}_{InstanceId}/Switches/NVSwitch_{InstanceId}/Oem/Nvidia/Histograms/{HISTOGRAM_NAME}_{InstanceId}
{IncrementDurationMicroseconds}","2025.1
/redfish/v1/Fabrics/{NVLINK_FABRIC_NAME}_{InstanceId}/Switches/NVSwitch_{InstanceId}/Oem/Nvidia/Histograms/{HISTOGRAM_NAME}_{InstanceId}
{IncrementDurationMicroseconds}","2025.1
/redfish/v1/Fabrics/{NVLINK_FABRIC_NAME}_{InstanceId}/Switches/NVSwitch_{InstanceId}/Oem/Nvidia/Histograms/{HISTOGRAM_NAME}_{InstanceId}
{IncrementDurationMicroseconds}",,,,,NA,NA,NA,NA,Yes,NA,NA,NA,NA,NA,NA,NA,NA,NA,NA,NA,NA,NA,NA,NA,NA,Available OOB,No,No Impact,10 Sec,,"2025.1
/redfish/v1/Fabrics/{NVLINK_FABRIC_NAME}_{InstanceId}/Switches/NVSwitch_{InstanceId}/Oem/Nvidia/Histograms/{HISTOGRAM_NAME}_{InstanceId}
{IncrementDurationMicroseconds}","2025.1
/redfish/v1/Fabrics/$FabricId/Switches/$SwitchId/Oem/Nvidia/Histograms/$HistogramId
{IncrementDurationMicroseconds}","{FabricId:{FabricType: NVLink}, SwitchId: {SwitchType: NVLink}, HistogramId: {Id: all}}",,,,QS,,,,L1,L1,NA
,,,List of buckets for a histogram,,,NSM: type-0x00 cmd-0x0D,,,,"2025.1
/redfish/v1/Fabrics/{NVLINK_FABRIC_NAME}_{InstanceId}/Switches/NVSwitch_{InstanceId}/Oem/Nvidia/Histograms/{HISTOGRAM_NAME}_{InstanceId}/Buckets
{Buckets}","2025.1
/redfish/v1/Fabrics/{NVLINK_FABRIC_NAME}_{InstanceId}/Switches/NVSwitch_{InstanceId}/Oem/Nvidia/Histograms/{HISTOGRAM_NAME}_{InstanceId}/Buckets
{Buckets}","2025.1
/redfish/v1/Fabrics/{NVLINK_FABRIC_NAME}_{InstanceId}/Switches/NVSwitch_{InstanceId}/Oem/Nvidia/Histograms/{HISTOGRAM_NAME}_{InstanceId}/Buckets
{Buckets}",,,,,NA,NA,NA,NA,Yes,NA,NA,NA,NA,NA,NA,NA,NA,NA,NA,NA,NA,NA,NA,NA,NA,Available OOB,No,No Impact,10 Sec,,"2025.1
/redfish/v1/Fabrics/{NVLINK_FABRIC_NAME}_{InstanceId}/Switches/NVSwitch_{InstanceId}/Oem/Nvidia/Histograms/{HISTOGRAM_NAME}_{InstanceId}/Buckets
{Buckets}","2025.1
/redfish/v1/Fabrics/$FabricId/Switches/$SwitchId/Oem/Nvidia/Histograms/$HistogramId/Buckets
{Buckets}","{FabricId:{FabricType: NVLink}, SwitchId: {SwitchType: NVLink}, HistogramId: {Id: all}}",,,,QS,,,,L1,L1,NA
,,,Unique identifier for a bucket in a histogram,,,NSM: type-0x00 cmd-0x0E,,,,"2025.1
/redfish/v1/Fabrics/{NVLINK_FABRIC_NAME}_{InstanceId}/Switches/NVSwitch_{InstanceId}/Oem/Nvidia/Histograms/{HISTOGRAM_NAME}_{InstanceId}/Buckets
{Buckets[]{BucketId}}","2025.1
/redfish/v1/Fabrics/{NVLINK_FABRIC_NAME}_{InstanceId}/Switches/NVSwitch_{InstanceId}/Oem/Nvidia/Histograms/{HISTOGRAM_NAME}_{InstanceId}/Buckets
{Buckets[]{BucketId}}","2025.1
/redfish/v1/Fabrics/{NVLINK_FABRIC_NAME}_{InstanceId}/Switches/NVSwitch_{InstanceId}/Oem/Nvidia/Histograms/{HISTOGRAM_NAME}_{InstanceId}/Buckets
{Buckets[]{BucketId}}",,,,,NA,NA,NA,NA,Yes,NA,NA,NA,NA,NA,NA,NA,NA,NA,NA,NA,NA,NA,NA,NA,NA,Available OOB,No,No Impact,1 Hr,,"2025.1
/redfish/v1/Fabrics/{NVLINK_FABRIC_NAME}_{InstanceId}/Switches/NVSwitch_{InstanceId}/Oem/Nvidia/Histograms/{HISTOGRAM_NAME}_{InstanceId}/Buckets
{Buckets[]{BucketId}}","2025.1
/redfish/v1/Fabrics/$FabricId/Switches/$SwitchId/Oem/Nvidia/Histograms/$HistogramId/Buckets
{Buckets[]{BucketId}}","{FabricId:{FabricType: NVLink}, SwitchId: {SwitchType: NVLink}, HistogramId: {Id: all}}",,,,QS,,,,L1,L1,NA
,,,Start bucket,,,NSM: type-0x00 cmd-0x0D,,,,"2025.1
/redfish/v1/Fabrics/{NVLINK_FABRIC_NAME}_{InstanceId}/Switches/NVSwitch_{InstanceId}/Oem/Nvidia/Histograms/{HISTOGRAM_NAME}_{InstanceId}/Buckets
{Buckets[]{Start}}","2025.1
/redfish/v1/Fabrics/{NVLINK_FABRIC_NAME}_{InstanceId}/Switches/NVSwitch_{InstanceId}/Oem/Nvidia/Histograms/{HISTOGRAM_NAME}_{InstanceId}/Buckets
{Buckets[]{Start}}","2025.1
/redfish/v1/Fabrics/{NVLINK_FABRIC_NAME}_{InstanceId}/Switches/NVSwitch_{InstanceId}/Oem/Nvidia/Histograms/{HISTOGRAM_NAME}_{InstanceId}/Buckets
{Buckets[]{Start}}",,,,,NA,NA,NA,NA,Yes,NA,NA,NA,NA,NA,NA,NA,NA,NA,NA,NA,NA,NA,NA,NA,NA,Available OOB,No,No Impact,1 Hr,,"2025.1
/redfish/v1/Fabrics/{NVLINK_FABRIC_NAME}_{InstanceId}/Switches/NVSwitch_{InstanceId}/Oem/Nvidia/Histograms/{HISTOGRAM_NAME}_{InstanceId}/Buckets
{Buckets[]{Start}}","2025.1
/redfish/v1/Fabrics/$FabricId/Switches/$SwitchId/Oem/Nvidia/Histograms/$HistogramId/Buckets
{Buckets[]{Start}}","{FabricId:{FabricType: NVLink}, SwitchId: {SwitchType: NVLink}, HistogramId: {Id: all}}",,,,QS,,,,L1,L1,NA
,,,The offset from the start bucket,,,NSM: type-0x00 cmd-0x0D,,,,"2025.1
/redfish/v1/Fabrics/{NVLINK_FABRIC_NAME}_{InstanceId}/Switches/NVSwitch_{InstanceId}/Oem/Nvidia/Histograms/{HISTOGRAM_NAME}_{InstanceId}/Buckets
{Buckets[]{End}}","2025.1
/redfish/v1/Fabrics/{NVLINK_FABRIC_NAME}_{InstanceId}/Switches/NVSwitch_{InstanceId}/Oem/Nvidia/Histograms/{HISTOGRAM_NAME}_{InstanceId}/Buckets
{Buckets[]{End}}","2025.1
/redfish/v1/Fabrics/{NVLINK_FABRIC_NAME}_{InstanceId}/Switches/NVSwitch_{InstanceId}/Oem/Nvidia/Histograms/{HISTOGRAM_NAME}_{InstanceId}/Buckets
{Buckets[]{End}}",,,,,NA,NA,NA,NA,Yes,NA,NA,NA,NA,NA,NA,NA,NA,NA,NA,NA,NA,NA,NA,NA,NA,Available OOB,No,No Impact,1 Hr,,"2025.1
/redfish/v1/Fabrics/{NVLINK_FABRIC_NAME}_{InstanceId}/Switches/NVSwitch_{InstanceId}/Oem/Nvidia/Histograms/{HISTOGRAM_NAME}_{InstanceId}/Buckets
{Buckets[]{End}}","2025.1
/redfish/v1/Fabrics/$FabricId/Switches/$SwitchId/Oem/Nvidia/Histograms/$HistogramId/Buckets
{Buckets[]{End}}","{FabricId:{FabricType: NVLink}, SwitchId: {SwitchType: NVLink}, HistogramId: {Id: all}}",,,,QS,,,,L1,L1,NA
,,,Value of a bucket,,,NSM: type-0x00 cmd-0x0E,,,,"2025.1
/redfish/v1/Fabrics/{NVLINK_FABRIC_NAME}_{InstanceId}/Switches/NVSwitch_{InstanceId}/Oem/Nvidia/Histograms/{HISTOGRAM_NAME}_{InstanceId}/Buckets
{Buckets[]{Value}}","2025.1
/redfish/v1/Fabrics/{NVLINK_FABRIC_NAME}_{InstanceId}/Switches/NVSwitch_{InstanceId}/Oem/Nvidia/Histograms/{HISTOGRAM_NAME}_{InstanceId}/Buckets
{Buckets[]{Value}}","2025.1
/redfish/v1/Fabrics/{NVLINK_FABRIC_NAME}_{InstanceId}/Switches/NVSwitch_{InstanceId}/Oem/Nvidia/Histograms/{HISTOGRAM_NAME}_{InstanceId}/Buckets
{Buckets[]{Value}}",,,,,NA,NA,NA,NA,Yes,NA,NA,NA,NA,NA,NA,NA,NA,NA,NA,NA,NA,NA,NA,NA,NA,Available OOB,No,No Impact,10 Sec,,"2025.1
/redfish/v1/Fabrics/{NVLINK_FABRIC_NAME}_{InstanceId}/Switches/NVSwitch_{InstanceId}/Oem/Nvidia/Histograms/{HISTOGRAM_NAME}_{InstanceId}/Buckets
{Buckets[]{Value}}","2025.1
/redfish/v1/Fabrics/$FabricId/Switches/$SwitchId/Oem/Nvidia/Histograms/$HistogramId/Buckets
{Buckets[]{Value}}","{FabricId:{FabricType: NVLink}, SwitchId: {SwitchType: NVLink}, HistogramId: {Id: all}}",,,,QS,,,,L1,L1,NA
,,,The bucket units of measure.,,,NSM: type-0x00 cmd-0x0D,,,,"2025.1
/redfish/v1/Fabrics/{NVLINK_FABRIC_NAME}_{InstanceId}/Switches/NVSwitch_{InstanceId}/Ports/NVLink_{InstanceId}/Oem/Nvidia/Histograms/{HISTOGRAM_NAME}_{InstanceId}
{BucketUnits}","2025.1
/redfish/v1/Fabrics/{NVLINK_FABRIC_NAME}_{InstanceId}/Switches/NVSwitch_{InstanceId}/Ports/NVLink_{InstanceId}/Oem/Nvidia/Histograms/{HISTOGRAM_NAME}_{InstanceId}
{BucketUnits}","2025.1
/redfish/v1/Fabrics/{NVLINK_FABRIC_NAME}_{InstanceId}/Switches/NVSwitch_{InstanceId}/Ports/NVLink_{InstanceId}/Oem/Nvidia/Histograms/{HISTOGRAM_NAME}_{InstanceId}
{BucketUnits}",,,,,NA,NA,NA,NA,Yes,NA,NA,NA,NA,NA,NA,NA,NA,NA,NA,NA,NA,NA,NA,NA,NA,Available OOB,No,No Impact,10 Min,,"2025.1
/redfish/v1/Fabrics/{NVLINK_FABRIC_NAME}_{InstanceId}/Switches/NVSwitch_{InstanceId}/Ports/NVLink_{InstanceId}/Oem/Nvidia/Histograms/{HISTOGRAM_NAME}_{InstanceId}
{BucketUnits}","2025.1
/redfish/v1/Fabrics/$FabricId/Switches/$SwitchId/Ports/$PortId/Oem/Nvidia/Histograms/$HistogramId
{BucketUnits}","{FabricId:{FabricType: NVLink}, SwitchId: {SwitchType: NVLink}, PortId: {PortProtocol: NVLink, Id_contains: NVLink}, HistogramId: {Id: all}}",,,,QS,,,,L1,L1,NA
,,,The bucket data format.,,,NSM: type-0x00 cmd-0x0D,,,,"2025.1
/redfish/v1/Fabrics/{NVLINK_FABRIC_NAME}_{InstanceId}/Switches/NVSwitch_{InstanceId}/Ports/NVLink_{InstanceId}/Oem/Nvidia/Histograms/{HISTOGRAM_NAME}_{InstanceId}
{BucketFormat}","2025.1
/redfish/v1/Fabrics/{NVLINK_FABRIC_NAME}_{InstanceId}/Switches/NVSwitch_{InstanceId}/Ports/NVLink_{InstanceId}/Oem/Nvidia/Histograms/{HISTOGRAM_NAME}_{InstanceId}
{BucketFormat}","2025.1
/redfish/v1/Fabrics/{NVLINK_FABRIC_NAME}_{InstanceId}/Switches/NVSwitch_{InstanceId}/Ports/NVLink_{InstanceId}/Oem/Nvidia/Histograms/{HISTOGRAM_NAME}_{InstanceId}
{BucketFormat}",,,,,NA,NA,NA,NA,Yes,NA,NA,NA,NA,NA,NA,NA,NA,NA,NA,NA,NA,NA,NA,NA,NA,Available OOB,No,No Impact,10 Min,,"2025.1
/redfish/v1/Fabrics/{NVLINK_FABRIC_NAME}_{InstanceId}/Switches/NVSwitch_{InstanceId}/Ports/NVLink_{InstanceId}/Oem/Nvidia/Histograms/{HISTOGRAM_NAME}_{InstanceId}
{BucketFormat}","2025.1
/redfish/v1/Fabrics/$FabricId/Switches/$SwitchId/Ports/$PortId/Oem/Nvidia/Histograms/$HistogramId
{BucketFormat}","{FabricId:{FabricType: NVLink}, SwitchId: {SwitchType: NVLink}, PortId: {PortProtocol: NVLink, Id_contains: NVLink}, HistogramId: {Id: all}}",,,,QS,,,,L1,L1,NA
,,,The accumulation cycle indicator. The value of this property increments on histogram counters reset.,,,NSM: type-0x00 cmd-0x0D,,,,"2025.1
/redfish/v1/Fabrics/{NVLINK_FABRIC_NAME}_{InstanceId}/Switches/NVSwitch_{InstanceId}/Ports/NVLink_{InstanceId}/Oem/Nvidia/Histograms/{HISTOGRAM_NAME}_{InstanceId}
{AccumulationCycle}","2025.1
/redfish/v1/Fabrics/{NVLINK_FABRIC_NAME}_{InstanceId}/Switches/NVSwitch_{InstanceId}/Ports/NVLink_{InstanceId}/Oem/Nvidia/Histograms/{HISTOGRAM_NAME}_{InstanceId}
{AccumulationCycle}","2025.1
/redfish/v1/Fabrics/{NVLINK_FABRIC_NAME}_{InstanceId}/Switches/NVSwitch_{InstanceId}/Ports/NVLink_{InstanceId}/Oem/Nvidia/Histograms/{HISTOGRAM_NAME}_{InstanceId}
{AccumulationCycle}",,,,,NA,NA,NA,NA,Yes,NA,NA,NA,NA,NA,NA,NA,NA,NA,NA,NA,NA,NA,NA,NA,NA,Available OOB,No,No Impact,10 Sec,,"2025.1
/redfish/v1/Fabrics/{NVLINK_FABRIC_NAME}_{InstanceId}/Switches/NVSwitch_{InstanceId}/Ports/NVLink_{InstanceId}/Oem/Nvidia/Histograms/{HISTOGRAM_NAME}_{InstanceId}
{AccumulationCycle}","2025.1
/redfish/v1/Fabrics/$FabricId/Switches/$SwitchId/Ports/$PortId/Oem/Nvidia/Histograms/$HistogramId
{AccumulationCycle}","{FabricId:{FabricType: NVLink}, SwitchId: {SwitchType: NVLink}, PortId: {PortProtocol: NVLink, Id_contains: NVLink}, HistogramId: {Id: all}}",,,,QS,,,,L1,L1,NA
,,,The recommended shortest time of sampling this histogram in milliseconds,,,NSM: type-0x00 cmd-0x0D,,,,"2025.1
/redfish/v1/Fabrics/{NVLINK_FABRIC_NAME}_{InstanceId}/Switches/NVSwitch_{InstanceId}/Ports/NVLink_{InstanceId}/Oem/Nvidia/Histograms/{HISTOGRAM_NAME}_{InstanceId}
{UpdatePeriodMilliseconds}","2025.1
/redfish/v1/Fabrics/{NVLINK_FABRIC_NAME}_{InstanceId}/Switches/NVSwitch_{InstanceId}/Ports/NVLink_{InstanceId}/Oem/Nvidia/Histograms/{HISTOGRAM_NAME}_{InstanceId}
{UpdatePeriodMilliseconds}","2025.1
/redfish/v1/Fabrics/{NVLINK_FABRIC_NAME}_{InstanceId}/Switches/NVSwitch_{InstanceId}/Ports/NVLink_{InstanceId}/Oem/Nvidia/Histograms/{HISTOGRAM_NAME}_{InstanceId}
{UpdatePeriodMilliseconds}",,,,,NA,NA,NA,NA,Yes,NA,NA,NA,NA,NA,NA,NA,NA,NA,NA,NA,NA,NA,NA,NA,NA,Available OOB,No,No Impact,10 Min,,"2025.1
/redfish/v1/Fabrics/{NVLINK_FABRIC_NAME}_{InstanceId}/Switches/NVSwitch_{InstanceId}/Ports/NVLink_{InstanceId}/Oem/Nvidia/Histograms/{HISTOGRAM_NAME}_{InstanceId}
{UpdatePeriodMilliseconds}","2025.1
/redfish/v1/Fabrics/$FabricId/Switches/$SwitchId/Ports/$PortId/Oem/Nvidia/Histograms/$HistogramId
{UpdatePeriodMilliseconds}","{FabricId:{FabricType: NVLink}, SwitchId: {SwitchType: NVLink}, PortId: {PortProtocol: NVLink, Id_contains: NVLink}, HistogramId: {Id: all}}",,,,QS,,,,L1,L1,NA
,,,Time duration of an incrementin the buckets in microseconds,,,NSM: type-0x00 cmd-0x0D,,,,"2025.1
/redfish/v1/Fabrics/{NVLINK_FABRIC_NAME}_{InstanceId}/Switches/NVSwitch_{InstanceId}/Ports/NVLink_{InstanceId}/Oem/Nvidia/Histograms/{HISTOGRAM_NAME}_{InstanceId}{IncrementDurationMicroseconds}","2025.1
/redfish/v1/Fabrics/{NVLINK_FABRIC_NAME}_{InstanceId}/Switches/NVSwitch_{InstanceId}/Ports/NVLink_{InstanceId}/Oem/Nvidia/Histograms/{HISTOGRAM_NAME}_{InstanceId}{IncrementDurationMicroseconds}","2025.1
/redfish/v1/Fabrics/{NVLINK_FABRIC_NAME}_{InstanceId}/Switches/NVSwitch_{InstanceId}/Ports/NVLink_{InstanceId}/Oem/Nvidia/Histograms/{HISTOGRAM_NAME}_{InstanceId}{IncrementDurationMicroseconds}",,,,,NA,NA,NA,NA,Yes,NA,NA,NA,NA,NA,NA,NA,NA,NA,NA,NA,NA,NA,NA,NA,NA,Available OOB,No,No Impact,10 Sec,,"2025.1
/redfish/v1/Fabrics/{NVLINK_FABRIC_NAME}_{InstanceId}/Switches/NVSwitch_{InstanceId}/Ports/NVLink_{InstanceId}/Oem/Nvidia/Histograms/{HISTOGRAM_NAME}_{InstanceId}{IncrementDurationMicroseconds}","2025.1
/redfish/v1/Fabrics/$FabricId/Switches/$SwitchId/Ports/$PortId/Oem/Nvidia/Histograms/$HistogramId
{IncrementDurationMicroseconds}","{FabricId:{FabricType: NVLink}, SwitchId: {SwitchType: NVLink}, PortId: {PortProtocol: NVLink, Id_contains: NVLink}, HistogramId: {Id: all}}",,,,QS,,,,L1,L1,NA
,,,List of buckets for a histogram,,,NSM: type-0x00 cmd-0x0D,,,,"2025.1
/redfish/v1/Fabrics/{NVLINK_FABRIC_NAME}_{InstanceId}/Switches/NVSwitch_{InstanceId}/Ports/NVLink_{InstanceId}/Oem/Nvidia/Histograms/{HISTOGRAM_NAME}_{InstanceId}/Buckets
{Buckets}","2025.1
/redfish/v1/Fabrics/{NVLINK_FABRIC_NAME}_{InstanceId}/Switches/NVSwitch_{InstanceId}/Ports/NVLink_{InstanceId}/Oem/Nvidia/Histograms/{HISTOGRAM_NAME}_{InstanceId}/Buckets
{Buckets}","2025.1
/redfish/v1/Fabrics/{NVLINK_FABRIC_NAME}_{InstanceId}/Switches/NVSwitch_{InstanceId}/Ports/NVLink_{InstanceId}/Oem/Nvidia/Histograms/{HISTOGRAM_NAME}_{InstanceId}/Buckets
{Buckets}",,,,,NA,NA,NA,NA,Yes,NA,NA,NA,NA,NA,NA,NA,NA,NA,NA,NA,NA,NA,NA,NA,NA,Available OOB,No,No Impact,10 Sec,,"2025.1
/redfish/v1/Fabrics/{NVLINK_FABRIC_NAME}_{InstanceId}/Switches/NVSwitch_{InstanceId}/Ports/NVLink_{InstanceId}/Oem/Nvidia/Histograms/{HISTOGRAM_NAME}_{InstanceId}/Buckets
{Buckets}","2025.1
/redfish/v1/Fabrics/$FabricId/Switches/$SwitchId/Ports/$PortId/Oem/Nvidia/Histograms/$HistogramId/Buckets
{Buckets}","{FabricId:{FabricType: NVLink}, SwitchId: {SwitchType: NVLink}, PortId: {PortProtocol: NVLink, Id_contains: NVLink}, HistogramId: {Id: all}}",,,,QS,,,,L1,L1,NA
,,,Unique identifier for a bucket in a histogram,,,NSM: type-0x00 cmd-0x0E,,,,"2025.1
/redfish/v1/Fabrics/{NVLINK_FABRIC_NAME}_{InstanceId}/Switches/NVSwitch_{InstanceId}/Ports/NVLink_{InstanceId}/Oem/Nvidia/Histograms/{HISTOGRAM_NAME}_{InstanceId}/Buckets
{Buckets[]{BucketId}}","2025.1
/redfish/v1/Fabrics/{NVLINK_FABRIC_NAME}_{InstanceId}/Switches/NVSwitch_{InstanceId}/Ports/NVLink_{InstanceId}/Oem/Nvidia/Histograms/{HISTOGRAM_NAME}_{InstanceId}/Buckets
{Buckets[]{BucketId}}","2025.1
/redfish/v1/Fabrics/{NVLINK_FABRIC_NAME}_{InstanceId}/Switches/NVSwitch_{InstanceId}/Ports/NVLink_{InstanceId}/Oem/Nvidia/Histograms/{HISTOGRAM_NAME}_{InstanceId}/Buckets
{Buckets[]{BucketId}}",,,,,NA,NA,NA,NA,Yes,NA,NA,NA,NA,NA,NA,NA,NA,NA,NA,NA,NA,NA,NA,NA,NA,Available OOB,No,No Impact,1 Hr,,"2025.1
/redfish/v1/Fabrics/{NVLINK_FABRIC_NAME}_{InstanceId}/Switches/NVSwitch_{InstanceId}/Ports/NVLink_{InstanceId}/Oem/Nvidia/Histograms/{HISTOGRAM_NAME}_{InstanceId}/Buckets
{Buckets[]{BucketId}}","2025.1
/redfish/v1/Fabrics/$FabricId/Switches/$SwitchId/Ports/$PortId/Oem/Nvidia/Histograms/$HistogramId/Buckets
{Buckets[]{BucketId}}","{FabricId:{FabricType: NVLink}, SwitchId: {SwitchType: NVLink}, PortId: {PortProtocol: NVLink, Id_contains: NVLink}, HistogramId: {Id: all}}",,,,QS,,,,L1,L1,NA
,,,Start bucket,,,NSM: type-0x00 cmd-0x0D,,,,"2025.1
/redfish/v1/Fabrics/{NVLINK_FABRIC_NAME}_{InstanceId}/Switches/NVSwitch_{InstanceId}/Ports/NVLink_{InstanceId}/Oem/Nvidia/Histograms/{HISTOGRAM_NAME}_{InstanceId}/Buckets
{Buckets[]{Start}}","2025.1
/redfish/v1/Fabrics/{NVLINK_FABRIC_NAME}_{InstanceId}/Switches/NVSwitch_{InstanceId}/Ports/NVLink_{InstanceId}/Oem/Nvidia/Histograms/{HISTOGRAM_NAME}_{InstanceId}/Buckets
{Buckets[]{Start}}","2025.1
/redfish/v1/Fabrics/{NVLINK_FABRIC_NAME}_{InstanceId}/Switches/NVSwitch_{InstanceId}/Ports/NVLink_{InstanceId}/Oem/Nvidia/Histograms/{HISTOGRAM_NAME}_{InstanceId}/Buckets
{Buckets[]{Start}}",,,,,NA,NA,NA,NA,Yes,NA,NA,NA,NA,NA,NA,NA,NA,NA,NA,NA,NA,NA,NA,NA,NA,Available OOB,No,No Impact,1 Hr,,"2025.1
/redfish/v1/Fabrics/{NVLINK_FABRIC_NAME}_{InstanceId}/Switches/NVSwitch_{InstanceId}/Ports/NVLink_{InstanceId}/Oem/Nvidia/Histograms/{HISTOGRAM_NAME}_{InstanceId}/Buckets
{Buckets[]{Start}}","2025.1
/redfish/v1/Fabrics/$FabricId/Switches/$SwitchId/Ports/$PortId/Oem/Nvidia/Histograms/$HistogramId/Buckets
{Buckets[]{Start}}","{FabricId:{FabricType: NVLink}, SwitchId: {SwitchType: NVLink}, PortId: {PortProtocol: NVLink, Id_contains: NVLink}, HistogramId: {Id: all}}",,,,QS,,,,L1,L1,NA
,,,The offset from the start bucket,,,NSM: type-0x00 cmd-0x0D,,,,"2025.1
/redfish/v1/Fabrics/{NVLINK_FABRIC_NAME}_{InstanceId}/Switches/NVSwitch_{InstanceId}/Ports/NVLink_{InstanceId}/Oem/Nvidia/Histograms/{HISTOGRAM_NAME}_{InstanceId}/Buckets
{Buckets[]{End}}","2025.1
/redfish/v1/Fabrics/{NVLINK_FABRIC_NAME}_{InstanceId}/Switches/NVSwitch_{InstanceId}/Ports/NVLink_{InstanceId}/Oem/Nvidia/Histograms/{HISTOGRAM_NAME}_{InstanceId}/Buckets
{Buckets[]{End}}","2025.1
/redfish/v1/Fabrics/{NVLINK_FABRIC_NAME}_{InstanceId}/Switches/NVSwitch_{InstanceId}/Ports/NVLink_{InstanceId}/Oem/Nvidia/Histograms/{HISTOGRAM_NAME}_{InstanceId}/Buckets
{Buckets[]{End}}",,,,,NA,NA,NA,NA,Yes,NA,NA,NA,NA,NA,NA,NA,NA,NA,NA,NA,NA,NA,NA,NA,NA,Available OOB,No,No Impact,1 Hr,,"2025.1
/redfish/v1/Fabrics/{NVLINK_FABRIC_NAME}_{InstanceId}/Switches/NVSwitch_{InstanceId}/Ports/NVLink_{InstanceId}/Oem/Nvidia/Histograms/{HISTOGRAM_NAME}_{InstanceId}/Buckets
{Buckets[]{End}}","2025.1
/redfish/v1/Fabrics/$FabricId/Switches/$SwitchId/Ports/$PortId/Oem/Nvidia/Histograms/$HistogramId/Buckets
{Buckets[]{End}}","{FabricId:{FabricType: NVLink}, SwitchId: {SwitchType: NVLink}, PortId: {PortProtocol: NVLink, Id_contains: NVLink}, HistogramId: {Id: all}}",,,,QS,,,,L1,L1,NA
,,,Value of a bucket,,,NSM: type-0x00 cmd-0x0E,,,,"2025.1
/redfish/v1/Fabrics/{NVLINK_FABRIC_NAME}_{InstanceId}/Switches/NVSwitch_{InstanceId}/Ports/NVLink_{InstanceId}/Oem/Nvidia/Histograms/{HISTOGRAM_NAME}_{InstanceId}/Buckets
{Buckets[]{Value}}","2025.1
/redfish/v1/Fabrics/{NVLINK_FABRIC_NAME}_{InstanceId}/Switches/NVSwitch_{InstanceId}/Ports/NVLink_{InstanceId}/Oem/Nvidia/Histograms/{HISTOGRAM_NAME}_{InstanceId}/Buckets
{Buckets[]{Value}}","2025.1
/redfish/v1/Fabrics/{NVLINK_FABRIC_NAME}_{InstanceId}/Switches/NVSwitch_{InstanceId}/Ports/NVLink_{InstanceId}/Oem/Nvidia/Histograms/{HISTOGRAM_NAME}_{InstanceId}/Buckets
{Buckets[]{Value}}",,,,,NA,NA,NA,NA,Yes,NA,NA,NA,NA,NA,NA,NA,NA,NA,NA,NA,NA,NA,NA,NA,NA,Available OOB,No,No Impact,10 Sec,,"2025.1
/redfish/v1/Fabrics/{NVLINK_FABRIC_NAME}_{InstanceId}/Switches/NVSwitch_{InstanceId}/Ports/NVLink_{InstanceId}/Oem/Nvidia/Histograms/{HISTOGRAM_NAME}_{InstanceId}/Buckets
{Buckets[]{Value}}","2025.1
/redfish/v1/Fabrics/$FabricId/Switches/$SwitchId/Ports/$PortId/Oem/Nvidia/Histograms/$HistogramId/Buckets
{Buckets[]{Value}}","{FabricId:{FabricType: NVLink}, SwitchId: {SwitchType: NVLink}, PortId: {PortProtocol: NVLink, Id_contains: NVLink}, HistogramId: {Id: all}}",,,,QS,,,,L1,L1,NA
,,,Fabric manager state,,,NSM: type-0x01 cmd-0x0E,,,,"2025.1
/redfish/v1/Fabrics/{NVLINK_FABRIC_NAME}_{InstanceId}/Switches/NVSwitch_{InstanceId}
{Oem{Nvidia{FabricManager{State}}}}","2025.1
/redfish/v1/Fabrics/{NVLINK_FABRIC_NAME}_{InstanceId}/Switches/NVSwitch_{InstanceId}
{Oem{Nvidia{FabricManager{State}}}}",NA,,,,,NA,NA,NA,NA,Yes,NA,NA,NA,NA,NA,NA,NA,NA,NA,NA,NA,NA,NA,NA,NA,NA,Available OOB,No,No Impact,10 Sec,,"2025.1
/redfish/v1/Fabrics/{NVLINK_FABRIC_NAME}_{InstanceId}/Switches/NVSwitch_{InstanceId}
{Oem{Nvidia{FabricManager{State}}}}","2025.1
/redfish/v1/Fabrics/$FabricId/Switches/$SwitchId
{Oem{Nvidia{FabricManager{State}}}}","{FabricId:{FabricType: NVLink}, SwitchId: {SwitchType: NVLink}}",,,,QS,,,,L1,L1,NA
,,,The status for a report received from the fabric manager.,,,NSM: type-0x01 cmd-0x0E,,,,"2025.1
/redfish/v1/Fabrics/{NVLINK_FABRIC_NAME}_{InstanceId}/Switches/NVSwitch_{InstanceId}
{Oem{Nvidia{FabricManager{ReportStatus}}}}","2025.1
/redfish/v1/Fabrics/{NVLINK_FABRIC_NAME}_{InstanceId}/Switches/NVSwitch_{InstanceId}
{Oem{Nvidia{FabricManager{ReportStatus}}}}",NA,,,,,NA,NA,NA,NA,Yes,NA,NA,NA,NA,NA,NA,NA,NA,NA,NA,NA,NA,NA,NA,NA,NA,Available OOB,No,No Impact,10 Sec,,"2025.1
/redfish/v1/Fabrics/{NVLINK_FABRIC_NAME}_{InstanceId}/Switches/NVSwitch_{InstanceId}
{Oem{Nvidia{FabricManager{ReportStatus}}}}","2025.1
/redfish/v1/Fabrics/$FabricId/Switches/$SwitchId
{Oem{Nvidia{FabricManager{ReportStatus}}}}","{FabricId:{FabricType: NVLink}, SwitchId: {SwitchType: NVLink}}",,,,QS,,,,L1,L1,NA
,,,The date and time when the fabric manager associated with the switch last came out of a reset or was rebooted.,,,NSM: type-0x01 cmd-0x0E,,,,"2025.1
/redfish/v1/Fabrics/{NVLINK_FABRIC_NAME}_{InstanceId}/Switches/NVSwitch_{InstanceId}
{Oem{Nvidia{FabricManager{LastResetTime}}}}","2025.1
/redfish/v1/Fabrics/{NVLINK_FABRIC_NAME}_{InstanceId}/Switches/NVSwitch_{InstanceId}
{Oem{Nvidia{FabricManager{LastResetTime}}}}",NA,,,,,NA,NA,NA,NA,Yes,NA,NA,NA,NA,NA,NA,NA,NA,NA,NA,NA,NA,NA,NA,NA,NA,Available OOB,No,No Impact,10 Sec,,"2025.1
/redfish/v1/Fabrics/{NVLINK_FABRIC_NAME}_{InstanceId}/Switches/NVSwitch_{InstanceId}
{Oem{Nvidia{FabricManager{LastResetTime}}}}","2025.1
/redfish/v1/Fabrics/$FabricId/Switches/$SwitchId
{Oem{Nvidia{FabricManager{LastResetTime}}}}","{FabricId:{FabricType: NVLink}, SwitchId: {SwitchType: NVLink}}",,,,QS,,,,L1,L1,NA
,,,"The time passed since last restart, in seconds.",,,NSM: type-0x01 cmd-0x0E,,,,"2025.1
/redfish/v1/Fabrics/{NVLINK_FABRIC_NAME}_{InstanceId}/Switches/NVSwitch_{InstanceId}
{Oem{Nvidia{FabricManager{DurationSinceLastRestartSeconds}}}}","2025.1
/redfish/v1/Fabrics/{NVLINK_FABRIC_NAME}_{InstanceId}/Switches/NVSwitch_{InstanceId}
{Oem{Nvidia{FabricManager{DurationSinceLastRestartSeconds}}}}",NA,,,,,NA,NA,NA,NA,Yes,NA,NA,NA,NA,NA,NA,NA,NA,NA,NA,NA,NA,NA,NA,NA,NA,Available OOB,No,No Impact,10 Sec,,"2025.1
/redfish/v1/Fabrics/{NVLINK_FABRIC_NAME}_{InstanceId}/Switches/NVSwitch_{InstanceId}
{Oem{Nvidia{FabricManager{DurationSinceLastRestartSeconds}}}}","2025.1
/redfish/v1/Fabrics/$FabricId/Switches/$SwitchId
{Oem{Nvidia{FabricManager{DurationSinceLastRestartSeconds}}}}","{FabricId:{FabricType: NVLink}, SwitchId: {SwitchType: NVLink}}",,,,QS,,,,L1,L1,NA
,,,"EEPROM Write Protect status for devices on baseboard (Retimers, FRU EEPROM, PCIe Switch, NVSwitch, GPU, HMC)",,,"SMBPBI: (0xB4,[0xFE-0xFF],Unused)",NA,NA,NA,"2022.1f
/redfish/v1/Chassis/HGX_Chassis_{InstanceId}
{Oem{Nvidia{HardwareWriteProtectedControl}}}","2022.1f
/redfish/v1/Chassis/HGX_Chassis_{InstanceId}
{Oem{Nvidia{HardwareWriteProtectedControl}}}","2022.1f
/redfish/v1/Chassis/Baseboard_{InstanceId}
{Oem{Nvidia{HardwareWriteProtectedControl}}}",,,,,NA,NA,NA,Yes,Yes,Yes,Yes,NA,NA,NA,NA,NA,Yes,Yes,Yes,Yes,Yes,Yes,Yes,,,Available OOB,No,No Impact,1 Hr,30,"2022.1f
/redfish/v1/Chassis/{CHASSIS_NAME}_{InstanceId}
{Oem{Nvidia{HardwareWriteProtectedControl}}}","2022.1f
/redfish/v1/Chassis/$ChassisId
{Oem{Nvidia{HardwareWriteProtectedControl}}}","{ChassisId:{ChassisType: {anyOf: [Zone, RackMount]}, Id_contains: {not: [GPU, FPGA, NVSwitch, BMC, PCIeRetimer, NIC, CPU, PCIeSwitch, RoT]}}}",,,,ES,,,,L0,L1,NA
,,,Alert Temperature Threshold,,,"SMBPBI: (0x15,<see below>,0x01 = Alert/0x02 = OVERT))
Arg1:  
0x90-0x93: PCB Temp 1-4
0xB0-0xB1: Inlet 1-2
0xC0-0xCA: HSC1-10, STBY
0xCC:  HSC 11

Does not appear that OVERT is defined for any of these devices",NA,NA,NA,"2021.1c
/redfish/v1/Chassis/HGX_Chassis_{InstanceId}/Sensors/HGX_Chassis_{InstanceId}_PCB_{InstanceId}_Temp_{InstanceId}
{Thresholds{UpperCritical{Reading}}}","2021.1c
/redfish/v1/Chassis/HGX_Chassis_{InstanceId}/Sensors/HGX_Chassis_{InstanceId}_PCB_{InstanceId}_Temp_{InstanceId}
{Thresholds{UpperCritical{Reading}}}","2021.1c
/redfish/v1/Chassis/Baseboard_{InstanceId}/Sensors/Baseboard_{InstanceId}_PCB_{InstanceId}_Temp_{InstanceId}
{Thresholds{UpperCritical{Reading}}}",,,,,NA,NA,NA,Yes,Yes,Yes,Yes,NA,NA,NA,NA,NA,Yes,Yes,Yes,Yes,Yes,Yes,Yes,,,Available OOB,No,No Impact,1 Hr,30,"2021.1c
/redfish/v1/Chassis/{CHASSIS_NAME}_{InstanceId}/Sensors/{CHASSIS_NAME}_{InstanceId}_PCB_{InstanceId}_Temp_{InstanceId}
{Thresholds{UpperCritical{Reading}}}","2021.1c
/redfish/v1/Chassis/$ChassisId/Sensors/$SensorId
{Thresholds{UpperCritical{Reading}}}","{ChassisId:{ChassisType: {anyOf: [Zone, RackMount]}, Id_contains: {not: [GPU, FPGA, NVSwitch, BMC, PCIeRetimer, NIC, CPU, PCIeSwitch, RoT]}}, SensorId: {ReadingType: Temperature, Id_Contains: PCB}}",,,,ES,,,,"L0, R1","L1, R1",NA
,,,Chassis Part Number,,,"SMBPBI: (0x05,[0xC1],[0x00])",NA,NA,NA,"2022.1e
/redfish/v1/Chassis/HGX_Chassis_{InstanceId}
{PartNumber}","2022.1e
/redfish/v1/Chassis/HGX_Chassis_{InstanceId}
{PartNumber}","2022.1e
/redfish/v1/Chassis/Baseboard_{InstanceId}
{PartNumber}",,,,,NA,NA,NA,Yes,Yes,Yes,Yes,NA,NA,NA,NA,NA,Yes,Yes,Yes,Yes,Yes,Yes,Yes,Yes,,Available OOB,No,No Impact,1 Hr,30,"2022.1e
/redfish/v1/Chassis/{CHASSIS_NAME}_{InstanceId}
{PartNumber}","2022.1e
/redfish/v1/Chassis/$ChassisId
{PartNumber}","{ChassisId:{ChassisType: {anyOf: [Zone, RackMount]}, Id_contains: {not: [GPU, FPGA, NVSwitch, BMC, PCIeRetimer, NIC, CPU, PCIeSwitch, RoT]}}}",,,Y,ES Factory,,,,L0,L1,NA
,,,Chassis Serial Number,,,"SMBPBI: (0x05,[0xC2],[0x00])",NA,NA,NA,"2022.1e
/redfish/v1/Chassis/HGX_Chassis_{InstanceId}
{SerialNumber}","2022.1e
/redfish/v1/Chassis/HGX_Chassis_{InstanceId}
{SerialNumber}","2022.1e
/redfish/v1/Chassis/Baseboard_{InstanceId}
{SerialNumber}",,,,,NA,NA,NA,Yes,Yes,Yes,Yes,NA,NA,NA,NA,NA,Yes,Yes,Yes,Yes,Yes,Yes,Yes,Yes,,Available OOB,No,No Impact,1 Hr,30,"2022.1e
/redfish/v1/Chassis/{CHASSIS_NAME}_{InstanceId}
{SerialNumber}","2022.1e
/redfish/v1/Chassis/$ChassisId
{SerialNumber}","{ChassisId:{ChassisType: {anyOf: [Zone, RackMount]}, Id_contains: {not: [GPU, FPGA, NVSwitch, BMC, PCIeRetimer, NIC, CPU, PCIeSwitch, RoT]}}}",,,Y,ES Factory,,,,L0,L1,NA
,,,Board Manufacture Date (via BB SMBPBI),,,"SMBPBI: (0x05,[0xC3],[0x00])",NA,NA,NA,"2021.1c
/redfish/v1/Chassis/HGX_Chassis_{InstanceId}/Assembly
{Assemblies[0]{ProductionDate}}","2021.1c
/redfish/v1/Chassis/HGX_Chassis_{InstanceId}/Assembly
{Assemblies[0]{ProductionDate}}","2021.1c
/redfish/v1/Chassis/Baseboard_{InstanceId}/Assembly
{Assemblies[0]{ProductionDate}}",,,,,NA,NA,NA,Yes,Yes,Yes,Yes,NA,NA,NA,NA,NA,Yes,Yes,Yes,Yes,Yes,Yes,Yes,,,Available OOB,No,No Impact,1 Hr,30,"2021.1c
/redfish/v1/Chassis/{CHASSIS_NAME}_{InstanceId}/Assembly
{Assemblies[0]{ProductionDate}}","2021.1c
/redfish/v1/Chassis/$ChassisId/Assembly
{Assemblies[0]{ProductionDate}}","{ChassisId:{ChassisType: {anyOf: [Zone, RackMount]}, Id_contains: {not: [GPU, FPGA, NVSwitch, BMC, PCIeRetimer, NIC, CPU, PCIeSwitch, RoT]}}}",,,Y,ES,,,,L0,L1,NA
,,,Board Product Name (via BB SMBPBI),,,"SMBPBI: (0x05,[0xC5],[0x00])",NA,NA,NA,"2021.1c
/redfish/v1/Chassis/HGX_Chassis_{InstanceId}/Assembly
{Assemblies[0]{Model}}","2021.1c
/redfish/v1/Chassis/HGX_Chassis_{InstanceId}/Assembly
{Assemblies[0]{Model}}","2021.1c
/redfish/v1/Chassis/Baseboard_{InstanceId}/Assembly
{Assemblies[0]{Model}}",,,,,NA,NA,NA,Yes,Yes,Yes,Yes,NA,NA,NA,NA,NA,Yes,Yes,Yes,Yes,Yes,Yes,Yes,,,Available OOB,No,No Impact,1 Hr,30,"2021.1c
/redfish/v1/Chassis/{CHASSIS_NAME}_{InstanceId}/Assembly
{Assemblies[0]{Model}}","2021.1c
/redfish/v1/Chassis/$ChassisId/Assembly
{Assemblies[0]{Model}}","{ChassisId:{ChassisType: {anyOf: [Zone, RackMount]}, Id_contains: {not: [GPU, FPGA, NVSwitch, BMC, PCIeRetimer, NIC, CPU, PCIeSwitch, RoT]}}}",,,Y,ES,,,,L0,L1,NA
,,,Board Serial Number (via BB SMBPBI),,,"SMBPBI: (0x05,[0xC6],[0x00])",NA,NA,NA,"2021.1c
/redfish/v1/Chassis/HGX_Chassis_{InstanceId}/Assembly
{Assemblies[0]{SerialNumber}}","2021.1c
/redfish/v1/Chassis/HGX_Chassis_{InstanceId}/Assembly
{Assemblies[0]{SerialNumber}}","2021.1c
/redfish/v1/Chassis/Baseboard_{InstanceId}/Assembly
{Assemblies[0]{SerialNumber}}",,,,,NA,NA,NA,Yes,Yes,Yes,Yes,NA,NA,NA,NA,NA,Yes,Yes,Yes,Yes,Yes,Yes,Yes,,,Available OOB,No,No Impact,1 Hr,30,"2021.1c
/redfish/v1/Chassis/{CHASSIS_NAME}_{InstanceId}/Assembly
{Assemblies[0]{SerialNumber}}","2021.1c
/redfish/v1/Chassis/$ChassisId/Assembly
{Assemblies[0]{SerialNumber}}","{ChassisId:{ChassisType: {anyOf: [Zone, RackMount]}, Id_contains: {not: [GPU, FPGA, NVSwitch, BMC, PCIeRetimer, NIC, CPU, PCIeSwitch, RoT]}}}",,,Y,ES,,,,L0,L1,NA
,,,Board Part Number (via BB SMBPBI),,,"SMBPBI: (0x05,[0xC7],[0x00])",NA,NA,NA,"2021.1c
/redfish/v1/Chassis/HGX_Chassis_{InstanceId}/Assembly
{Assemblies[0]{PartNumber}}","2021.1c
/redfish/v1/Chassis/HGX_Chassis_{InstanceId}/Assembly
{Assemblies[0]{PartNumber}}","2021.1c
/redfish/v1/Chassis/Baseboard_{InstanceId}/Assembly
{Assemblies[0]{PartNumber}}",,,,,NA,NA,NA,Yes,Yes,Yes,Yes,NA,NA,NA,NA,NA,Yes,Yes,Yes,Yes,Yes,Yes,Yes,,,Available OOB,No,No Impact,1 Hr,30,"2021.1c
/redfish/v1/Chassis/{CHASSIS_NAME}_{InstanceId}/Assembly
{Assemblies[0]{PartNumber}}","2021.1c
/redfish/v1/Chassis/$ChassisId/Assembly
{Assemblies[0]{PartNumber}}","{ChassisId:{ChassisType: {anyOf: [Zone, RackMount]}, Id_contains: {not: [GPU, FPGA, NVSwitch, BMC, PCIeRetimer, NIC, CPU, PCIeSwitch, RoT]}}}",,,Y,ES,,,,L0,L1,NA
,,,Product Name (via BB SMBPBI),,,"SMBPBI: (0x05,[0xC9],[0x00])",NA,NA,NA,"2021.1c
/redfish/v1/Chassis/HGX_Chassis_{InstanceId}/Assembly
{Assemblies[1]{Model}}","2021.1c
/redfish/v1/Chassis/HGX_Chassis_{InstanceId}/Assembly
{Assemblies[1]{Model}}","2021.1c
/redfish/v1/Chassis/Baseboard_{InstanceId}/Assembly
{Assemblies[1]{Model}}",,,,,NA,NA,NA,Yes,Yes,Yes,Yes,NA,NA,NA,NA,NA,Yes,Yes,Yes,Yes,Yes,Yes,Yes,,,Available OOB,No,No Impact,1 Hr,30,"2021.1c
/redfish/v1/Chassis/{CHASSIS_NAME}_{InstanceId}/Assembly
{Assemblies[1]{Model}}","2021.1c
/redfish/v1/Chassis/$ChassisId/Assembly
{Assemblies[1]{Model}}","{ChassisId:{ChassisType: {anyOf: [Zone, RackMount]}, Id_contains: {not: [GPU, FPGA, NVSwitch, BMC, PCIeRetimer, NIC, CPU, PCIeSwitch, RoT]}}}",,,Y,ES,,,,L0,L1,NA
,,,Product Part Number (via BB SMBPBI),,,"SMBPBI: (0x05,[0xCA],[0x00])",NA,NA,NA,"2021.1c
/redfish/v1/Chassis/HGX_Chassis_{InstanceId}/Assembly
{Assemblies[1]{PartNumber}}","2021.1c
/redfish/v1/Chassis/HGX_Chassis_{InstanceId}/Assembly
{Assemblies[1]{PartNumber}}","2021.1c
/redfish/v1/Chassis/Baseboard_{InstanceId}/Assembly
{Assemblies[1]{PartNumber}}",,,,,NA,NA,NA,Yes,Yes,Yes,Yes,NA,NA,NA,NA,NA,Yes,Yes,Yes,Yes,Yes,Yes,Yes,,,Available OOB,No,No Impact,1 Hr,30,"2021.1c
/redfish/v1/Chassis/{CHASSIS_NAME}_{InstanceId}/Assembly
{Assemblies[1]{PartNumber}}","2021.1c
/redfish/v1/Chassis/$ChassisId/Assembly
{Assemblies[1]{PartNumber}}","{ChassisId:{ChassisType: {anyOf: [Zone, RackMount]}, Id_contains: {not: [GPU, FPGA, NVSwitch, BMC, PCIeRetimer, NIC, CPU, PCIeSwitch, RoT]}}}",,,Y,ES,,,,L0,L1,NA
,,,Product Serial Number (via BB SMBPBI),,,"SMBPBI: (0x05,[0xCC],[0x00])",NA,NA,NA,"2021.1c
/redfish/v1/Chassis/HGX_Chassis_{InstanceId}/Assembly
{Assemblies[1]{SerialNumber}}","2021.1c
/redfish/v1/Chassis/HGX_Chassis_{InstanceId}/Assembly
{Assemblies[1]{SerialNumber}}","2021.1c
/redfish/v1/Chassis/Baseboard_{InstanceId}/Assembly
{Assemblies[1]{SerialNumber}}",,,,,NA,NA,NA,Yes,Yes,Yes,Yes,NA,NA,NA,NA,NA,Yes,Yes,Yes,Yes,Yes,Yes,Yes,,,Available OOB,No,No Impact,1 Hr,30,"2021.1c
/redfish/v1/Chassis/{CHASSIS_NAME}_{InstanceId}/Assembly
{Assemblies[1]{SerialNumber}}","2021.1c
/redfish/v1/Chassis/$ChassisId/Assembly
{Assemblies[1]{SerialNumber}}","{ChassisId:{ChassisType: {anyOf: [Zone, RackMount]}, Id_contains: {not: [GPU, FPGA, NVSwitch, BMC, PCIeRetimer, NIC, CPU, PCIeSwitch, RoT]}}}",,,Y,ES,,,,L0,L1,NA
,,,The name of the organization for reproducing the baseboard,,,"SMBPBI: (0x05, [0xC4], [0x00-0x05])",NA,NA,NA,"2021.1c
/redfish/v1/Chassis/HGX_Chassis_{InstanceId}/Assembly
{Assemblies[0]{Vendor}}","2021.1c
/redfish/v1/Chassis/HGX_Chassis_{InstanceId}/Assembly
{Assemblies[0]{Vendor}}","2021.1c
/redfish/v1/Chassis/Baseboard_{InstanceId}/Assembly
{Assemblies[0]{Vendor}}",,,,,NA,NA,NA,Yes,Yes,Yes,Yes,NA,NA,NA,NA,NA,Yes,Yes,Yes,Yes,Yes,Yes,Yes,,,Available OOB,No,No Impact,1 Hr,30,"2021.1c
/redfish/v1/Chassis/{CHASSIS_NAME}_{InstanceId}/Assembly
{Assemblies[0]{Vendor}}","2021.1c
/redfish/v1/Chassis/$ChassisId/Assembly
{Assemblies[0]{Vendor}}","{ChassisId:{ChassisType: {anyOf: [Zone, RackMount]}, Id_contains: {not: [GPU, FPGA, NVSwitch, BMC, PCIeRetimer, NIC, CPU, PCIeSwitch, RoT]}}}",,,Y,ES,,,,L0,L1,NA
,,,The hardware version of the baseboard,,,"SMBPBI: (0x05,[0xCB],[0x00])",NA,NA,NA,"2021.1c
/redfish/v1/Chassis/HGX_Chassis_{InstanceId}/Assembly
{Assemblies[1]{Version}}","2021.1c
/redfish/v1/Chassis/HGX_Chassis_{InstanceId}/Assembly
{Assemblies[1]{Version}}","2021.1c
/redfish/v1/Chassis/Baseboard_{InstanceId}/Assembly
{Assemblies[1]{Version}}",,,,,NA,NA,NA,Yes,Yes,Yes,Yes,NA,NA,NA,NA,NA,Yes,Yes,Yes,Yes,Yes,Yes,Yes,,,Available OOB,No,No Impact,1 Hr,30,"2021.1c
/redfish/v1/Chassis/{CHASSIS_NAME}_{InstanceId}/Assembly
{Assemblies[1]{Version}}","2021.1c
/redfish/v1/Chassis/$ChassisId/Assembly
{Assemblies[1]{Version}}","{ChassisId:{ChassisType: {anyOf: [Zone, RackMount]}, Id_contains: {not: [GPU, FPGA, NVSwitch, BMC, PCIeRetimer, NIC, CPU, PCIeSwitch, RoT]}}}",,,Y,ES,,,,L0,L1,NA
,,,Total power drawn by all HSCs,,,"SMBPBI: (0x04, B0h, Unused)",NA,NA,NA,"2022.1f
/redfish/v1/Chassis/HGX_Chassis_{InstanceId}/Sensors/HGX_Chassis_{InstanceId}_TotalHSC_Power_{InstanceId}
{Reading}","2022.1f
/redfish/v1/Chassis/HGX_Chassis_{InstanceId}/Sensors/HGX_Chassis_{InstanceId}_TotalHSC_Power_{InstanceId}
{Reading}","2022.1f
/redfish/v1/Chassis/Baseboard_{InstanceId}/Sensors/Baseboard_{InstanceId}_TotalHSC_Power_{InstanceId}
{Reading}",/redfish/v1/TelemetryService/MetricReports/HGX_PlatformEnvironmentMetrics_0,/redfish/v1/TelemetryService/MetricReports/PlatformEnvironmentMetrics_0,,,NA,NA,NA,Yes,Yes,Yes,NA,NA,NA,NA,NA,NA,NA,NA,NA,Yes,Yes,Yes,NA,,,Available OOB,No,No Impact,,0.3,"2022.1f
/redfish/v1/Chassis/{CHASSIS_NAME}_{InstanceId}/Sensors/{CHASSIS_NAME}_{InstanceId}_TotalHSC_Power_{InstanceId}
{Reading}","2022.1f
/redfish/v1/Chassis/$ChassisId/Sensors/$SensorId
{Reading}","{ChassisId:{ChassisType: {anyOf: [Zone, RackMount]}, Id_contains: {not: [GPU, FPGA, NVSwitch, BMC, PCIeRetimer, NIC, CPU, PCIeSwitch, RoT]}}, SensorId: {ReadingType: Power}}",,,Y,ES,,,,L0,L1,NA
,,,Altitude pressure reading from the onboard altitude pressure sensor(LPS33HW) in hectopascal (hPa).,,,"SMBPBI: (0xBD,unused,unused) | NSM: (0x3, 0x6A)",NA,NA,NA,"2021.1c
/redfish/v1/Chassis/HGX_Chassis_{InstanceId}/Sensors/HGX_Chassis_{InstanceId}_AltitudePressure_{InstanceId}
{Reading}","2021.1c
/redfish/v1/Chassis/HGX_Chassis_{InstanceId}/Sensors/HGX_Chassis_{InstanceId}_AltitudePressure_{InstanceId}
{Reading}","2021.1c
/redfish/v1/Chassis/Baseboard_{InstanceId}/Sensors/Baseboard_{InstanceId}_AltitudePressure_{InstanceId}
{Reading}",,,,,NA,NA,NA,Yes,Yes,Yes,Yes,NA,NA,NA,NA,NA,NA,NA,NA,Yes,Yes,Yes,Yes,,,Available OOB,No,No Impact,10 Min,30,"2021.1c
/redfish/v1/Chassis/{CHASSIS_NAME}_{InstanceId}/Sensors/{CHASSIS_NAME}_{InstanceId}_AltitudePressure_{InstanceId}
{Reading}","2021.1c
/redfish/v1/Chassis/$ChassisId/Sensors/$SensorId
{Reading}","{ChassisId:{ChassisType: {anyOf: [Zone, RackMount]}, Id_contains: {not: [GPU, FPGA, NVSwitch, BMC, PCIeRetimer, NIC, CPU, PCIeSwitch, RoT]}}, SensorId: {ReadingType: Altitude}}",,,,ES,,,,L0,L1,NA
,,,Temperature of PCB1 - PCB4,,,"SMBPBI: (0x03, 0x90-0x93, Unused) | NSM: (0x3, 0x0)",NA,NA,NA,"2021.1c
/redfish/v1/Chassis/HGX_Chassis_{InstanceId}/Sensors/HGX_Chassis_{InstanceId}_PCB_{InstanceId}_Temp_{InstanceId}
{Reading}","2021.1c
/redfish/v1/Chassis/HGX_Chassis_{InstanceId}/Sensors/HGX_Chassis_{InstanceId}_PCB_{InstanceId}_Temp_{InstanceId}
{Reading}","2021.1c
/redfish/v1/Chassis/Baseboard_{InstanceId}/Sensors/Baseboard_{InstanceId}_PCB_{InstanceId}_Temp_{InstanceId}
{Reading}",/redfish/v1/TelemetryService/MetricReports/HGX_PlatformEnvironmentMetrics_0,,,,NA,NA,NA,Yes,Yes,Yes,Yes,NA,NA,NA,NA,NA,Yes,Yes,Yes,Yes,Yes,Yes,Yes,,,Available OOB,No,No Impact,10 Sec,0.3,"2021.1c
/redfish/v1/Chassis/{CHASSIS_NAME}_{InstanceId}/Sensors/{CHASSIS_NAME}_{InstanceId}_PCB_{InstanceId}_Temp_{InstanceId}
{Reading}","2021.1c
/redfish/v1/Chassis/$ChassisId/Sensors/$SensorId
{Reading}","{ChassisId:{ChassisType: {anyOf: [Zone, RackMount]}, Id_contains: {not: [GPU, FPGA, NVSwitch, BMC, PCIeRetimer, NIC, CPU, PCIeSwitch, RoT]}}, SensorId: {ReadingType: Temperature, Id_Contains: PCB}}",,,Y,ES Factory,,,,L0,L1,NA
,,,Inlet Temperature (1-2),,,"SMBPBI: (0x03, 0xB0-0xB1, Unused) | NSM: (0x3, 0x0)",NA,NA,NA,"2021.1c
/redfish/v1/Chassis/HGX_Chassis_{InstanceId}/Sensors/HGX_Chassis_{InstanceId}_Inlet_{InstanceId}_Temp_{InstanceId}
{Reading}","2021.1c
/redfish/v1/Chassis/HGX_Chassis_{InstanceId}/Sensors/HGX_Chassis_{InstanceId}_Inlet_{InstanceId}_Temp_{InstanceId}
{Reading}","2021.1c
/redfish/v1/Chassis/Baseboard_{InstanceId}/Sensors/Baseboard_{InstanceId}_Inlet_{InstanceId}_Temp_{InstanceId}
{Reading}",/redfish/v1/TelemetryService/MetricReports/HGX_PlatformEnvironmentMetrics_0,/redfish/v1/TelemetryService/MetricReports/PlatformEnvironmentMetrics_0,,,NA,NA,NA,Yes,Yes,Yes,Yes,NA,NA,NA,NA,NA,Yes,Yes,Yes,Yes,Yes,Yes,Yes,,,Available OOB,No,No Impact,10 Sec,0.3,"2021.1c
/redfish/v1/Chassis/{CHASSIS_NAME}_{InstanceId}/Sensors/{CHASSIS_NAME}_{InstanceId}_Inlet_{InstanceId}_Temp_{InstanceId}
{Reading}","2021.1c
/redfish/v1/Chassis/$ChassisId/Sensors/$SensorId
{Reading}","{ChassisId:{ChassisType: {anyOf: [Zone, RackMount]}, Id_contains: {not: [GPU, FPGA, NVSwitch, BMC, PCIeRetimer, NIC, CPU, PCIeSwitch, RoT]}}, SensorId: {ReadingType: Temperature, Id_Contains: Inlet}}",,,Y,ES Factory,,,,L0,L1,NA
,,,Write Protect Jumper presence,,,"SMBPBI: (0xBE,unused,unused)",NA,NA,NA,"2021.1c
/redfish/v1/Chassis/HGX_Chassis_{InstanceId}
{Oem{Nvidia{HardwareWriteProtected}}}","2021.1c
/redfish/v1/Chassis/HGX_Chassis_{InstanceId}
{Oem{Nvidia{HardwareWriteProtected}}}","2021.1c
/redfish/v1/Chassis/Baseboard_{InstanceId}
{Oem{Nvidia{HardwareWriteProtected}}}",,,,,NA,NA,NA,Yes,Yes,TBD,Yes,NA,NA,NA,NA,NA,Yes,Yes,Yes,Yes,Yes,Yes,Yes,,,Available OOB,No,No Impact,10 Sec,30,"2021.1c
/redfish/v1/Chassis/{CHASSIS_NAME}_{InstanceId}
{Oem{Nvidia{HardwareWriteProtected}}}","2021.1c
/redfish/v1/Chassis/$ChassisId
{Oem{Nvidia{HardwareWriteProtected}}}","{ChassisId:{ChassisType: {anyOf: [Zone, RackMount]}, Id_contains: {not: [GPU, FPGA, NVSwitch, BMC, PCIeRetimer, NIC, CPU, PCIeSwitch, RoT]}}}",,,,ES,,,,L0,L1,NA
,,,DCSCM Temperature,,,NA,,,,,"2023.3
/redfish/v1/Chassis/BMC_{InstanceId}/Sensors/BMC_{InstanceId}_DCSCM_Temp_{InstanceId}
{Reading}","2023.3
/redfish/v1/Chassis/{BMC_NOT_HMC_CHAS_NAME}_{InstanceId}/Sensors/BMC_{InstanceId}_DCSCM_Temp_{InstanceId}
{Reading}",,,,,,,,NA,,,NA,NA,Yes,NA,Yes,,NA,NA,NA,NA,NA,NA,NA,,,Available OOB,,,,,"2023.3
/redfish/v1/Chassis/{BMC_NOT_HMC_CHAS_NAME}_{InstanceId}/Sensors/BMC_{InstanceId}_DCSCM_Temp_{InstanceId}
{Reading}","2023.3
/redfish/v1/Chassis/$ChassisId/Sensors/$SensorId
{Reading}","{ChassisId: {Id_contains: {anyOf: [BMC], not: [HGX, RoT]}}, SensorId: {ReadingType: Temperature}}",,,,QS NVOEM,,,,nvoem,L1,NA
,,,IO Board Temperature,,,NA,,,,,"2023.3
/redfish/v1/Chassis/Chassis_{InstanceId}/Sensors/Chassis_{InstanceId}_Front_IO_Temp_{InstanceId}
{Reading}","2023.3
/redfish/v1/Chassis/{TRAY_CHASSIS}_{InstanceId}/Sensors/{TRAY_CHASSIS}_{InstanceId}_Front_IO_Temp_{InstanceId}
{Reading}",,,,,,,,NA,,,NA,NA,Yes,NA,Yes,,NA,NA,NA,NA,NA,NA,NA,,,Available OOB,,,,,"2023.3
/redfish/v1/Chassis/{TRAY_CHASSIS}_{InstanceId}/Sensors/{TRAY_CHASSIS}_{InstanceId}_Front_IO_Temp_{InstanceId}
{Reading}","2023.3
/redfish/v1/Chassis/$ChassisId/Sensors/$SensorId
{Reading}","{ChassisId: {ChassisType: {anyOf: [Shelf, RackMount]}, Id_contains: {not: [HGX, GPU, FPGA, NVSwitch, BMC, PCIeRetimer, NIC, CPU, PCIeSwitch, RoT]}}, SensorId: {ReadingType: Temperature}}",,,,QS NVOEM,,,,nvoem,L1,NA
,,,PDB temperature,,,NA,,,,,"2023.3
/redfish/v1/Chassis/Chassis_{InstanceId}/Sensors/Chassis_{InstanceId}_TotalHSC_Power_{InstanceId}
{Reading}","2023.3
/redfish/v1/Chassis/{TRAY_CHASSIS}_{InstanceId}/Sensors/{TRAY_CHASSIS}_{InstanceId}_TotalHSC_Power_{InstanceId}
{Reading}",,,,,,,,NA,NA,NA,NA,NA,Yes,NA,Yes,NA,NA,NA,NA,NA,NA,NA,NA,,,Available OOB,,,,0.3,"2023.3
/redfish/v1/Chassis/{TRAY_CHASSIS}_{InstanceId}/Sensors/{TRAY_CHASSIS}_{InstanceId}_TotalHSC_Power_{InstanceId}
{Reading}","2023.3
/redfish/v1/Chassis/$ChassisId/Sensors/$SensorId
{Reading}","{ChassisId: {ChassisType: {anyOf: [Shelf, RackMount]}, Id_contains: {not: [HGX, GPU, FPGA, NVSwitch, BMC, PCIeRetimer, NIC, CPU, PCIeSwitch, RoT]}}, SensorId: {ReadingType: Power}}",,,,ES NVOEM,,,,nvoem,L1,NA
,,,HSC temperature,,,NA,,,,,"2023.3
/redfish/v1/Chassis/PDB_{InstanceId}/Sensors/PDB_{InstanceId}_HSC_{InstanceId}_Temp_{InstanceId}
{Reading}","2023.3
/redfish/v1/Chassis/PDB_{InstanceId}/Sensors/PDB_{InstanceId}_HSC_{InstanceId}_Temp_{InstanceId}
{Reading}",,,,,,,,NA,NA,NA,NA,NA,Yes,NA,Yes,NA,NA,NA,NA,NA,NA,NA,NA,,,Available OOB,,,10 Sec,,"2023.3
/redfish/v1/Chassis/PDB_{InstanceId}/Sensors/PDB_{InstanceId}_HSC_{InstanceId}_Temp_{InstanceId}
{Reading}","2023.3
/redfish/v1/Chassis/$ChassisId/Sensors/$SensorId
{Reading}","{ChassisId: {Id_contains: PDB}, SensorId: {ReadingType: Temperature, Id_contains: HSC}}",,,,ES NVOEM,,,,nvoem,L1,NA
,,,PDB VREG temperature,,,NA,,,,,"2023.3
/redfish/v1/Chassis/PDB_{InstanceId}/Sensors/PDB_{InstanceId}_Vreg_{InstanceId}_Temp_{InstanceId}
{Reading}","2023.3
/redfish/v1/Chassis/PDB_{InstanceId}/Sensors/PDB_{InstanceId}_Vreg_{InstanceId}_Temp_{InstanceId}
{Reading}",,,,,,,,NA,,,NA,NA,Yes,NA,Yes,,NA,NA,NA,NA,NA,NA,NA,,,Available OOB,,,10 Sec,,"2023.3
/redfish/v1/Chassis/PDB_{InstanceId}/Sensors/PDB_{InstanceId}_Vreg_{InstanceId}_Temp_{InstanceId}
{Reading}","2023.3
/redfish/v1/Chassis/$ChassisId/Sensors/$SensorId
{Reading}","{ChassisId: {Id_contains: PDB}, SensorId: {ReadingType: Temperature, Id_contains: Vreg}}",,,,QS NVOEM,,,,nvoem,L1,NA
,,,HSC current,,,NA,,,,,"2023.3
/redfish/v1/Chassis/PDB_{InstanceId}/Sensors/PDB_{InstanceId}_HSC_{InstanceId}_Cur_{InstanceId}
{Reading}","2023.3
/redfish/v1/Chassis/PDB_{InstanceId}/Sensors/PDB_{InstanceId}_HSC_{InstanceId}_Cur_{InstanceId}
{Reading}",,,,,,,,NA,NA,NA,NA,NA,Yes,NA,Yes,NA,NA,NA,NA,NA,NA,NA,NA,,,Available OOB,,,10 Sec,,"2023.3
/redfish/v1/Chassis/PDB_{InstanceId}/Sensors/PDB_{InstanceId}_HSC_{InstanceId}_Cur_{InstanceId}
{Reading}","2023.3
/redfish/v1/Chassis/$ChassisId/Sensors/$SensorId
{Reading}","{ChassisId: {Id_contains: PDB}, SensorId: {ReadingType: Current}}",,,,ES NVOEM,,,,nvoem,L1,NA
,,,HSC power,,,NA,,,,,"2023.3
/redfish/v1/Chassis/PDB_{InstanceId}/Sensors/PDB_{InstanceId}_HSC_{InstanceId}_Pwr_{InstanceId}
{Reading}","2023.3
/redfish/v1/Chassis/PDB_{InstanceId}/Sensors/PDB_{InstanceId}_HSC_{InstanceId}_Pwr_{InstanceId}
{Reading}",,,,,,,,NA,NA,NA,NA,NA,Yes,NA,Yes,NA,NA,NA,NA,NA,NA,NA,NA,,,Available OOB,,,,,"2023.3
/redfish/v1/Chassis/PDB_{InstanceId}/Sensors/PDB_{InstanceId}_HSC_{InstanceId}_Pwr_{InstanceId}
{Reading}","2023.3
/redfish/v1/Chassis/$ChassisId/Sensors/$SensorId
{Reading}","{ChassisId: {Id_contains: PDB}, SensorId: {ReadingType: Power}}",,,,ES NVOEM,,,,nvoem,L1,NA
,,,HSC input voltage,,,NA,,,,,"2023.3
/redfish/v1/Chassis/PDB_{InstanceId}/Sensors/PDB_{InstanceId}_HSC_{InstanceId}_Volt_In_{InstanceId}
{Reading}","2023.3
/redfish/v1/Chassis/PDB_{InstanceId}/Sensors/PDB_{InstanceId}_HSC_{InstanceId}_Volt_In_{InstanceId}
{Reading}",,,,,,,,NA,NA,NA,NA,NA,Yes,NA,Yes,NA,NA,NA,NA,NA,NA,NA,NA,,,Available OOB,,,10 Sec,,"2023.3
/redfish/v1/Chassis/PDB_{InstanceId}/Sensors/PDB_{InstanceId}_HSC_{InstanceId}_Volt_In_{InstanceId}
{Reading}","2023.3
/redfish/v1/Chassis/$ChassisId/Sensors/$SensorId
{Reading}","{ChassisId: {Id_contains: PDB}, SensorId: {ReadingType: Voltage, Id_contains: In}}",,,,ES NVOEM,,,,nvoem,L1,NA
,,,HSC output voltage,,,NA,,,,,"2023.3
/redfish/v1/Chassis/PDB_{InstanceId}/Sensors/PDB_{InstanceId}_HSC_{InstanceId}_Volt_Out_{InstanceId}
{Reading}","2023.3
/redfish/v1/Chassis/PDB_{InstanceId}/Sensors/PDB_{InstanceId}_HSC_{InstanceId}_Volt_Out_{InstanceId}
{Reading}",,,,,,,,NA,NA,NA,NA,NA,Yes,NA,Yes,NA,NA,NA,NA,NA,NA,NA,NA,,,Available OOB,,,10 Sec,,"2023.3
/redfish/v1/Chassis/PDB_{InstanceId}/Sensors/PDB_{InstanceId}_HSC_{InstanceId}_Volt_Out_{InstanceId}
{Reading}","2023.3
/redfish/v1/Chassis/$ChassisId/Sensors/$SensorId
{Reading}","{ChassisId: {Id_contains: PDB}, SensorId: {ReadingType: Voltage, Id_contains: Out}}",,,,ES NVOEM,,,,nvoem,L1,NA
,,,Raw voltage reading for the Leak Sensor on the Cold Plate,,,NA,NA,NA,NA,NA,"2023.3
/redfish/v1/Chassis/Chassis_{InstanceId}/Sensors/Chassis_{InstanceId}_LeakDetector_{InstanceId}_ColdPlate
{Reading}",NA,NA,NA,,,NA,NA,NA,NA,NA,NA,NA,NA,Yes,NA,Yes,NA,NA,NA,NA,NA,NA,NA,NA,NA,NA,Available OOB,No,No Impact,10 Sec,,"2023.3
/redfish/v1/Chassis/{TRAY_CHASSIS}_{InstanceId}/Sensors/{TRAY_CHASSIS}_{InstanceId}_LeakDetector_{InstanceId}_ColdPlate
{Reading}","2023.3
/redfish/v1/Chassis/$ChassisId/Sensors/$SensorId
{Reading}","{ChassisId:{ChassisType: {anyOf: [Shelf, RackMount]}, Id_contains: {not: [HGX, GPU, FPGA, NVSwitch, BMC, PCIeRetimer, NIC, CPU, PCIeSwitch, RoT]}}, SensorId: {ReadingType: Voltage}}",,,,QS NVOEM,,,,nvoem,L1,NA
,,,Raw voltage reading for the Leak Sensor on the Manifold,,,NA,NA,NA,NA,NA,"2023.3
/redfish/v1/Chassis/Chassis_{InstanceId}/Sensors/Chassis_{InstanceId}_LeakDetector_{InstanceId}_Manifold
{Reading}",NA,NA,NA,,,NA,NA,NA,NA,NA,NA,NA,NA,Yes,NA,Yes,NA,NA,NA,NA,NA,NA,NA,NA,NA,NA,Available OOB,No,No Impact,10 Sec,,"2023.3
/redfish/v1/Chassis/{TRAY_CHASSIS}_{InstanceId}/Sensors/{TRAY_CHASSIS}_{InstanceId}_LeakDetector_{InstanceId}_Manifold
{Reading}","2023.3
/redfish/v1/Chassis/$ChassisId/Sensors/$SensorId
{Reading}","{ChassisId:{ChassisType: {anyOf: [Shelf, RackMount]}, Id_contains: {not: [HGX, GPU, FPGA, NVSwitch, BMC, PCIeRetimer, NIC, CPU, PCIeSwitch, RoT]}}, SensorId: {ReadingType: Voltage}}",,,,QS NVOEM,,,,nvoem,L1,NA
,,,Leak Detection Status for Cold Plate,,,NA,NA,NA,NA,NA,"2023.3
/redfish/v1/Chassis/Chassis_{InstanceId}/ThermalSubsystem/LeakDetection/LeakDetectors/Chassis_{InstanceId}_LeakDetector_{InstanceId}_ColdPlate
{DetectorState}",NA,NA,NA,,,NA,NA,NA,NA,NA,NA,NA,NA,Yes,NA,Yes,NA,NA,NA,NA,NA,NA,NA,NA,NA,NA,Available OOB,No,No Impact,10 Sec,,"2023.3
/redfish/v1/Chassis/{TRAY_CHASSIS}_{InstanceId}/ThermalSubsystem/LeakDetection/LeakDetectors/{TRAY_CHASSIS}_{InstanceId}_LeakDetector_{InstanceId}_ColdPlate
{DetectorState}","2023.3
/redfish/v1/Chassis/$ChassisId/ThermalSubsystem/LeakDetection/LeakDetectors/$LeakDetectorId
{DetectorState}","{ChassisId:{ChassisType: {anyOf: [Shelf, RackMount]}, Id_contains: {not: [HGX, GPU, FPGA, NVSwitch, BMC, PCIeRetimer, NIC, CPU, PCIeSwitch, RoT]}}, LeakDetectorId: {LeakDetectorType: Moisture}}",,,,QS NVOEM,,,,nvoem,L1,NA
,,,Leak Detection Status for Manifold,,,NA,NA,NA,NA,NA,"2023.3
/redfish/v1/Chassis/Chassis_{InstanceId}/ThermalSubsystem/LeakDetection/LeakDetectors/Chassis_{InstanceId}_LeakDetector_{InstanceId}_Manifold
{DetectorState}",NA,NA,NA,,,NA,NA,NA,NA,NA,NA,NA,NA,Yes,NA,Yes,NA,NA,NA,NA,NA,NA,NA,NA,NA,NA,Available OOB,No,No Impact,10 Sec,,"2023.3
/redfish/v1/Chassis/{TRAY_CHASSIS}_{InstanceId}/ThermalSubsystem/LeakDetection/LeakDetectors/{TRAY_CHASSIS}_{InstanceId}_LeakDetector_{InstanceId}_Manifold
{DetectorState}","2023.3
/redfish/v1/Chassis/$ChassisId/ThermalSubsystem/LeakDetection/LeakDetectors/$LeakDetectorId
{DetectorState}","{ChassisId:{ChassisType: {anyOf: [Shelf, RackMount]}, Id_contains: {not: [HGX, GPU, FPGA, NVSwitch, BMC, PCIeRetimer, NIC, CPU, PCIeSwitch, RoT]}}, LeakDetectorId: {LeakDetectorType: Moisture}}",,,,QS NVOEM,,,,nvoem,L1,NA
,,,Board manufacturing Date (via BB SMBPBI),,,"SMBPBI: (0xA4,0x80,0x0_ = HMC/0x1_ = Carrier/0x2_ = HERMES)",NA,NA,NA,"2022.1g
/redfish/v1/Chassis/HGX_BMC_{InstanceId}/Assembly
{Assemblies[0]{ProductionDate}","2022.1g
/redfish/v1/Chassis/HGX_BMC_{InstanceId}/Assembly
{Assemblies[0]{ProductionDate}","2022.1g
/redfish/v1/Chassis/BMC_{InstanceId}/Assembly
{Assemblies[0]{ProductionDate}",,,,,NA,NA,NA,NA,Yes,Yes,NA,NA,NA,NA,NA,NA,NA,NA,NA,NA,NA,NA,Yes,,,Available OOB,No,No Impact,1 Hr,,"2022.1g
/redfish/v1/Chassis/{BMC_CHAS_NAME}_{InstanceId}/Assembly
{Assemblies[0]{ProductionDate}","2022.1g
/redfish/v1/Chassis/$ChassisId/Assembly
{Assemblies[0]{ProductionDate}","{ChassisId:{Id_contains: {allOf: [BMC, HGX], not: [RoT]}}}
",,,Y,ES,,,,L0,L1,NA
,,,Board Serial Number (via BB SMBPBI),,,"SMBPBI: (0xA4,0x83,0x0_ = HMC/0x1_ = Carrier/0x2_ = HERMES)",NA,NA,NA,"2022.1g
/redfish/v1/Chassis/HGX_BMC_{InstanceId}/Assembly
{Assemblies[0]{SerialNumber}","2022.1g
/redfish/v1/Chassis/HGX_BMC_{InstanceId}/Assembly
{Assemblies[0]{SerialNumber}","2022.1g
/redfish/v1/Chassis/BMC_{InstanceId}/Assembly
{Assemblies[0]{SerialNumber}",,,,,NA,NA,NA,NA,Yes,Yes,NA,NA,NA,NA,NA,NA,NA,NA,NA,NA,NA,NA,Yes,,,Available OOB,No,No Impact,1 Hr,,"2022.1g
/redfish/v1/Chassis/{BMC_CHAS_NAME}_{InstanceId}/Assembly
{Assemblies[0]{SerialNumber}","2022.1g
/redfish/v1/Chassis/$ChassisId/Assembly
{Assemblies[0]{SerialNumber}","{ChassisId:{Id_contains: {allOf: [BMC, HGX], not: [RoT]}}}
",,,Y,ES,,,,L0,L1,NA
,,,Product Name (via BB SMBPBI),,,"SMBPBI: (0xA4,0x86,0x0_ = HMC/0x1_ = Carrier/0x2_ = HERMES)",NA,NA,NA,"2022.1g
/redfish/v1/Chassis/HGX_BMC_{InstanceId}/Assembly
{Assemblies[1]{Model}","2022.1g
/redfish/v1/Chassis/HGX_BMC_{InstanceId}/Assembly
{Assemblies[1]{Model}","2022.1g
/redfish/v1/Chassis/BMC_{InstanceId}/Assembly
{Assemblies[1]{Model}",,,,,NA,NA,NA,NA,Yes,Yes,NA,NA,NA,NA,NA,NA,NA,NA,NA,NA,NA,NA,Yes,,,Available OOB,No,No Impact,1 Hr,,"2022.1g
/redfish/v1/Chassis/{BMC_CHAS_NAME}_{InstanceId}/Assembly
{Assemblies[1]{Model}","2022.1g
/redfish/v1/Chassis/$ChassisId/Assembly
{Assemblies[1]{Model}","{ChassisId:{Id_contains: {allOf: [BMC, HGX], not: [RoT]}}}
",,,Y,ES,,,,L0,L1,NA
,,,Product Part Number (via BB SMBPBI),,,"SMBPBI: (0xA4,0x87,0x0_ = HMC/0x1_ = Carrier/0x2_ = HERMES)",NA,NA,NA,"2022.1g
/redfish/v1/Chassis/HGX_BMC_{InstanceId}/Assembly
{Assemblies[1]{PartNumber}","2022.1g
/redfish/v1/Chassis/HGX_BMC_{InstanceId}/Assembly
{Assemblies[1]{PartNumber}","2022.1g
/redfish/v1/Chassis/BMC_{InstanceId}/Assembly
{Assemblies[1]{PartNumber}",,,,,NA,NA,NA,NA,Yes,Yes,NA,NA,NA,NA,NA,NA,NA,NA,NA,NA,NA,NA,Yes,,,Available OOB,No,No Impact,1 Hr,,"2022.1g
/redfish/v1/Chassis/{BMC_CHAS_NAME}_{InstanceId}/Assembly
{Assemblies[1]{PartNumber}","2022.1g
/redfish/v1/Chassis/$ChassisId/Assembly
{Assemblies[1]{PartNumber}","{ChassisId:{Id_contains: {allOf: [BMC, HGX], not: [RoT]}}}
",,,Y,ES,,,,L0,L1,NA
,,,Overall Health of this device + its dependencies,,,NA,NA,NA,NA,"2021.1c
/redfish/v1/Chassis/HGX_BMC_{InstanceId}
{Status{HealthRollup}}","2021.1c
/redfish/v1/Chassis/HGX_BMC_{InstanceId}
{Status{HealthRollup}}","2021.1c
/redfish/v1/Chassis/BMC_{InstanceId}
{Status{HealthRollup}}",,,,,NA,NA,NA,Yes,Yes,Yes,NA,NA,NA,NA,NA,NA,NA,NA,NA,NA,NA,NA,NA,,,Available OOB,No,No Impact,10 Sec,,"2021.1c
/redfish/v1/Chassis/{BMC_CHAS_NAME}_{InstanceId}
{Status{HealthRollup}}","2021.1c
/redfish/v1/Chassis/$ChassisId
{Status{HealthRollup}}","{ChassisId:{Id_contains: {allOf: [BMC, HGX], not: [RoT]}}}",,,Y,ES,,,,L0,L1,NA
,,,A string that identifies the manufacturer of the processor.,,,NA,NA,NA,NA,"2021.1d
/redfish/v1/Systems/HGX_Baseboard_{InstanceId}/Processors/FPGA_{InstanceId}
{Manufacturer}","2021.1d
/redfish/v1/Systems/HGX_Baseboard_{InstanceId}/Processors/FPGA_{InstanceId}
{Manufacturer}","2021.1d
/redfish/v1/Systems/System_{InstanceId}/Processors/FPGA_{InstanceId}
{Manufacturer}",,,,,NA,NA,NA,Yes,Yes,Yes,Yes,NA,NA,NA,NA,NA,Yes,Yes,Yes,Yes,Yes,Yes,Yes,,,Available OOB,No,No Impact,1 Hr,30,"2021.1d
/redfish/v1/Systems/{SYSTEM_NAME}_{InstanceId}/Processors/FPGA_{InstanceId}
{Manufacturer}","2021.1d
/redfish/v1/Systems/$SystemId/Processors/$ProcessorId
{Manufacturer}","{SystemId:{SystemType: Physical}, ProcessorId: {ProcessorType: FPGA}}",FPGA,,Y,ES,,,,L0,L1,NA
,,,FPGA temperature (via BB SMBPBI),,,"SMBPBI: 02h/03h; B2h | NSM: (0x3, 0x0)",NA,NA,NA,"2021.1c
/redfish/v1/Chassis/HGX_FPGA_{InstanceId}/Sensors/HGX_FPGA_{InstanceId}_TEMP_{InstanceId}
{Reading}","2021.1c
/redfish/v1/Chassis/HGX_FPGA_{InstanceId}/Sensors/HGX_FPGA_{InstanceId}_TEMP_{InstanceId}
{Reading}","2021.1c
/redfish/v1/Chassis/FPGA_{InstanceId}/Sensors/FPGA_{InstanceId}_TEMP_{InstanceId}
{Reading}",/redfish/v1/TelemetryService/MetricReports/HGX_PlatformEnvironmentMetrics_0,,,,NA,NA,NA,Yes,Yes,Yes,NA,NA,NA,NA,NA,NA,NA,NA,NA,NA,NA,NA,Yes,,,Available OOB,No,No Impact,10 Sec,0.3,"2021.1c
/redfish/v1/Chassis/{FPGA_NAME}_{InstanceId}/Sensors/{FPGA_NAME}_{InstanceId}_TEMP_{InstanceId}
{Reading}","2021.1c
/redfish/v1/Chassis/$ChassisId/Sensors/$SensorId
{Reading}","{ChassisId:{Id_contains: {anyOf: [FPGA], not: [RoT]}}, SensorId: {ReadingType: Temperature}}",,,Y,ES Factory,,,,L0,L1,NA
,,,FPGA temperature (via BB SMBPBI),,,SMBPBI: 03h; BEh,NA,NA,NA,"2021.1c
/redfish/v1/Chassis/HGX_FPGA_{InstanceId}/Sensors/HGX_FPGA_{InstanceId}_Temp_{InstanceId}
{Reading}","2021.1c
/redfish/v1/Chassis/HGX_FPGA_{InstanceId}/Sensors/HGX_FPGA_{InstanceId}_Temp_{InstanceId}
{Reading}","2021.1c
/redfish/v1/Chassis/FPGA_{InstanceId}/Sensors/FPGA_{InstanceId}_Temp_{InstanceId}
{Reading}",/redfish/v1/TelemetryService/MetricReports/HGX_PlatformEnvironmentMetrics_0,,,,,,,NA,NA,NA,Yes,NA,NA,NA,NA,,Yes,Yes,Yes,Yes,Yes,Yes,NA,,,Available OOB,No,No Impact,10 Sec,0.3,"2021.1c
/redfish/v1/Chassis/{FPGA_NAME}_{InstanceId}/Sensors/{FPGA_NAME}_{InstanceId}_Temp_{InstanceId}
{Reading}","2021.1c
/redfish/v1/Chassis/$ChassisId/Sensors/$SensorId
{Reading}","{ChassisId:{Id_contains: {anyOf: [FPGA], not: [RoT]}}, SensorId: {ReadingType: Temperature}}",,,Y,ES Factory,,,,"L0, R1","L1, R1",NA
,,,"The string that identifies the type of processor contained in this socket, e.g. ""FPGA""",,,NA,NA,NA,NA,"2021.1d
/redfish/v1/Systems/HGX_Baseboard_{InstanceId}/Processors/FPGA_{InstanceId}
{ProcessorType}","2021.1d
/redfish/v1/Systems/HGX_Baseboard_{InstanceId}/Processors/FPGA_{InstanceId}
{ProcessorType}","2021.1d
/redfish/v1/Systems/System_{InstanceId}/Processors/FPGA_{InstanceId}
{ProcessorType}",,,,,NA,NA,NA,Yes,Yes,Yes,Yes,NA,NA,NA,NA,NA,Yes,Yes,Yes,Yes,Yes,Yes,Yes,,,Available OOB,No,No Impact,10 Min,30,"2021.1d
/redfish/v1/Systems/{SYSTEM_NAME}_{InstanceId}/Processors/FPGA_{InstanceId}
{ProcessorType}","2021.1d
/redfish/v1/Systems/$SystemId/Processors/$ProcessorId
{ProcessorType}","{SystemId:{SystemType: Physical}, ProcessorId: {ProcessorType: FPGA}}",FPGA,,,ES Factory,,,,"L0, R1","L1, R1",NA
,,,Overall Health of this device + its dependencies,,,NA,NA,NA,NA,"2021.1c
/redfish/v1/Chassis/HGX_FPGA_{InstanceId}
{Status{HealthRollup}}","2021.1c
/redfish/v1/Chassis/HGX_FPGA_{InstanceId}
{Status{HealthRollup}}","2021.1c
/redfish/v1/Chassis/FPGA_{InstanceId}
{Status{HealthRollup}}",,,,,NA,NA,NA,Yes,Yes,Yes,NA,NA,NA,NA,NA,NA,NA,NA,NA,NA,NA,NA,NA,,,Available OOB,No,No Impact,10 Sec,30,"2021.1c
/redfish/v1/Chassis/{FPGA_NAME}_{InstanceId}
{Status{HealthRollup}}","2021.1c
/redfish/v1/Chassis/$ChassisId
{Status{HealthRollup}}","{ChassisId:{Id_contains: {anyOf: [FPGA], not: [RoT]}}}",FPGA,,Y,ES,,,,L0,L1,NA
,,,Log entries from this device,,,NA,NA,NA,NA,"2021.1c
/redfish/v1/Chassis/HGX_FPGA_{InstanceId}/LogServices
{Members}","2021.1c
/redfish/v1/Chassis/HGX_FPGA_{InstanceId}/LogServices
{Members}","2021.1c
/redfish/v1/Chassis/FPGA_{InstanceId}/LogServices
{Members}",,,,,NA,NA,NA,Yes,Yes,Yes,NA,NA,NA,NA,NA,NA,NA,NA,NA,NA,NA,NA,Yes,,,Available OOB,No,No Impact,10 Sec,,"2021.1c
/redfish/v1/Chassis/{FPGA_NAME}_{InstanceId}/LogServices
{Members}","2021.1c
/redfish/v1/Chassis/$ChassisId/LogServices
{Members}","{ChassisId:{Id_contains: {anyOf: [FPGA], not: [RoT]}}}",FPGA,,Y,ES,,,,L0,L1,NA
,,,FW Version,,,"SMBPBI: (0x05,[0xA0],[0x00]) ",NA,NA,NA,"2021.1c
/redfish/v1/UpdateService/FirmwareInventory/HGX_FW_PCIeSwitch_{InstanceId}
{Version}","2021.1c
/redfish/v1/UpdateService/FirmwareInventory/HGX_FW_PCIeSwitch_{InstanceId}
{Version}","2021.1c
/redfish/v1/UpdateService/FirmwareInventory/{PCIESWITCH_FW_NAME}_{InstanceId}
{Version}",,,,,NA,NA,NA,Yes,NA,NA,NA,NA,NA,NA,NA,NA,NA,NA,NA,NA,NA,NA,Yes,,,Available OOB,No,No Impact,1 Hr,,"2021.1c
/redfish/v1/UpdateService/FirmwareInventory/{PCIESWITCH_FW_NAME}_{InstanceId}
{Version}","2021.1c
/redfish/v1/UpdateService/FirmwareInventory/$FwId
{Version}","{FwId: {Id_contains: {anyOf: [PCIeSwitch], not: [RoT]}}}",,,Y,ES Factory,,,,L0,L1,NA
,,,Current temperature,,,NA,NA,NA,NA,"2022.1f
/redfish/v1/Chassis/HGX_PCIeSwitch_{InstanceId}/Sensors/HGX_PCIeSwitch_{InstanceId}_TEMP_{InstanceId}
{Reading}","2022.1f
/redfish/v1/Chassis/HGX_PCIeSwitch_{InstanceId}/Sensors/HGX_PCIeSwitch_{InstanceId}_TEMP_{InstanceId}
{Reading}","2022.1f
/redfish/v1/Chassis/HGX_PCIeSwitch_{InstanceId}/Sensors/HGX_PCIeSwitch_{InstanceId}_TEMP_{InstanceId}
{Reading}",/redfish/v1/TelemetryService/MetricReports/HGX_PlatformEnvironmentMetrics_0,,,,,,,Yes,NA,NA,NA,NA,NA,NA,NA,,NA,NA,NA,NA,NA,NA,Yes,,,Available OOB,No,No Impact,10 Sec,,"2022.1f
/redfish/v1/Chassis/HGX_PCIeSwitch_{InstanceId}/Sensors/HGX_PCIeSwitch_{InstanceId}_TEMP_{InstanceId}
{Reading}","2022.1f
/redfish/v1/Chassis/$ChassisId/Sensors/$SensorId
{Reading}","{ChassisId:{Id_contains: {anyOf: [PCIeSwitch], not: [RoT]}}, SensorId: {ReadingType: Temperature}}",,,Y,ES Factory,,,,L0,L1,NA
,,,Overall Health of this device,,,NA,NA,NA,NA,"2021.1c
/redfish/v1/Chassis/HGX_PCIeSwitch_{InstanceId}
{Status{Health}}","2021.1c
/redfish/v1/Chassis/HGX_PCIeSwitch_{InstanceId}
{Status{Health}}","2021.1c
/redfish/v1/Chassis/HGX_PCIeSwitch_{InstanceId}
{Status{Health}}",,,,,,,NA,Yes,NA,NA,NA,NA,NA,NA,NA,,NA,NA,NA,NA,NA,NA,Yes,,,Available OOB,No,No Impact,10 Sec,,"2021.1c
/redfish/v1/Chassis/HGX_PCIeSwitch_{InstanceId}
{Status{Health}}","2021.1c
/redfish/v1/Chassis/$ChassisId
{Status{Health}}","{ChassisId:{Id_contains: {anyOf: [PCIeSwitch], not: [RoT]}}}",PEXSwitch,,Y,ES,,,,L0,L1,NA
,,,Log entries from this device,,,NA,NA,NA,NA,"2021.1c
/redfish/v1/Chassis/HGX_PCIeSwitch_{InstanceId}/LogServices
{Members}","2021.1c
/redfish/v1/Chassis/HGX_PCIeSwitch_{InstanceId}/LogServices
{Members}","2021.1c
/redfish/v1/Chassis/HGX_PCIeSwitch_{InstanceId}/LogServices
{Members}",,,,,,,NA,Yes,NA,NA,NA,NA,NA,NA,NA,,NA,NA,NA,NA,NA,NA,Yes,,,Available OOB,No,No Impact,10 Sec,,"2021.1c
/redfish/v1/Chassis/HGX_PCIeSwitch_{InstanceId}/LogServices
{Members}","2021.1c
/redfish/v1/Chassis/$ChassisId/LogServices
{Members}","{ChassisId:{Id_contains: {anyOf: [PCIeSwitch], not: [RoT]}}}",PEXSwitch,,Y,ES,,,,L0,L1,NA
,,,Overall Health of this device + its dependencies,,,NA,NA,NA,NA,"2021.1c
/redfish/v1/Chassis/HGX_PCIeSwitch_{InstanceId}
{Status{HealthRollup}}","2021.1c
/redfish/v1/Chassis/HGX_PCIeSwitch_{InstanceId}
{Status{HealthRollup}}","2021.1c
/redfish/v1/Chassis/HGX_PCIeSwitch_{InstanceId}
{Status{HealthRollup}}",,,,,,,NA,Yes,NA,NA,NA,NA,NA,NA,NA,,NA,NA,NA,NA,NA,NA,NA,,,Available OOB,No,No Impact,10 Sec,,"2021.1c
/redfish/v1/Chassis/HGX_PCIeSwitch_{InstanceId}
{Status{HealthRollup}}","2021.1c
/redfish/v1/Chassis/$ChassisId
{Status{HealthRollup}}","{ChassisId:{Id_contains: {anyOf: [PCIeSwitch], not: [RoT]}}}",PEXSwitch,,Y,ES,,,,L0,L1,NA
,,,Upstream PCIe Link width,,,NA,NA,NA,NA,"2025.0a
/redfish/v1/Fabrics/HGX_PCIeTopology_{InstanceId}/Switches/ConnectX_Switch_{InstanceId}/Ports/Up_0
{ActiveWidth}",NA,NA,NA,NA,,,NA,NA,NA,NA,NA,Yes,NA,NA,NA,NA,NA,NA,NA,NA,NA,NA,NA,NA,NA,NA,NA,Available OOB,No,No Impact,,30,"2025.0a
/redfish/v1/Fabrics/HGX_PCIeTopology_{InstanceId}/Switches/ConnectX_Switch_{InstanceId}/Ports/Up_0
{ActiveWidth}","2025.0a
/redfish/v1/Fabrics/$FabricId/Switches/$SwitchId/Ports/$PortId
{ActiveWidth}","{FabricId:{FabricType: PCIe}, SwitchId: {SwitchType: PCIe}, PortId: {PortType: UpstreamPort}}
",,,,QS,,,,L1,L1,NA
,,,Upstream PCIe Link speed,,,NA,NA,NA,NA,"2025.0a
/redfish/v1/Fabrics/HGX_PCIeTopology_{InstanceId}/Switches/ConnectX_Switch_{InstanceId}/Ports/Up_0
{CurrentSpeedGbps}",NA,NA,NA,NA,,,NA,NA,NA,NA,NA,Yes,NA,NA,NA,NA,NA,NA,NA,NA,NA,NA,NA,NA,NA,NA,NA,Available OOB,No,No Impact,,30,"2025.0a
/redfish/v1/Fabrics/HGX_PCIeTopology_{InstanceId}/Switches/ConnectX_Switch_{InstanceId}/Ports/Up_0
{CurrentSpeedGbps}","2025.0a
/redfish/v1/Fabrics/$FabricId/Switches/$SwitchId/Ports/$PortId
{CurrentSpeedGbps}","{FabricId:{FabricType: PCIe}, SwitchId: {SwitchType: PCIe}, PortId: {PortType: UpstreamPort}}
",,,,QS,,,,L1,L1,NA
,,,Downstream PCIe Link width,,,NA,NA,NA,NA,"2025.0a
/redfish/v1/Fabrics/HGX_PCIeTopology_{InstanceId}/Switches/ConnectX_Switch_{InstanceId}/Ports/Down_0
{ActiveWidth}",NA,NA,NA,NA,,,NA,NA,NA,NA,NA,Yes,NA,NA,NA,NA,NA,NA,NA,NA,NA,NA,NA,NA,NA,NA,NA,Available OOB,No,No Impact,,30,"2025.0a
/redfish/v1/Fabrics/HGX_PCIeTopology_{InstanceId}/Switches/ConnectX_Switch_{InstanceId}/Ports/Down_0
{ActiveWidth}","2025.0a
/redfish/v1/Fabrics/$FabricId/Switches/$SwitchId/Ports/$PortId
{ActiveWidth}","{FabricId:{FabricType: PCIe}, SwitchId: {SwitchType: PCIe}, PortId: {PortType: DownstreamPort}}
",,,,QS,,,,L1,L1,NA
,,,Downstream PCIe Link speed,,,NA,NA,NA,NA,"2025.0a
/redfish/v1/Fabrics/HGX_PCIeTopology_{InstanceId}/Switches/ConnectX_Switch_{InstanceId}/Ports/Down_0
{CurrentSpeedGbps}",NA,NA,NA,NA,,,NA,NA,NA,NA,NA,Yes,NA,NA,NA,NA,NA,NA,NA,NA,NA,NA,NA,NA,NA,NA,NA,Available OOB,No,No Impact,,30,"2025.0a
/redfish/v1/Fabrics/HGX_PCIeTopology_{InstanceId}/Switches/ConnectX_Switch_{InstanceId}/Ports/Down_0
{CurrentSpeedGbps}","2025.0a
/redfish/v1/Fabrics/$FabricId/Switches/$SwitchId/Ports/$PortId
{CurrentSpeedGbps}","{FabricId:{FabricType: PCIe}, SwitchId: {SwitchType: PCIe}, PortId: {PortType: DownstreamPort}}
",,,,QS,,,,L1,L1,NA
,,,Upstream PCIe Link status,,,SMBPBI: 02H/03H; D0h-D7h (Retimer 1-8),NA,NA,NA,"2025.0a
/redfish/v1/Fabrics/HGX_PCIeTopology_{InstanceId}/Switches/ConnectX_Switch_{InstanceId}/Ports/Up_0
{Status{State}}",NA,NA,NA,NA,,,NA,NA,NA,NA,NA,Yes,NA,NA,NA,NA,NA,NA,NA,NA,NA,NA,NA,NA,NA,NA,NA,Available OOB,No,No Impact,10 Sec,30,"2025.0a
/redfish/v1/Fabrics/HGX_PCIeTopology_{InstanceId}/Switches/ConnectX_Switch_{InstanceId}/Ports/Up_0
{Status{State}}","2025.0a
/redfish/v1/Fabrics/$FabricId/Switches/$SwitchId/Ports/$PortId
{Status{State}}","{FabricId:{FabricType: PCIe}, SwitchId: {SwitchType: PCIe}, PortId: {PortType: UpstreamPort}}
",,,,QS,,,,L1,L1,NA
,,,Upstream PCIe Link health,,,NA,NA,NA,NA,"2025.0a
/redfish/v1/Fabrics/HGX_PCIeTopology_{InstanceId}/Switches/ConnectX_Switch_{InstanceId}/Ports/Up_0
{Status{Health}}",NA,NA,NA,NA,,,NA,NA,NA,NA,NA,Yes,NA,NA,NA,NA,NA,NA,NA,NA,NA,NA,NA,NA,NA,NA,NA,Available OOB,No,No Impact,10 Sec,30,"2025.0a
/redfish/v1/Fabrics/HGX_PCIeTopology_{InstanceId}/Switches/ConnectX_Switch_{InstanceId}/Ports/Up_0
{Status{Health}}","2025.0a
/redfish/v1/Fabrics/$FabricId/Switches/$SwitchId/Ports/$PortId
{Status{Health}}","{FabricId:{FabricType: PCIe}, SwitchId: {SwitchType: PCIe}, PortId: {PortType: UpstreamPort}}
",,,,QS,,,,L1,L1,NA
,,,Downstream PCIe Link status,,,NA,NA,NA,NA,"2025.0a
/redfish/v1/Fabrics/HGX_PCIeTopology_{InstanceId}/Switches/ConnectX_Switch_{InstanceId}/Ports/Down_0
{Status{State}}",NA,NA,NA,NA,,,NA,NA,NA,NA,NA,Yes,NA,NA,NA,NA,NA,NA,NA,NA,NA,NA,NA,NA,NA,NA,NA,Available OOB,No,No Impact,10 Sec,30,"2025.0a
/redfish/v1/Fabrics/HGX_PCIeTopology_{InstanceId}/Switches/ConnectX_Switch_{InstanceId}/Ports/Down_0
{Status{State}}","2025.0a
/redfish/v1/Fabrics/$FabricId/Switches/$SwitchId/Ports/$PortId
{Status{State}}","{FabricId:{FabricType: PCIe}, SwitchId: {SwitchType: PCIe}, PortId: {PortType: DownstreamPort}}
",,,,QS,,,,L1,L1,NA
,,,Downstream PCIe Link health,,,NA,NA,NA,NA,"2025.0a
/redfish/v1/Fabrics/HGX_PCIeTopology_{InstanceId}/Switches/ConnectX_Switch_{InstanceId}/Ports/Down_0
{Status{Health}}",NA,NA,NA,NA,,,NA,NA,NA,NA,NA,Yes,NA,NA,NA,NA,NA,NA,NA,NA,NA,NA,NA,NA,NA,NA,NA,Available OOB,No,No Impact,10 Sec,30,"2025.0a
/redfish/v1/Fabrics/HGX_PCIeTopology_{InstanceId}/Switches/ConnectX_Switch_{InstanceId}/Ports/Down_0
{Status{Health}}","2025.0a
/redfish/v1/Fabrics/$FabricId/Switches/$SwitchId/Ports/$PortId
{Status{Health}}","{FabricId:{FabricType: PCIe}, SwitchId: {SwitchType: PCIe}, PortId: {PortType: DownstreamPort}}
",,,,QS,,,,L1,L1,NA
,,,PWR_GB_HSC0 through PWR_GB_HSC10 (via BB SMBPBI),,,SMBPBI: 04h; 80h-91h (HSC1-10),NA,NA,NA,"2022.1f
/redfish/v1/Chassis/HGX_Chassis_{InstanceId}/Sensors/HGX_Chassis_{InstanceId}_HSC_{InstanceId}_Power_{InstanceId}
{Reading}","2022.1f
/redfish/v1/Chassis/HGX_Chassis_{InstanceId}/Sensors/HGX_Chassis_{InstanceId}_HSC_{InstanceId}_Power_{InstanceId}
{Reading}","2022.1f
/redfish/v1/Chassis/Baseboard_{InstanceId}/Sensors/Baseboard_{InstanceId}_HSC_{InstanceId}_Power_{InstanceId}
{Reading}",/redfish/v1/TelemetryService/MetricReports/HGX_PlatformEnvironmentMetrics_0,/redfish/v1/TelemetryService/MetricReports/PlatformEnvironmentMetrics_0,,,NA,NA,NA,Yes,Yes,Yes,NA,NA,NA,NA,NA,NA,NA,NA,NA,Yes,Yes,Yes,NA,,,Available OOB,No,No Impact,,0.3,"2022.1f
/redfish/v1/Chassis/{CHASSIS_NAME}_{InstanceId}/Sensors/{CHASSIS_NAME}_{InstanceId}_HSC_{InstanceId}_Power_{InstanceId}
{Reading}","2022.1f
/redfish/v1/Chassis/$ChassisId/Sensors/$SensorId
{Reading}","{ChassisId:{ChassisType: {anyOf: [Zone, RackMount]}, Id_contains: {not: [GPU, FPGA, NVSwitch, BMC, PCIeRetimer, NIC, CPU, PCIeSwitch, RoT]}}, SensorId: {ReadingType: Power}}",,,Y,ES Factory,,,,L0,L1,NA
,,,PWR_GB_HSC_STBY (via BB SMBPBI),,,SMBPBI: 04h; A0h (HSC_STBY),NA,NA,NA,"2022.1f
/redfish/v1/Chassis/HGX_Chassis_{InstanceId}/Sensors/HGX_Chassis_{InstanceId}_StandbyHSC_{InstanceId}_Power_{InstanceId}
{Reading}","2022.1f
/redfish/v1/Chassis/HGX_Chassis_{InstanceId}/Sensors/HGX_Chassis_{InstanceId}_StandbyHSC_{InstanceId}_Power_{InstanceId}
{Reading}","2022.1f
/redfish/v1/Chassis/Baseboard_{InstanceId}/Sensors/Baseboard_{InstanceId}_StandbyHSC_{InstanceId}_Power_{InstanceId}
{Reading}",/redfish/v1/TelemetryService/MetricReports/HGX_PlatformEnvironmentMetrics_0,/redfish/v1/TelemetryService/MetricReports/PlatformEnvironmentMetrics_0,,,NA,NA,NA,Yes,Yes,NA,NA,NA,NA,NA,NA,NA,NA,NA,NA,Yes,Yes,Yes,NA,,,Available OOB,No,No Impact,,0.3,"2022.1f
/redfish/v1/Chassis/{CHASSIS_NAME}_{InstanceId}/Sensors/{CHASSIS_NAME}_{InstanceId}_StandbyHSC_{InstanceId}_Power_{InstanceId}
{Reading}","2022.1f
/redfish/v1/Chassis/$ChassisId/Sensors/$SensorId
{Reading}","{ChassisId:{ChassisType: {anyOf: [Zone, RackMount]}, Id_contains: {not: [GPU, FPGA, NVSwitch, BMC, PCIeRetimer, NIC, CPU, PCIeSwitch, RoT]}}, SensorId: {ReadingType: Power}}",,,Y,ES Factory,,,,L0,L1,NA
,,,TEMP_GB_HSC0 through TEMP_GB_HSC10 (via BB SMBPBI),,,SMBPBI: 02h/03h; Arg C0h-C9h (HSC 1-10),NA,NA,NA,"2022.1f
/redfish/v1/Chassis/HGX_Chassis_{InstanceId}/Sensors/HGX_Chassis_{InstanceId}_HSC_{InstanceId}_Temp_{InstanceId}
{Reading}","2022.1f
/redfish/v1/Chassis/HGX_Chassis_{InstanceId}/Sensors/HGX_Chassis_{InstanceId}_HSC_{InstanceId}_Temp_{InstanceId}
{Reading}","2022.1f
/redfish/v1/Chassis/Baseboard_{InstanceId}/Sensors/Baseboard_{InstanceId}_HSC_{InstanceId}_Temp_{InstanceId}
{Reading}",/redfish/v1/TelemetryService/MetricReports/HGX_PlatformEnvironmentMetrics_0,,,,NA,NA,NA,Yes,Yes,Yes,NA,NA,NA,NA,NA,NA,NA,NA,NA,Yes,Yes,Yes,NA,,,Available OOB,No,No Impact,10 Sec,0.3,"2022.1f
/redfish/v1/Chassis/{CHASSIS_NAME}_{InstanceId}/Sensors/{CHASSIS_NAME}_{InstanceId}_HSC_{InstanceId}_Temp_{InstanceId}
{Reading}","2022.1f
/redfish/v1/Chassis/$ChassisId/Sensors/$SensorId
{Reading}","{ChassisId:{ChassisType: {anyOf: [Zone, RackMount]}, Id_contains: {not: [GPU, FPGA, NVSwitch, BMC, PCIeRetimer, NIC, CPU, PCIeSwitch, RoT]}}, SensorId: {ReadingType: Temperature, Id_contains: {anyOf: [HSC], not: [Standby]}}}",,,Y,ES Factory,,,,L0,L1,NA
,,,TEMP_GB_HSC_STBY (via BB SMBPBI),,,SMBPBI: 02h/03h; Arg CAh (HSC_STBY),NA,NA,NA,"2022.1f
/redfish/v1/Chassis/HGX_Chassis_{InstanceId}/Sensors/HGX_Chassis_{InstanceId}_StandbyHSC_{InstanceId}_Temp_{InstanceId}
{Reading}","2022.1f
/redfish/v1/Chassis/HGX_Chassis_{InstanceId}/Sensors/HGX_Chassis_{InstanceId}_StandbyHSC_{InstanceId}_Temp_{InstanceId}
{Reading}","2022.1f
/redfish/v1/Chassis/Baseboard_{InstanceId}/Sensors/Baseboard_{InstanceId}_StandbyHSC_{InstanceId}_Temp_{InstanceId}
{Reading}",/redfish/v1/TelemetryService/MetricReports/HGX_PlatformEnvironmentMetrics_0,,,,NA,NA,NA,Yes,Yes,NA,NA,NA,NA,NA,NA,NA,NA,NA,NA,Yes,Yes,Yes,NA,,,Available OOB,No,No Impact,10 Sec,0.3,"2022.1f
/redfish/v1/Chassis/{CHASSIS_NAME}_{InstanceId}/Sensors/{CHASSIS_NAME}_{InstanceId}_StandbyHSC_{InstanceId}_Temp_{InstanceId}
{Reading}","2022.1f
/redfish/v1/Chassis/$ChassisId/Sensors/$SensorId
{Reading}","{ChassisId:{ChassisType: {anyOf: [Zone, RackMount]}, Id_contains: {not: [GPU, FPGA, NVSwitch, BMC, PCIeRetimer, NIC, CPU, PCIeSwitch, RoT]}}, SensorId: {ReadingType: Temperature, Id_contains: StandbyHSC}}",,,Y,ES Factory,,,,L0,L1,NA
,,,PCIe Retimer (1-9) Firmware Version (via BB SMBPBI),,,"SMBPBI: (0x05,[0x90-0x98],[0x00])",NA,NA,NA,"2022.1e
/redfish/v1/UpdateService/FirmwareInventory/HGX_FW_PCIeRetimer_{InstanceId}
{Version}","2022.1e
/redfish/v1/UpdateService/FirmwareInventory/HGX_FW_PCIeRetimer_{InstanceId}
{Version}","2022.1e
/redfish/v1/UpdateService/FirmwareInventory/HGX_FW_PCIeRetimer_{InstanceId}
{Version}",,,,,NA,NA,NA,Yes,Yes,NA,NA,NA,NA,NA,NA,NA,NA,NA,NA,NA,NA,NA,NA,,,Available OOB,No,No Impact,1 Hr,30,"2022.1e
/redfish/v1/UpdateService/FirmwareInventory/HGX_FW_PCIeRetimer_{InstanceId}
{Version}","2022.1e
/redfish/v1/UpdateService/FirmwareInventory/$FwId
{Version}","{FwId: {Id_contains: {anyOf: [PCIeRetimer], not: [RoT]}}}",,,Y,ES Factory,,,,L0,L1,NA
,,,Upstream PCIe Link width,,,NA,NA,NA,NA,"2022.1f
/redfish/v1/Fabrics/HGX_PCIeRetimerTopology_{InstanceId}/Switches/PCIeRetimer_{InstanceId}/Ports/UP_0
{ActiveWidth}","2022.1f
/redfish/v1/Fabrics/HGX_PCIeRetimerTopology_{InstanceId}/Switches/PCIeRetimer_{InstanceId}/Ports/UP_0
{ActiveWidth}","2022.1f
/redfish/v1/Fabrics/HGX_PCIeRetimerTopology_{InstanceId}/Switches/PCIeRetimer_{InstanceId}/Ports/UP_0
{ActiveWidth}",,,,,NA,NA,NA,Yes,Yes,NA,NA,NA,NA,NA,NA,NA,NA,NA,NA,NA,NA,NA,NA,,,Available OOB,No,No Impact,,30,"2022.1f
/redfish/v1/Fabrics/HGX_PCIeRetimerTopology_{InstanceId}/Switches/PCIeRetimer_{InstanceId}/Ports/UP_0
{ActiveWidth}","2022.1f
/redfish/v1/Fabrics/$FabricId/Switches/$SwitchId/Ports/$PortId
{ActiveWidth}","{FabricId:{FabricType: PCIe}, SwitchId: {SwitchType: PCIe}, PortId: {PortType: UpstreamPort}}",,,Y,ES,,,,L0,L1,NA
,,,Upstream PCIe Link speed,,,NA,NA,NA,NA,"2022.1e
/redfish/v1/Fabrics/HGX_PCIeRetimerTopology_{InstanceId}/Switches/PCIeRetimer_{InstanceId}/Ports/UP_0
{CurrentSpeedGbps}","2022.1e
/redfish/v1/Fabrics/HGX_PCIeRetimerTopology_{InstanceId}/Switches/PCIeRetimer_{InstanceId}/Ports/UP_0
{CurrentSpeedGbps}","2022.1e
/redfish/v1/Fabrics/HGX_PCIeRetimerTopology_{InstanceId}/Switches/PCIeRetimer_{InstanceId}/Ports/UP_0
{CurrentSpeedGbps}",,,,,NA,NA,NA,Yes,Yes,NA,NA,NA,NA,NA,NA,NA,NA,NA,NA,NA,NA,NA,NA,,,Available OOB,No,No Impact,,30,"2022.1e
/redfish/v1/Fabrics/HGX_PCIeRetimerTopology_{InstanceId}/Switches/PCIeRetimer_{InstanceId}/Ports/UP_0
{CurrentSpeedGbps}","2022.1e
/redfish/v1/Fabrics/$FabricId/Switches/$SwitchId/Ports/$PortId
{CurrentSpeedGbps}","{FabricId:{FabricType: PCIe}, SwitchId: {SwitchType: PCIe}, PortId: {PortType: UpstreamPort}}",,,Y,ES,,,,L0,L1,NA
,,,Downstream PCIe Link width,,,NA,NA,NA,NA,"2022.1f
/redfish/v1/Fabrics/HGX_PCIeRetimerTopology_{InstanceId}/Switches/PCIeRetimer_{InstanceId}/Ports/DOWN_0
{ActiveWidth}","2022.1f
/redfish/v1/Fabrics/HGX_PCIeRetimerTopology_{InstanceId}/Switches/PCIeRetimer_{InstanceId}/Ports/DOWN_0
{ActiveWidth}","2022.1f
/redfish/v1/Fabrics/HGX_PCIeRetimerTopology_{InstanceId}/Switches/PCIeRetimer_{InstanceId}/Ports/DOWN_0
{ActiveWidth}",,,,,NA,NA,NA,Yes,Yes,NA,NA,NA,NA,NA,NA,NA,NA,NA,NA,NA,NA,NA,NA,,,Available OOB,No,No Impact,,30,"2022.1f
/redfish/v1/Fabrics/HGX_PCIeRetimerTopology_{InstanceId}/Switches/PCIeRetimer_{InstanceId}/Ports/DOWN_0
{ActiveWidth}","2022.1f
/redfish/v1/Fabrics/$FabricId/Switches/$SwitchId/Ports/$PortId
{ActiveWidth}","{FabricId:{FabricType: PCIe}, SwitchId: {SwitchType: PCIe}, PortId: {PortType: DownstreamPort}}",,,Y,ES,,,,L0,L1,NA
,,,Downstream PCIe Link speed,,,NA,NA,NA,NA,"2022.1e
/redfish/v1/Fabrics/HGX_PCIeRetimerTopology_{InstanceId}/Switches/PCIeRetimer_{InstanceId}/Ports/DOWN_0
{CurrentSpeedGbps}","2022.1e
/redfish/v1/Fabrics/HGX_PCIeRetimerTopology_{InstanceId}/Switches/PCIeRetimer_{InstanceId}/Ports/DOWN_0
{CurrentSpeedGbps}","2022.1e
/redfish/v1/Fabrics/HGX_PCIeRetimerTopology_{InstanceId}/Switches/PCIeRetimer_{InstanceId}/Ports/DOWN_0
{CurrentSpeedGbps}",,,,,NA,NA,NA,Yes,Yes,NA,NA,NA,NA,NA,NA,NA,NA,NA,NA,NA,NA,NA,NA,,,Available OOB,No,No Impact,,30,"2022.1e
/redfish/v1/Fabrics/HGX_PCIeRetimerTopology_{InstanceId}/Switches/PCIeRetimer_{InstanceId}/Ports/DOWN_0
{CurrentSpeedGbps}","2022.1e
/redfish/v1/Fabrics/$FabricId/Switches/$SwitchId/Ports/$PortId
{CurrentSpeedGbps}","{FabricId:{FabricType: PCIe}, SwitchId: {SwitchType: PCIe}, PortId: {PortType: DownstreamPort}}",,,Y,ES,,,,L0,L1,NA
,,,Temperature,,,SMBPBI: 02H/03H; D0h-D7h (Retimer 1-8),NA,NA,NA,"2022.1f
/redfish/v1/Chassis/HGX_PCIeRetimer_{InstanceId}/Sensors/HGX_PCIeRetimer_{InstanceId}_TEMP_{InstanceId}
{Reading}","2022.1f
/redfish/v1/Chassis/HGX_PCIeRetimer_{InstanceId}/Sensors/HGX_PCIeRetimer_{InstanceId}_TEMP_{InstanceId}
{Reading}","2022.1f
/redfish/v1/Chassis/HGX_PCIeRetimer_{InstanceId}/Sensors/HGX_PCIeRetimer_{InstanceId}_TEMP_{InstanceId}
{Reading}",/redfish/v1/TelemetryService/MetricReports/HGX_PlatformEnvironmentMetrics_0,,,,NA,NA,NA,Yes,Yes,NA,NA,NA,NA,NA,NA,NA,NA,NA,NA,NA,NA,NA,NA,,,Available OOB,No,No Impact,10 Sec,0.3,"2022.1f
/redfish/v1/Chassis/HGX_PCIeRetimer_{InstanceId}/Sensors/HGX_PCIeRetimer_{InstanceId}_TEMP_{InstanceId}
{Reading}","2022.1f
/redfish/v1/Chassis/$ChassisId/Sensors/$SensorId
{Reading}","{ChassisId:{Id_contains: {anyOf: [PCIeRetimer], not: [RoT]}}, SensorId: {ReadingType: Temperature}}",,,Y,ES Factory,,,,L0,L1,NA
,,,Overall Health of this device,,,NA,NA,NA,NA,"2021.1c
/redfish/v1/Chassis/HGX_PCIeRetimer_{InstanceId}
{Status{Health}}","2021.1c
/redfish/v1/Chassis/HGX_PCIeRetimer_{InstanceId}
{Status{Health}}","2021.1c
/redfish/v1/Chassis/HGX_PCIeRetimer_{InstanceId}
{Status{Health}}",,,,,NA,NA,NA,Yes,Yes,NA,NA,NA,NA,NA,NA,NA,NA,NA,NA,NA,NA,NA,NA,,,Available OOB,No,No Impact,10 Sec,30,"2021.1c
/redfish/v1/Chassis/HGX_PCIeRetimer_{InstanceId}
{Status{Health}}","2021.1c
/redfish/v1/Chassis/$ChassisId
{Status{Health}}","{ChassisId:{Id_contains: {anyOf: [PCIeRetimer], not: [RoT]}}}",ReTimers,,Y,ES,,,,L0,L1,NA
,,,Overall Health of this device + its dependencies,,,NA,NA,NA,NA,"2021.1c
/redfish/v1/Chassis/HGX_PCIeRetimer_{InstanceId}
{Status{HealthRollup}}","2021.1c
/redfish/v1/Chassis/HGX_PCIeRetimer_{InstanceId}
{Status{HealthRollup}}","2021.1c
/redfish/v1/Chassis/HGX_PCIeRetimer_{InstanceId}
{Status{HealthRollup}}",,,,,NA,NA,NA,Yes,Yes,NA,NA,NA,NA,NA,NA,NA,NA,NA,NA,NA,NA,NA,NA,,,Available OOB,No,No Impact,10 Sec,30,"2021.1c
/redfish/v1/Chassis/HGX_PCIeRetimer_{InstanceId}
{Status{HealthRollup}}","2021.1c
/redfish/v1/Chassis/$ChassisId
{Status{HealthRollup}}","{ChassisId:{Id_contains: {anyOf: [PCIeRetimer], not: [RoT]}}}",ReTimers,,Y,ES,,,,L0,L1,NA
,,,Log entries from this device,,,NA,NA,NA,NA,"2021.1c
/redfish/v1/Chassis/HGX_PCIeRetimer_{InstanceId}/LogServices
{Members}","2021.1c
/redfish/v1/Chassis/HGX_PCIeRetimer_{InstanceId}/LogServices
{Members}","2021.1c
/redfish/v1/Chassis/HGX_PCIeRetimer_{InstanceId}/LogServices
{Members}",,,,,NA,NA,NA,Yes,Yes,NA,NA,NA,NA,NA,NA,NA,NA,NA,NA,NA,NA,NA,NA,,,Available OOB,No,No Impact,10 Sec,,"2021.1c
/redfish/v1/Chassis/HGX_PCIeRetimer_{InstanceId}/LogServices
{Members}","2021.1c
/redfish/v1/Chassis/$ChassisId/LogServices
{Members}","{ChassisId:{Id_contains: {anyOf: [PCIeRetimer], not: [RoT]}}}",ReTimers,,Y,ES,,,,L0,L1,NA
,,,Upstream PCIe Link status,,,NA,NA,NA,NA,"2022.1e
/redfish/v1/Fabrics/HGX_PCIeRetimerTopology_{InstanceId}/Switches/PCIeRetimer_{InstanceId}/Ports/UP_0
{Status{State}}","2022.1e
/redfish/v1/Fabrics/HGX_PCIeRetimerTopology_{InstanceId}/Switches/PCIeRetimer_{InstanceId}/Ports/UP_0
{Status{State}}","2022.1e
/redfish/v1/Fabrics/HGX_PCIeRetimerTopology_{InstanceId}/Switches/PCIeRetimer_{InstanceId}/Ports/UP_0
{Status{State}}",,,,,NA,NA,NA,Yes,Yes,NA,NA,NA,NA,NA,NA,NA,NA,NA,NA,NA,NA,NA,NA,,,Available OOB,No,No Impact,10 Sec,30,"2022.1e
/redfish/v1/Fabrics/HGX_PCIeRetimerTopology_{InstanceId}/Switches/PCIeRetimer_{InstanceId}/Ports/UP_0
{Status{State}}","2022.1e
/redfish/v1/Fabrics/$FabricId/Switches/$SwitchId/Ports/$PortId
{Status{State}}","{FabricId:{FabricType: PCIe}, SwitchId: {SwitchType: PCIe}, PortId: {PortType: UpstreamPort}}",,,Y,ES,,,,L0,L1,NA
,,,Upstream PCIe Link health,,,NA,NA,NA,NA,"2022.1e
/redfish/v1/Fabrics/HGX_PCIeRetimerTopology_{InstanceId}/Switches/PCIeRetimer_{InstanceId}/Ports/UP_0
{Status{Health}}","2022.1e
/redfish/v1/Fabrics/HGX_PCIeRetimerTopology_{InstanceId}/Switches/PCIeRetimer_{InstanceId}/Ports/UP_0
{Status{Health}}","2022.1e
/redfish/v1/Fabrics/HGX_PCIeRetimerTopology_{InstanceId}/Switches/PCIeRetimer_{InstanceId}/Ports/UP_0
{Status{Health}}",,,,,NA,NA,NA,Yes,Yes,NA,NA,NA,NA,NA,NA,NA,NA,NA,NA,NA,NA,NA,NA,,,Available OOB,No,No Impact,10 Sec,30,"2022.1e
/redfish/v1/Fabrics/HGX_PCIeRetimerTopology_{InstanceId}/Switches/PCIeRetimer_{InstanceId}/Ports/UP_0
{Status{Health}}","2022.1e
/redfish/v1/Fabrics/$FabricId/Switches/$SwitchId/Ports/$PortId
{Status{Health}}","{FabricId:{FabricType: PCIe}, SwitchId: {SwitchType: PCIe}, PortId: {PortType: UpstreamPort}}",,,Y,ES,,,,L0,L1,NA
,,,Downstream PCIe Link status,,,NA,NA,NA,NA,"2022.1e
/redfish/v1/Fabrics/HGX_PCIeRetimerTopology_{InstanceId}/Switches/PCIeRetimer_{InstanceId}/Ports/DOWN_0
{Status{State}}","2022.1e
/redfish/v1/Fabrics/HGX_PCIeRetimerTopology_{InstanceId}/Switches/PCIeRetimer_{InstanceId}/Ports/DOWN_0
{Status{State}}","2022.1e
/redfish/v1/Fabrics/HGX_PCIeRetimerTopology_{InstanceId}/Switches/PCIeRetimer_{InstanceId}/Ports/DOWN_0
{Status{State}}",,,,,NA,NA,NA,Yes,Yes,NA,NA,NA,NA,NA,NA,NA,NA,NA,NA,NA,NA,NA,NA,,,Available OOB,No,No Impact,10 Sec,30,"2022.1e
/redfish/v1/Fabrics/HGX_PCIeRetimerTopology_{InstanceId}/Switches/PCIeRetimer_{InstanceId}/Ports/DOWN_0
{Status{State}}","2022.1e
/redfish/v1/Fabrics/$FabricId/Switches/$SwitchId/Ports/$PortId
{Status{State}}","{FabricId:{FabricType: PCIe}, SwitchId: {SwitchType: PCIe}, PortId: {PortType: DownstreamPort}}",,,Y,ES,,,,L0,L1,NA
,,,Downstream PCIe Link health,,,NA,NA,NA,NA,"2022.1e
/redfish/v1/Fabrics/HGX_PCIeRetimerTopology_{InstanceId}/Switches/PCIeRetimer_{InstanceId}/Ports/DOWN_0
{Status{Health}}","2022.1e
/redfish/v1/Fabrics/HGX_PCIeRetimerTopology_{InstanceId}/Switches/PCIeRetimer_{InstanceId}/Ports/DOWN_0
{Status{Health}}","2022.1e
/redfish/v1/Fabrics/HGX_PCIeRetimerTopology_{InstanceId}/Switches/PCIeRetimer_{InstanceId}/Ports/DOWN_0
{Status{Health}}",,,,,NA,NA,NA,Yes,Yes,NA,NA,NA,NA,NA,NA,NA,NA,NA,NA,NA,NA,NA,NA,,,Available OOB,No,No Impact,10 Sec,30,"2022.1e
/redfish/v1/Fabrics/HGX_PCIeRetimerTopology_{InstanceId}/Switches/PCIeRetimer_{InstanceId}/Ports/DOWN_0
{Status{Health}}","2022.1e
/redfish/v1/Fabrics/$FabricId/Switches/$SwitchId/Ports/$PortId
{Status{Health}}","{FabricId:{FabricType: PCIe}, SwitchId: {SwitchType: PCIe}, PortId: {PortType: DownstreamPort}}",,,Y,ES,,,,L0,L1,NA
,,,Module power monitoring,,,"PLDM: 0xN030, 81, 0, 0x0010",,,DCGM_FI_DEV_MODULE_POWER_UTIL_CURRENT: 1133,"GH
/redfish/v1/Chassis/{PROCMOD_CHAS_NAME}_{InstanceId}/Sensors/{PROCMOD_SENS_NAME}_{InstanceId}_Power_{InstanceId}
{Reading}","GH
/redfish/v1/Chassis/HGX_ProcessorModule_{InstanceId}/Sensors/ProcessorModule_{InstanceId}_Power_{InstanceId}
{Reading}","GH
/redfish/v1/Chassis/ProcessorModule_{InstanceId}/Sensors/ProcessorModule_{InstanceId}_Power_{InstanceId}
{Reading}",,/redfish/v1/TelemetryService/MetricReports/PlatformEnvironmentMetrics_0,,,,,,NA,NA,NA,NA,NA,NA,NA,NA,,NA,Yes,NA,NA,NA,Yes,NA,,,Available OOB,No,No Impact,250ms,,"GH
/redfish/v1/Chassis/{PROCMOD_CHAS_NAME}_{InstanceId}/Sensors/{PROCMOD_SENS_NAME}_{InstanceId}_Power_{InstanceId}
{Reading}","GH
/redfish/v1/Chassis/$ChassisId/Sensors/$SensorId
{Reading}","{ChassisId: {Id_contains: {anyOf: [ProcessorModule], not: [RoT]}}, SensorId: {ReadingType: Power}}",,,Y,ES Factory,,,,L0,L1,NA
,,,Module energy counter,,,"PLDM: 0xN031, 81, 0, 0x0010",,,,"GH
/redfish/v1/Chassis/{PROCMOD_CHAS_NAME}_{InstanceId}/Sensors/{PROCMOD_SENS_NAME}_{InstanceId}_Energy_{InstanceId}
{Reading}","GH
/redfish/v1/Chassis/HGX_ProcessorModule_{InstanceId}/Sensors/ProcessorModule_{InstanceId}_Energy_{InstanceId}
{Reading}","GH
/redfish/v1/Chassis/ProcessorModule_{InstanceId}/Sensors/ProcessorModule_{InstanceId}_Energy_{InstanceId}
{Reading}",,/redfish/v1/TelemetryService/MetricReports/PlatformEnvironmentMetrics_0,,,,,,NA,NA,NA,NA,NA,NA,NA,NA,,NA,Yes,NA,NA,NA,Yes,NA,,,Available OOB,No,No Impact,250ms,,"GH
/redfish/v1/Chassis/{PROCMOD_CHAS_NAME}_{InstanceId}/Sensors/{PROCMOD_SENS_NAME}_{InstanceId}_Energy_{InstanceId}
{Reading}","GH
/redfish/v1/Chassis/$ChassisId/Sensors/$SensorId
{Reading}","{ChassisId: {Id_contains: {anyOf: [ProcessorModule], not: [RoT]}}, SensorId: {ReadingType: EnergyJoules}}",,,Y,ES Factory,,,,L0,L1,NA
,,,Firmware version,,,NA,,,,"2019.2
/redfish/v1/UpdateService/FirmwareInventory/HostBMC_0_{InstanceId}
{Version}","2019.2
/redfish/v1/UpdateService/FirmwareInventory/FW_BMC_{InstanceId}
{Version}","2019.2
/redfish/v1/UpdateService/FirmwareInventory/BMC_Firmware_{InstanceId}
{Version}",,,,,,,,NA,NA,NA,Yes,NA,Yes,NA,Yes,,Yes,Yes,Yes,Yes,Yes,Yes,NA,Yes,,Available OOB,No,No Impact,1 Hr,,"2019.2
/redfish/v1/UpdateService/FirmwareInventory/{BMC_FW_NAME}_{InstanceId}
{Version}","2019.2
/redfish/v1/UpdateService/FirmwareInventory/$FwId
{Version}","{FwId: {Id_contains: {anyOf: [BMC], not: [RoT, HGX]}}}",,,Y,ES NVOEM,,,,nvoem,L1,NA
,,,Log entries from this device,,,NA,NA,NA,NA,"2021.1c
/redfish/v1/Managers/HGX_BMC_{InstanceId}/LogServices
{Members}","2021.1c
/redfish/v1/Managers/HGX_BMC_{InstanceId}/LogServices
{Members}","2021.1c
/redfish/v1/Managers/BMC_{InstanceId}/LogServices
{Members}",,,,,,,NA,NA,NA,NA,NA,NA,NA,NA,NA,,Yes,Yes,Yes,Yes,Yes,Yes,NA,Yes,,Available OOB,No,No Impact,10 Sec,,"2021.1c
/redfish/v1/Managers/{BMC_CHAS_NAME}_{InstanceId}/LogServices
{Members}","2021.1c
/redfish/v1/Managers/$ManagerId/LogServices
{Members}","{ManagerId: {ManagerType: BMC, Id_Contains: {not: [HGX]}}}",,,Y,ES,,,,L0,L1,NA
,,,Overall Health of this device,,,NA,NA,NA,NA,"2021.1c
/redfish/v1/Chassis/HGX_BMC_{InstanceId}
{Status{Health}}","2021.1c
/redfish/v1/Chassis/HGX_BMC_{InstanceId}
{Status{Health}}","2021.1c
/redfish/v1/Chassis/BMC_{InstanceId}
{Status{Health}}",,,,,,,NA,NA,NA,NA,NA,NA,NA,NA,NA,,Yes,Yes,Yes,Yes,Yes,Yes,NA,Yes,,Available OOB,No,No Impact,10 Sec,30,"2021.1c
/redfish/v1/Chassis/{BMC_CHAS_NAME}_{InstanceId}
{Status{Health}}","2021.1c
/redfish/v1/Chassis/$ChassisId
{Status{Health}}","{ChassisId:{Id_Contains: {anyof: [BMC], not: [RoT, HGX]}}}",,,Y,ES,,,,L0,L1,NA
,,,Number of PSUs in the system,,,,NA,NA,NA,,,"2024.?
/redfish/v1/Chassis/{POWERSHELF_CHASSIS_NAME}/PowerSubsystem/PowerSupplies
{Members@odata.count}",,,,,NA,NA,NA,NA,NA,NA,NA,NA,NA,NA,NA,NA,NA,NA,NA,NA,NA,NA,NA,NA,Yes,Available OOB,,,1 Hr,,"2024.?
/redfish/v1/Chassis/{POWERSHELF_CHASSIS_NAME}/PowerSubsystem/PowerSupplies
{Members@odata.count}","2024.?
/redfish/v1/Chassis/$PowershelfChassisId/PowerSubsystem/PowerSupplies
{Members@odata.count}",{PowershelfChassisId:{ChassisType: Shelf}},,,,,,,,L1,L1,NA
,,,Instantaneous output power of PSU,,,,NA,NA,NA,,,"2024.?
/redfish/v1/Chassis/{POWERSHELF_CHASSIS_NAME}/Sensors/{PSU_PWR_SensorId}
{Reading}",,,,,NA,NA,NA,NA,NA,NA,NA,NA,NA,NA,NA,NA,NA,NA,NA,NA,NA,NA,NA,NA,Yes,Available OOB,,,,,"2024.?
/redfish/v1/Chassis/{POWERSHELF_CHASSIS_NAME}/Sensors/{PSU_PWR_SensorId}
{Reading}","2024.?
/redfish/v1/Chassis/$PowershelfChassisId/Sensors/$SensorId
{Reading}","{PowershelfChassisId:{ChassisType: Shelf}, SensorId: {ReadingType: Power, Id_contains: PSU}}",,,,,,,,L1,L1,NA
,,,"Instantaneous percentage of maximum current output for 
the PSU",,,,NA,NA,NA,,,"2024.?
/redfish/v1/Chassis/{POWERSHELF_CHASSIS_NAME}/Sensors/{PSU_CURRENT_SensorId}
{Reading}",,,,,NA,NA,NA,NA,NA,NA,NA,NA,NA,NA,NA,NA,NA,NA,NA,NA,NA,NA,NA,NA,Yes,Available OOB,,,,,"2024.?
/redfish/v1/Chassis/{POWERSHELF_CHASSIS_NAME}/Sensors/{PSU_CURRENT_SensorId}
{Reading}","2024.?
/redfish/v1/Chassis/$PowershelfChassisId/Sensors/$SensorId
{Reading}","{PowershelfChassisId:{ChassisType: Shelf}, SensorId: {ReadingType: Current, Id_contains: PSU}}",,,,,,,,L1,L1,NA
,,,Instantaneous temperature of PSU,,,,NA,NA,NA,,,"2024.?
/redfish/v1/Chassis/{POWERSHELF_CHASSIS_NAME}/Sensors/{PSU_TEMP_SensorId}
{Reading}",,,,,NA,NA,NA,NA,NA,NA,NA,NA,NA,NA,NA,NA,NA,NA,NA,NA,NA,NA,NA,NA,Yes,Available OOB,,,10 Sec,,"2024.?
/redfish/v1/Chassis/{POWERSHELF_CHASSIS_NAME}/Sensors/{PSU_TEMP_SensorId}
{Reading}","2024.?
/redfish/v1/Chassis/$PowershelfChassisId/Sensors/$SensorId
{Reading}","{PowershelfChassisId:{ChassisType: Shelf}, SensorId: {ReadingType: Temperature, Id_contains: PSU}}",,,,,,,,L1,L1,NA
,,,Instantaneous fan speed of PSU,,,,NA,NA,NA,,,"2024.?
/redfish/v1/Chassis/{POWERSHELF_CHASSIS_NAME}/Sensors/{PSU_FAN_SensorId}
{Reading}",,,,,NA,NA,NA,NA,NA,NA,NA,NA,NA,NA,NA,NA,NA,NA,NA,NA,NA,NA,NA,NA,Yes,Available OOB,,,,,"2024.?
/redfish/v1/Chassis/{POWERSHELF_CHASSIS_NAME}/Sensors/{PSU_FAN_SensorId}
{Reading}","2024.?
/redfish/v1/Chassis/$PowershelfChassisId/Sensors/$SensorId
{Reading}","{PowershelfChassisId:{ChassisType: Shelf}, SensorId: {ReadingType: Rotational, Id_contains: PSU}}",,,,,,,,L1,L1,NA
,,,PSU Part Number,,,,NA,NA,NA,,,"2024.?
/redfish/v1/Chassis/{POWERSHELF_CHASSIS_NAME}/PowerSubsystem/PowerSupplies/PSU_{InstanceId}
{PartNumber}",,,,,NA,NA,NA,NA,NA,NA,NA,NA,NA,NA,NA,NA,NA,NA,NA,NA,NA,NA,NA,NA,Yes,Available OOB,,,1 Hr,,"2024.?
/redfish/v1/Chassis/{POWERSHELF_CHASSIS_NAME}/PowerSubsystem/PowerSupplies/PSU_{InstanceId}
{PartNumber}","2024.?
/redfish/v1/Chassis/$PowershelfChassisId/PowerSubsystem/PowerSupplies/$PSUId
{PartNumber}","{PowershelfChassisId:{ChassisType: Shelf}, PSUId: {Id: all}}",,,,,,,,L1,L1,NA
,,,PSU Serial Number,,,,NA,NA,NA,,,"2024.?
/redfish/v1/Chassis/{POWERSHELF_CHASSIS_NAME}/PowerSubsystem/PowerSupplies/PSU_{InstanceId}
{SerialNumber}",,,,,NA,NA,NA,NA,NA,NA,NA,NA,NA,NA,NA,NA,NA,NA,NA,NA,NA,NA,NA,NA,Yes,Available OOB,,,1 Hr,,"2024.?
/redfish/v1/Chassis/{POWERSHELF_CHASSIS_NAME}/PowerSubsystem/PowerSupplies/PSU_{InstanceId}
{SerialNumber}","2024.?
/redfish/v1/Chassis/$PowershelfChassisId/PowerSubsystem/PowerSupplies/$PSUId
{SerialNumber}","{PowershelfChassisId:{ChassisType: Shelf}, PSUId: {Id: all}}",,,,,,,,L1,L1,NA
,,,PSU Manufacturer,,,,NA,NA,NA,,,"2024.?
/redfish/v1/Chassis/{POWERSHELF_CHASSIS_NAME}/PowerSubsystem/PowerSupplies/PSU_{InstanceId}
{Manufacturer}",,,,,NA,NA,NA,NA,NA,NA,NA,NA,NA,NA,NA,NA,NA,NA,NA,NA,NA,NA,NA,NA,Yes,Available OOB,,,1 Hr,,"2024.?
/redfish/v1/Chassis/{POWERSHELF_CHASSIS_NAME}/PowerSubsystem/PowerSupplies/PSU_{InstanceId}
{Manufacturer}","2024.?
/redfish/v1/Chassis/$PowershelfChassisId/PowerSubsystem/PowerSupplies/$PSUId
{Manufacturer}","{PowershelfChassisId:{ChassisType: Shelf}, PSUId: {Id: all}}",,,,,,,,L1,L1,NA
,,,PSU temperature metrics,,,,NA,NA,NA,,,"2024.?
/redfish/v1/Chassis/{POWERSHELF_CHASSIS_NAME}/PowerSubsystem/PowerSupplies/PSU_{InstanceId}/Metrics
{TemperatureCelsius{Reading}}",,,,,NA,NA,NA,NA,NA,NA,NA,NA,NA,NA,NA,NA,NA,NA,NA,NA,NA,NA,NA,NA,Yes,Available OOB,,,10 Sec,,"2024.?
/redfish/v1/Chassis/{POWERSHELF_CHASSIS_NAME}/PowerSubsystem/PowerSupplies/PSU_{InstanceId}/Metrics
{TemperatureCelsius{Reading}}","2024.?
/redfish/v1/Chassis/$PowershelfChassisId/PowerSubsystem/PowerSupplies/$PSUId/Metrics
{TemperatureCelsius{Reading}}","{PowershelfChassisId:{ChassisType: Shelf}, PSUId: {Id: all}}",,,,,,,,L1,L1,NA
,,,PSU power metrics,,,,NA,NA,NA,,,"2024.?
/redfish/v1/Chassis/{POWERSHELF_CHASSIS_NAME}/PowerSubsystem/PowerSupplies/PSU_{InstanceId}/Metrics
{OutputPowerWatts{Reading}}",,,,,NA,NA,NA,NA,NA,NA,NA,NA,NA,NA,NA,NA,NA,NA,NA,NA,NA,NA,NA,NA,Yes,Available OOB,,,,,"2024.?
/redfish/v1/Chassis/{POWERSHELF_CHASSIS_NAME}/PowerSubsystem/PowerSupplies/PSU_{InstanceId}/Metrics
{OutputPowerWatts{Reading}}","2024.?
/redfish/v1/Chassis/$PowershelfChassisId/PowerSubsystem/PowerSupplies/$PSUId/Metrics
{OutputPowerWatts{Reading}}","{PowershelfChassisId:{ChassisType: Shelf}, PSUId: {Id: all}}",,,,,,,,L1,L1,NA
,,,PSU fan speed metrics,,,,NA,NA,NA,,,"2024.?
/redfish/v1/Chassis/{POWERSHELF_CHASSIS_NAME}/PowerSubsystem/PowerSupplies/PSU_{InstanceId}/Metrics
{FanSpeedPercent{Reading}}",,,,,NA,NA,NA,NA,NA,NA,NA,NA,NA,NA,NA,NA,NA,NA,NA,NA,NA,NA,NA,NA,Yes,Available OOB,,,,,"2024.?
/redfish/v1/Chassis/{POWERSHELF_CHASSIS_NAME}/PowerSubsystem/PowerSupplies/PSU_{InstanceId}/Metrics
{FanSpeedPercent{Reading}}","2024.?
/redfish/v1/Chassis/$PowershelfChassisId/PowerSubsystem/PowerSupplies/$PSUId/Metrics
{FanSpeedPercent[]{Reading}}","{PowershelfChassisId:{ChassisType: Shelf}, PSUId: {Id: all}}",,,,,,,,L1,L1,NA
,,,Overall health of PSU,,,,NA,NA,NA,,,"2024.?
/redfish/v1/Chassis/{POWERSHELF_CHASSIS_NAME}/PowerSubsystem/PowerSupplies/PSU_{InstanceId}/Metrics
{Status{Health}}",,,,,NA,NA,NA,NA,NA,NA,NA,NA,NA,NA,NA,NA,NA,NA,NA,NA,NA,NA,NA,NA,Yes,Available OOB,,,10 Sec,,"2024.?
/redfish/v1/Chassis/{POWERSHELF_CHASSIS_NAME}/PowerSubsystem/PowerSupplies/PSU_{InstanceId}/Metrics
{Status{Health}}","2024.?
/redfish/v1/Chassis/$PowershelfChassisId/PowerSubsystem/PowerSupplies/$PSUId/Metrics
{Status{Health}}","{PowershelfChassisId:{ChassisType: Shelf}, PSUId: {Id: all}}",,,,,,,,L1,L1,NA
,,,Firmware version,,,NA,,,,"2019.2
/redfish/v1/Systems/{BMC_NOT_HMC_SYSTEM_NAME}_{InstanceId}/Storage/1/Controllers/{InstanceId}
{FirmwareVersion}","2019.2
/redfish/v1/Systems/System_{InstanceId}/Storage/1/Controllers/{InstanceId}
{FirmwareVersion}","2019.2
/redfish/v1/Systems/{BMC_NOT_HMC_SYSTEM_NAME}_{InstanceId}/Storage/{STORAGE_UNIT_NAME}/Controllers/{InstanceId}
{FirmwareVersion}",,,,,,,,NA,NA,NA,NA,NA,Yes,NA,Yes,,NA,NA,NA,NA,NA,NA,NA,,,Available OOB,,No Impact,1 Hr,,"2019.2
/redfish/v1/Systems/{BMC_NOT_HMC_SYSTEM_NAME}_{InstanceId}/Storage/{STORAGE_UNIT_NAME}/Controllers/{InstanceId}
{FirmwareVersion}","2019.2
/redfish/v1/Systems/$SystemId/Storage/$StorageUnitId/Controllers/{InstanceId}
{FirmwareVersion}",TBA,,,Y,QS NVOEM,,,,nvoem,"L1, R1",NA
,,,Number of CPUs on the system,,,NA,,,,"2019.2
/redfish/v1/Systems/{BMC_NOT_HMC_SYSTEM_NAME}_{InstanceId}/Storage/1
{Drives@odata.count}","2019.2
/redfish/v1/Systems/System_{InstanceId}/Storage/1
{Drives@odata.count}","2019.2
/redfish/v1/Systems/{BMC_NOT_HMC_SYSTEM_NAME}_{InstanceId}/Storage/{STORAGE_UNIT_NAME}
{Drives@odata.count}",,,,,,,,NA,NA,NA,NA,NA,Yes,NA,Yes,,NA,NA,NA,NA,NA,NA,NA,,,Available OOB,,No Impact,1 Hr,,"2019.2
/redfish/v1/Systems/{BMC_NOT_HMC_SYSTEM_NAME}_{InstanceId}/Storage/{STORAGE_UNIT_NAME}
{Drives@odata.count}","2019.2
/redfish/v1/Systems/$SystemId/Storage/StorageUnit_0
{Drives@odata.count}",TBA,,,Y,ES NVOEM,,,,nvoem,"L1, R1",NA
,,,Vendor/Manufacturer of this device,,,NA,,,,"2019.2
/redfish/v1/Systems/{BMC_NOT_HMC_SYSTEM_NAME}_{InstanceId}/Storage/1/Drives/{InstanceId}
{Manufacturer}","2019.2
/redfish/v1/Systems/System_{InstanceId}/Storage/1/Drives/{InstanceId}
{Manufacturer}","2019.2
/redfish/v1/Systems/{BMC_NOT_HMC_SYSTEM_NAME}_{InstanceId}/Storage/{STORAGE_UNIT_NAME}/Drives/{InstanceId}
{Manufacturer}",,,,,,,,NA,NA,NA,NA,NA,Yes,NA,Yes,,NA,NA,NA,NA,NA,NA,NA,,,Available OOB,,No Impact,1 Hr,,"2019.2
/redfish/v1/Systems/{BMC_NOT_HMC_SYSTEM_NAME}_{InstanceId}/Storage/{STORAGE_UNIT_NAME}/Drives/{InstanceId}
{Manufacturer}","2019.2
/redfish/v1/Systems/$SystemId/Storage/StorageUnit_0/Drives/NVMe_Device{InstanceId}_NSID1
{Manufacturer}",TBA,,,Y,ES NVOEM,,,,nvoem,"L1, R1",NA
,,,Model number of this device,,,NA,,,,"2019.2
/redfish/v1/Systems/{BMC_NOT_HMC_SYSTEM_NAME}_{InstanceId}/Storage/1/Drives/{InstanceId}
{Model}","2019.2
/redfish/v1/Systems/System_{InstanceId}/Storage/1/Drives/{InstanceId}
{Model}","2019.2
/redfish/v1/Systems/{BMC_NOT_HMC_SYSTEM_NAME}_{InstanceId}/Storage/{STORAGE_UNIT_NAME}/Drives/{InstanceId}
{Model}",,,,,,,,NA,NA,NA,NA,NA,Yes,NA,Yes,,NA,NA,NA,NA,NA,NA,NA,,,Available OOB,,No Impact,1 Hr,,"2019.2
/redfish/v1/Systems/{BMC_NOT_HMC_SYSTEM_NAME}_{InstanceId}/Storage/{STORAGE_UNIT_NAME}/Drives/{InstanceId}
{Model}","2019.2
/redfish/v1/Systems/$SystemId/Storage/StorageUnit_0/Drives/NVMe_Device{InstanceId}_NSID1
{Model}",TBA,,,Y,ES NVOEM,,,,nvoem,"L1, R1",NA
,,,Serial number of this device,,,NA,,,,"2019.2
/redfish/v1/Systems/{BMC_NOT_HMC_SYSTEM_NAME}_{InstanceId}/Storage/1/Drives/{InstanceId}
{SerialNumber}","2019.2
/redfish/v1/Systems/System_{InstanceId}/Storage/1/Drives/{InstanceId}
{SerialNumber}","2019.2
/redfish/v1/Systems/{BMC_NOT_HMC_SYSTEM_NAME}_{InstanceId}/Storage/{STORAGE_UNIT_NAME}/Drives/{InstanceId}
{SerialNumber}",,,,,,,,NA,NA,NA,NA,NA,Yes,NA,Yes,,NA,NA,NA,NA,NA,NA,NA,,,Available OOB,,No Impact,1 Hr,,"2019.2
/redfish/v1/Systems/{BMC_NOT_HMC_SYSTEM_NAME}_{InstanceId}/Storage/{STORAGE_UNIT_NAME}/Drives/{InstanceId}
{SerialNumber}","2019.2
/redfish/v1/Systems/$SystemId/Storage/StorageUnit_0/Drives/NVMe_Device{InstanceId}_NSID1
{SerialNumber}",TBA,,,Y,ES NVOEM,,,,nvoem,"L1, R1",NA
,,,Predicted Media life left as a percentage,,,NA,,,,"2019.2
/redfish/v1/Systems/{BMC_NOT_HMC_SYSTEM_NAME}_{InstanceId}/Storage/1/Drives/{InstanceId}
{PredictedMediaLifeLeftPercent}","2019.2
/redfish/v1/Systems/System_{InstanceId}/Storage/1/Drives/{InstanceId}
{PredictedMediaLifeLeftPercent}","2019.2
/redfish/v1/Systems/{BMC_NOT_HMC_SYSTEM_NAME}_{InstanceId}/Storage/{STORAGE_UNIT_NAME}/Drives/{InstanceId}
{PredictedMediaLifeLeftPercent}",,,,,,,,NA,NA,NA,NA,NA,Yes,NA,Yes,,NA,NA,NA,NA,NA,NA,NA,,,Available OOB,,No Impact,10 Sec,,"2019.2
/redfish/v1/Systems/{BMC_NOT_HMC_SYSTEM_NAME}_{InstanceId}/Storage/{STORAGE_UNIT_NAME}/Drives/{InstanceId}
{PredictedMediaLifeLeftPercent}","2019.2
/redfish/v1/Systems/$SystemId/Storage/StorageUnit_0/Drives/NVMe_Device{InstanceId}_NSID1
{PredictedMediaLifeLeftPercent}",TBA,,,Y,ES NVOEM,,,,nvoem,"L1, R1",NA
,,,Current speed the drive is operating at,,,NA,,,,"2019.2
/redfish/v1/Systems/{BMC_NOT_HMC_SYSTEM_NAME}_{InstanceId}/Storage/1/Drives/{InstanceId}
{NegotiatedSpeedGbs}","2019.2
/redfish/v1/Systems/System_{InstanceId}/Storage/1/Drives/{InstanceId}
{NegotiatedSpeedGbs}","2019.2
/redfish/v1/Systems/{BMC_NOT_HMC_SYSTEM_NAME}_{InstanceId}/Storage/{STORAGE_UNIT_NAME}/Drives/{InstanceId}
{NegotiatedSpeedGbs}",,,,,,,,NA,NA,NA,NA,NA,Yes,NA,Yes,,NA,NA,NA,NA,NA,NA,NA,,,Available OOB,,No Impact,10 Sec,,"2019.2
/redfish/v1/Systems/{BMC_NOT_HMC_SYSTEM_NAME}_{InstanceId}/Storage/{STORAGE_UNIT_NAME}/Drives/{InstanceId}
{NegotiatedSpeedGbs}","2019.2
/redfish/v1/Systems/$SystemId/Storage/StorageUnit_0/Drives/NVMe_Device{InstanceId}_NSID1
{NegotiatedSpeedGbs}",TBA,,,,ES NVOEM,,,,nvoem,"L1, R1",NA
,,,Overall Health of this device,,,NA,,,,"2019.2
/redfish/v1/Systems/{BMC_NOT_HMC_SYSTEM_NAME}_{InstanceId}/Storage/1/Drives/{InstanceId}
{Status{Health}}","2019.2
/redfish/v1/Systems/System_{InstanceId}/Storage/1/Drives/{InstanceId}
{Status{Health}}","2019.2
/redfish/v1/Systems/{BMC_NOT_HMC_SYSTEM_NAME}_{InstanceId}/Storage/{STORAGE_UNIT_NAME}/Drives/{InstanceId}
{Status{Health}}",,,,,,,NA,NA,NA,NA,NA,NA,Yes,NA,Yes,,NA,NA,NA,NA,NA,NA,NA,,,Available OOB,,No Impact,10 Sec,,"2019.2
/redfish/v1/Systems/{BMC_NOT_HMC_SYSTEM_NAME}_{InstanceId}/Storage/{STORAGE_UNIT_NAME}/Drives/{InstanceId}
{Status{Health}}","2019.2
/redfish/v1/Systems/$SystemId/Storage/StorageUnit_0/Drives/NVMe_Device{InstanceId}_NSID1
{Status{Health}}",TBA,,,Y,ES NVOEM,,,,nvoem,"L1, R1",NA
,,,Overall Health of this device + its dependencies,,,NA,,,,"2019.2
/redfish/v1/Systems/{BMC_NOT_HMC_SYSTEM_NAME}_{InstanceId}/Storage/1/Drives/{InstanceId}
{Status{HealthRollup}}","2019.2
/redfish/v1/Systems/System_{InstanceId}/Storage/1/Drives/{InstanceId}
{Status{HealthRollup}}","2019.2
/redfish/v1/Systems/{BMC_NOT_HMC_SYSTEM_NAME}_{InstanceId}/Storage/{STORAGE_UNIT_NAME}/Drives/{InstanceId}
{Status{HealthRollup}}",,,,,,,NA,NA,NA,NA,NA,NA,Yes,NA,Yes,,NA,NA,NA,NA,NA,NA,NA,,,Available OOB,,No Impact,10 Sec,,"2019.2
/redfish/v1/Systems/{BMC_NOT_HMC_SYSTEM_NAME}_{InstanceId}/Storage/{STORAGE_UNIT_NAME}/Drives/{InstanceId}
{Status{HealthRollup}}","2019.2
/redfish/v1/Systems/$SystemId/Storage/StorageUnit_0/Drives/NVMe_Device{InstanceId}_NSID1
{Status{HealthRollup}}",TBA,,,Y,ES NVOEM,,,,nvoem,"L1, R1",NA
,,,M.2 NVME temperature,,,NA,,,,,"2023.3
/redfish/v1/Chassis/NVME_M2_{InstanceId}/Sensors/NVME_M2_{InstanceId}_Temp_{InstanceId}
{Reading}","2023.3
/redfish/v1/Chassis/{NVME_M2_CHAS_NAME}_{InstanceId}/Sensors/{NVME_M2_CHAS_NAME}_{InstanceId}_Temp_{InstanceId}
{Reading}",,,,,,,,NA,,,NA,NA,Yes,NA,Yes,,NA,NA,NA,NA,NA,NA,NA,,,Available OOB,,,10 Sec,,"2023.3
/redfish/v1/Chassis/{NVME_M2_CHAS_NAME}_{InstanceId}/Sensors/{NVME_M2_CHAS_NAME}_{InstanceId}_Temp_{InstanceId}
{Reading}","2023.3
/redfish/v1/Chassis/$ChassisId/Sensors/$SensorId
{Reading}","{ChassisId:{Id_contains: NVME_M2}, SensorId: {ReadingType: Temperature, Id_contains: NVME_M2}}",,,,QS NVOEM,,,,nvoem,L1,NA
,,,E1.S temperature,,,NA,,,,,"2023.3
/redfish/v1/Chassis/StorageBackplane_{InstanceId}/Sensors/StorageBackplane_{InstanceId}_SSD_{InstanceId}_Temp_{InstanceId}
{Reading}","2023.3
/redfish/v1/Chassis/{STORAGE_BPN_NAME}_{InstanceId}/Sensors/{STORAGE_BPN_NAME}_{InstanceId}_SSD_{InstanceId}_Temp_{InstanceId}
{Reading}",,,,,,,,NA,,,NA,NA,Yes,NA,Yes,,NA,NA,NA,NA,NA,NA,NA,,,Available OOB,,,10 Sec,,"2023.3
/redfish/v1/Chassis/{STORAGE_BPN_NAME}_{InstanceId}/Sensors/{STORAGE_BPN_NAME}_{InstanceId}_SSD_{InstanceId}_Temp_{InstanceId}
{Reading}","2023.3
/redfish/v1/Chassis/$ChassisId/Sensors/$SensorId
{Reading}","{ChassisId:{Id_contains: StorageBackplane}, SensorId: {ReadingType: Temperature, Id_contains: SSD}}",,,,QS NVOEM,,,,nvoem,L1,NA
,,,NVMe capable speed,,,NA,,,,,"2023.3
/redfish/v1/Systems/System_{InstanceId}/Storage/1/Drives/{InstanceId}
{CapableSpeedGbs}","2023.3
/redfish/v1/Systems/{BMC_NOT_HMC_SYSTEM_NAME}_{InstanceId}/Storage/{STORAGE_UNIT_NAME}/Drives/{InstanceId}
{CapableSpeedGbs}",,,,,,,,NA,,,Yes,NA,Yes,NA,Yes,,NA,NA,NA,NA,NA,NA,NA,,,Available OOB,,,10 Min,,"2023.3
/redfish/v1/Systems/{BMC_NOT_HMC_SYSTEM_NAME}_{InstanceId}/Storage/{STORAGE_UNIT_NAME}/Drives/{InstanceId}
{CapableSpeedGbs}",,,,,,QS NVOEM,,,,nvoem,L1,NA
,,,NVMe capacity,,,NA,,,,,"2023.3
/redfish/v1/Systems/System_{InstanceId}/Storage/1/Drives/{InstanceId}
{CapacityBytes}","2023.3
/redfish/v1/Systems/{BMC_NOT_HMC_SYSTEM_NAME}_{InstanceId}/Storage/{STORAGE_UNIT_NAME}/Drives/{InstanceId}
{CapacityBytes}",,,,,,,,NA,,,Yes,NA,Yes,NA,Yes,,NA,NA,NA,NA,NA,NA,NA,,,Available OOB,,,10 Min,,"2023.3
/redfish/v1/Systems/{BMC_NOT_HMC_SYSTEM_NAME}_{InstanceId}/Storage/{STORAGE_UNIT_NAME}/Drives/{InstanceId}
{CapacityBytes}",,,,,,QS NVOEM,,,,nvoem,L1,NA
,,,NVMe failure predicted,,,NA,,,,,"2023.3
/redfish/v1/Systems/System_{InstanceId}/Storage/1/Drives/{InstanceId}
{FailurePredicted}","2023.3
/redfish/v1/Systems/{BMC_NOT_HMC_SYSTEM_NAME}_{InstanceId}/Storage/{STORAGE_UNIT_NAME}/Drives/{InstanceId}
{FailurePredicted}",,,,,,,NA,NA,,,Yes,NA,Yes,NA,Yes,,NA,NA,NA,NA,NA,NA,NA,,,Available OOB,,,10 Sec,,"2023.3
/redfish/v1/Systems/{BMC_NOT_HMC_SYSTEM_NAME}_{InstanceId}/Storage/{STORAGE_UNIT_NAME}/Drives/{InstanceId}
{FailurePredicted}",,,,,,QS NVOEM,,,,nvoem,L1,NA
,,,NVMe form factor,,,NA,,,,,"2023.3
/redfish/v1/Systems/System_{InstanceId}/Storage/1/Drives/{InstanceId}
{FormFactor}","2023.3
/redfish/v1/Systems/{BMC_NOT_HMC_SYSTEM_NAME}_{InstanceId}/Storage/{STORAGE_UNIT_NAME}/Drives/{InstanceId}
{FormFactor}",,,,,,,,NA,,,Yes,NA,Yes,NA,Yes,,NA,NA,NA,NA,NA,NA,NA,,,Available OOB,,,10 Min,,"2023.3
/redfish/v1/Systems/{BMC_NOT_HMC_SYSTEM_NAME}_{InstanceId}/Storage/{STORAGE_UNIT_NAME}/Drives/{InstanceId}
{FormFactor}",,,,,,QS NVOEM,,,,nvoem,L1,NA
,,,NVMe Media type,,,NA,,,,,"2023.3
/redfish/v1/Systems/System_{InstanceId}/Storage/1/Drives/{InstanceId}
{MediaType}","2023.3
/redfish/v1/Systems/{BMC_NOT_HMC_SYSTEM_NAME}_{InstanceId}/Storage/{STORAGE_UNIT_NAME}/Drives/{InstanceId}
{MediaType}",,,,,,,,NA,,,Yes,NA,Yes,NA,Yes,,NA,NA,NA,NA,NA,NA,NA,,,Available OOB,,,10 Min,,"2023.3
/redfish/v1/Systems/{BMC_NOT_HMC_SYSTEM_NAME}_{InstanceId}/Storage/{STORAGE_UNIT_NAME}/Drives/{InstanceId}
{MediaType}",,,,,,QS NVOEM,,,,nvoem,L1,NA
,,,NVMe name,,,NA,,,,,"2023.3
/redfish/v1/Systems/System_{InstanceId}/Storage/1/Drives/{InstanceId}
{Name}","2023.3
/redfish/v1/Systems/{BMC_NOT_HMC_SYSTEM_NAME}_{InstanceId}/Storage/{STORAGE_UNIT_NAME}/Drives/{InstanceId}
{Name}",,,,,,,,NA,,,Yes,NA,Yes,NA,Yes,,NA,NA,NA,NA,NA,NA,NA,,,Available OOB,,,10 Min,,"2023.3
/redfish/v1/Systems/{BMC_NOT_HMC_SYSTEM_NAME}_{InstanceId}/Storage/{STORAGE_UNIT_NAME}/Drives/{InstanceId}
{Name}",,,,,,QS NVOEM,,,,nvoem,L1,NA
,,,NVMe part number,,,NA,,,,,"2023.3
/redfish/v1/Systems/System_{InstanceId}/Storage/1/Drives/{InstanceId}
{PartNumber}","2023.3
/redfish/v1/Systems/{BMC_NOT_HMC_SYSTEM_NAME}_{InstanceId}/Storage/{STORAGE_UNIT_NAME}/Drives/{InstanceId}
{PartNumber}",,,,,,,,NA,,,Yes,NA,Yes,NA,Yes,,NA,NA,NA,NA,NA,NA,NA,,,Available OOB,,,10 Min,,"2023.3
/redfish/v1/Systems/{BMC_NOT_HMC_SYSTEM_NAME}_{InstanceId}/Storage/{STORAGE_UNIT_NAME}/Drives/{InstanceId}
{PartNumber}",,,,,,QS NVOEM,,,,nvoem,L1,NA
,,,NVMe physical location,,,NA,,,,,"2023.3
/redfish/v1/Systems/System_{InstanceId}/Storage/1/Drives/{InstanceId}
{PhysicalLocation}","2023.3
/redfish/v1/Systems/{BMC_NOT_HMC_SYSTEM_NAME}_{InstanceId}/Storage/{STORAGE_UNIT_NAME}/Drives/{InstanceId}
{PhysicalLocation}",,,,,,,,NA,,,Yes,NA,Yes,NA,Yes,,NA,NA,NA,NA,NA,NA,NA,,,Available OOB,,,10 Min,,"2023.3
/redfish/v1/Systems/{BMC_NOT_HMC_SYSTEM_NAME}_{InstanceId}/Storage/{STORAGE_UNIT_NAME}/Drives/{InstanceId}
{PhysicalLocation}",,,,,,QS NVOEM,,,,nvoem,L1,NA
,,,NVMe protocl,,,NA,,,,,"2023.3
/redfish/v1/Systems/System_{InstanceId}/Storage/1/Drives/{InstanceId}
{Protocol}","2023.3
/redfish/v1/Systems/{BMC_NOT_HMC_SYSTEM_NAME}_{InstanceId}/Storage/{STORAGE_UNIT_NAME}/Drives/{InstanceId}
{Protocol}",,,,,,,,NA,,,Yes,NA,Yes,NA,Yes,,NA,NA,NA,NA,NA,NA,NA,,,Available OOB,,,10 Min,,"2023.3
/redfish/v1/Systems/{BMC_NOT_HMC_SYSTEM_NAME}_{InstanceId}/Storage/{STORAGE_UNIT_NAME}/Drives/{InstanceId}
{Protocol}",,,,,,QS NVOEM,,,,nvoem,L1,NA
,,,NVMe state,,,NA,,,,,"2023.3
/redfish/v1/Systems/System_{InstanceId}/Storage/1/Drives/{InstanceId}
{Status{State}}","2023.3
/redfish/v1/Systems/{BMC_NOT_HMC_SYSTEM_NAME}_{InstanceId}/Storage/{STORAGE_UNIT_NAME}/Drives/{InstanceId}
{Status{State}}",,,,,,,NA,NA,,,Yes,NA,Yes,NA,Yes,,NA,NA,NA,NA,NA,NA,NA,,,Available OOB,,,10 Sec,,"2023.3
/redfish/v1/Systems/{BMC_NOT_HMC_SYSTEM_NAME}_{InstanceId}/Storage/{STORAGE_UNIT_NAME}/Drives/{InstanceId}
{Status{State}}",,,,,,QS NVOEM,,,,nvoem,L1,NA
,,,NVMe status indicator,,,NA,,,,,"2023.3
/redfish/v1/Systems/System_{InstanceId}/Storage/1/Drives/{InstanceId}
{StatusIndicator}","2023.3
/redfish/v1/Systems/{BMC_NOT_HMC_SYSTEM_NAME}_{InstanceId}/Storage/{STORAGE_UNIT_NAME}/Drives/{InstanceId}
{StatusIndicator}",,,,,,,NA,NA,,,Yes,NA,Yes,NA,Yes,,NA,NA,NA,NA,NA,NA,NA,,,Available OOB,,,10 Sec,,"2023.3
/redfish/v1/Systems/{BMC_NOT_HMC_SYSTEM_NAME}_{InstanceId}/Storage/{STORAGE_UNIT_NAME}/Drives/{InstanceId}
{StatusIndicator}",,,,,,QS NVOEM,,,,nvoem,L1,NA
,,,Total number of times the Port Training state machine has failed the link error recovery process and downed the link.,,,"NSM: 0x01, 0x01",NA,NA,TBD,"2023.0b 
/redfish/v1/Chassis/{CHASSIS_NETWORK_ID}_{InstanceId}/NetworkAdapters/{NETWORK_ID}_{InstanceId}/Ports/{PORT_ID}_{InstanceId}/Metrics
{Oem{Nvidia{LinkDownedCount}}}","2023.0b 
/redfish/v1/Chassis/{CHASSIS_NETWORK_ID}_{InstanceId}/NetworkAdapters/{NETWORK_ID}_{InstanceId}/Ports/{PORT_ID}_{InstanceId}/Metrics
{Oem{Nvidia{LinkDownedCount}}}","2023.0b 
/redfish/v1/Chassis/{CHASSIS_NETWORK_ID}_{InstanceId}/NetworkAdapters/{NETWORK_ID}_{InstanceId}/Ports/{PORT_ID}_{InstanceId}/Metrics
{Oem{Nvidia{LinkDownedCount}}}",/redfish/v1/TelemetryService/MetricReports/HGX_NetworkAdapterPortMetrics_0,,,,NA,NA,NA,NA,Yes,Yes,NA,NA,NA,NA,NA,NA,NA,NA,NA,NA,NA,NA,NA,,,Available OOB,NO,No Impact,1 Hr,30,"2023.0b 
/redfish/v1/Chassis/{CHASSIS_NETWORK_ID}_{InstanceId}/NetworkAdapters/{NETWORK_ID}_{InstanceId}/Ports/{PORT_ID}_{InstanceId}/Metrics
{Oem{Nvidia{LinkDownedCount}}}","2023.0b 
/redfish/v1/Chassis/$ChassisId/NetworkAdapters/$NetworkAdapterId/Ports/$PortId/Metrics
{Oem{Nvidia{LinkDownedCount}}}","{ChassisId: {Id_contains: {allOf: [HGX, NIC], not: [RoT]}}, NetworkAdapterId: {Id: all}, PortId: {PortProtocol: NVLink}}",,,Y,ES,,,,L0,L1,NA
,,,"Total number of packets containing an error that were received on the port. These errors include:
 • Local physical errors (ICRC, VCRC, LPCRC, and all physical errors that cause entry into the BAD PACKET or BAD PACKET DISCARD states of the packet receiver state machine)
 • Malformed data packet errors (LVer, length, VL)
 • Malformed link packet errors (operand, length, VL)
 • Packets discarded due to buffer overrun",,,"NSM: 0x01, 0x01",NA,,TBD,"2023.0b 
/redfish/v1/Chassis/{CHASSIS_NETWORK_ID}_{InstanceId}/NetworkAdapters/{NETWORK_ID}_{InstanceId}/Ports/{PORT_ID}_{InstanceId}/Metrics
{RXErrors}}","2023.0b 
/redfish/v1/Chassis/{CHASSIS_NETWORK_ID}_{InstanceId}/NetworkAdapters/{NETWORK_ID}_{InstanceId}/Ports/{PORT_ID}_{InstanceId}/Metrics
{RXErrors}}","2023.0b 
/redfish/v1/Chassis/{CHASSIS_NETWORK_ID}_{InstanceId}/NetworkAdapters/{NETWORK_ID}_{InstanceId}/Ports/{PORT_ID}_{InstanceId}/Metrics
{RXErrors}}",/redfish/v1/TelemetryService/MetricReports/HGX_NetworkAdapterPortMetrics_0,,,,NA,NA,NA,NA,Yes,Yes,NA,NA,NA,NA,NA,NA,NA,NA,NA,NA,NA,NA,NA,,,Available,NO,No Impact,1 Hr,30,"2023.0b 
/redfish/v1/Chassis/{CHASSIS_NETWORK_ID}_{InstanceId}/NetworkAdapters/{NETWORK_ID}_{InstanceId}/Ports/{PORT_ID}_{InstanceId}/Metrics
{RXErrors}}","2023.0b 
/redfish/v1/Chassis/$ChassisId/NetworkAdapters/$NetworkAdapterId/Ports/$PortId/Metrics
{RXErrors}","{ChassisId: {Id_contains: {allOf: [HGX, NIC], not: [RoT]}}, NetworkAdapterId: {Id: all}, PortId: {PortProtocol: NVLink}}",,,Y,ES,,,,L0,L1,NA
,,,Total number of outbound packets discarded by the port because the port is down or congested.,,,"NSM: 0x01, 0x01",NA,,TBD,"2023.0b 
/redfish/v1/Chassis/{CHASSIS_NETWORK_ID}_{InstanceId}/NetworkAdapters/{NETWORK_ID}_{InstanceId}/Ports/{PORT_ID}_{InstanceId}/Metrics
{Networking{TXDiscards}}","2023.0b 
/redfish/v1/Chassis/{CHASSIS_NETWORK_ID}_{InstanceId}/NetworkAdapters/{NETWORK_ID}_{InstanceId}/Ports/{PORT_ID}_{InstanceId}/Metrics
{Networking{TXDiscards}}","2023.0b 
/redfish/v1/Chassis/{CHASSIS_NETWORK_ID}_{InstanceId}/NetworkAdapters/{NETWORK_ID}_{InstanceId}/Ports/{PORT_ID}_{InstanceId}/Metrics
{Networking{TXDiscards}}",/redfish/v1/TelemetryService/MetricReports/HGX_NetworkAdapterPortMetrics_0,,,,NA,NA,NA,NA,Yes,Yes,NA,NA,NA,NA,NA,NA,NA,NA,NA,NA,NA,NA,NA,,,Available OOB,NO,No Impact,1 Hr,30,"2023.0b 
/redfish/v1/Chassis/{CHASSIS_NETWORK_ID}_{InstanceId}/NetworkAdapters/{NETWORK_ID}_{InstanceId}/Ports/{PORT_ID}_{InstanceId}/Metrics
{Networking{TXDiscards}}","2023.0b 
/redfish/v1/Chassis/$ChassisId/NetworkAdapters/$NetworkAdapterId/Ports/$PortId/Metrics
{Networking{TXDiscards}}","{ChassisId: {Id_contains: {allOf: [HGX, NIC], not: [RoT]}}, NetworkAdapterId: {Id: all}, PortId: {PortProtocol: NVLink}}",,,Y,ES,,,,L0,L1,NA
,,,Total number of packets marked with the EBP delimiter received on the port since reset.,,,"NSM: 0x01, 0x01",NA,,TBD,"2023.0a
/redfish/v1/Chassis/{CHASSIS_NETWORK_ID}_{InstanceId}/NetworkAdapters/{NETWORK_ID}_{InstanceId}/Ports/{PORT_ID}_{InstanceId}/Metrics
{Oem{Nvidia{RXRemotePhysicalErrors}}}","2023.0a
/redfish/v1/Chassis/{CHASSIS_NETWORK_ID}_{InstanceId}/NetworkAdapters/{NETWORK_ID}_{InstanceId}/Ports/{PORT_ID}_{InstanceId}/Metrics
{Oem{Nvidia{RXRemotePhysicalErrors}}}","2023.0a
/redfish/v1/Chassis/{CHASSIS_NETWORK_ID}_{InstanceId}/NetworkAdapters/{NETWORK_ID}_{InstanceId}/Ports/{PORT_ID}_{InstanceId}/Metrics
{Oem{Nvidia{RXRemotePhysicalErrors}}}",/redfish/v1/TelemetryService/MetricReports/HGX_NetworkAdapterPortMetrics_0,,,,NA,NA,NA,NA,Yes,Yes,NA,NA,NA,NA,NA,NA,NA,NA,NA,NA,NA,NA,NA,,,Available OOB,NO,No Impact,1 Hr,30,"2023.0a
/redfish/v1/Chassis/{CHASSIS_NETWORK_ID}_{InstanceId}/NetworkAdapters/{NETWORK_ID}_{InstanceId}/Ports/{PORT_ID}_{InstanceId}/Metrics
{Oem{Nvidia{RXRemotePhysicalErrors}}}","2023.0b 
/redfish/v1/Chassis/$ChassisId/NetworkAdapters/$NetworkAdapterId/Ports/$PortId/Metrics
{Oem{Nvidia{RXRemotePhysicalErrors}}}","{ChassisId: {Id_contains: {allOf: [HGX, NIC], not: [RoT]}}, NetworkAdapterId: {Id: all}, PortId: {PortProtocol: NVLink}}",,,Y,ES,,,,L0,L1,NA
,,,Total number of packets received on the port that were discarded because they could not be forwarded by the switch relay since reset.,,,"NSM: 0x01, 0x01",NA,,TBD,"2023.0a
/redfish/v1/Chassis/{CHASSIS_NETWORK_ID}_{InstanceId}/NetworkAdapters/{NETWORK_ID}_{InstanceId}/Ports/{PORT_ID}_{InstanceId}/Metrics
{Oem{Nvidia{RXSwitchRelayErrors}}}","2023.0a
/redfish/v1/Chassis/{CHASSIS_NETWORK_ID}_{InstanceId}/NetworkAdapters/{NETWORK_ID}_{InstanceId}/Ports/{PORT_ID}_{InstanceId}/Metrics
{Oem{Nvidia{RXSwitchRelayErrors}}}","2023.0a
/redfish/v1/Chassis/{CHASSIS_NETWORK_ID}_{InstanceId}/NetworkAdapters/{NETWORK_ID}_{InstanceId}/Ports/{PORT_ID}_{InstanceId}/Metrics
{Oem{Nvidia{RXSwitchRelayErrors}}}",/redfish/v1/TelemetryService/MetricReports/HGX_NetworkAdapterPortMetrics_0,,,,NA,NA,NA,NA,Yes,Yes,NA,NA,NA,NA,NA,NA,NA,NA,NA,NA,NA,NA,NA,,,Available OOB,NO,No Impact,1 Hr,30,"2023.0a
/redfish/v1/Chassis/{CHASSIS_NETWORK_ID}_{InstanceId}/NetworkAdapters/{NETWORK_ID}_{InstanceId}/Ports/{PORT_ID}_{InstanceId}/Metrics
{Oem{Nvidia{RXSwitchRelayErrors}}}","2023.0b 
/redfish/v1/Chassis/$ChassisId/NetworkAdapters/$NetworkAdapterId/Ports/$PortId/Metrics
{Oem{Nvidia{RXSwitchRelayErrors}}}","{ChassisId: {Id_contains: {allOf: [HGX, NIC], not: [RoT]}}, NetworkAdapterId: {Id: all}, PortId: {PortProtocol: NVLink}}",,,Y,ES,,,,L0,L1,NA
,,,Current speed of this port. This value includes overhead associated with the protocol.,,,PLDM Type-2: Link speed sensor PDR,nvsdmPortGetInfo,nvsdm_cli -C <source_ca> -p <port> -l <lid> -i PORT,TBD,"2023.0a
/redfish/v1/Chassis/{CHASSIS_NETWORK_ID}_{InstanceId}/NetworkAdapters/{NETWORK_ID}_{InstanceId}/Ports/{PORT_ID}_{InstanceId}
{CurrentSpeedGbps}","2023.0a
/redfish/v1/Chassis/{CHASSIS_NETWORK_ID}_{InstanceId}/NetworkAdapters/{NETWORK_ID}_{InstanceId}/Ports/{PORT_ID}_{InstanceId}
{CurrentSpeedGbps}","2023.0a
/redfish/v1/Chassis/{CHASSIS_NETWORK_ID}_{InstanceId}/NetworkAdapters/{NETWORK_ID}_{InstanceId}/Ports/{PORT_ID}_{InstanceId}
{CurrentSpeedGbps}",/redfish/v1/TelemetryService/MetricReports/HGX_NetworkAdapterPortMetrics_0,,,,NA,NA,NA,NA,Yes,Yes,NA,NA,NA,NA,NA,NA,NA,NA,NA,NA,NA,NA,NA,,,Available OOB,NO,No Impact,,30,"2023.0a
/redfish/v1/Chassis/{CHASSIS_NETWORK_ID}_{InstanceId}/NetworkAdapters/{NETWORK_ID}_{InstanceId}/Ports/{PORT_ID}_{InstanceId}
{CurrentSpeedGbps}","2023.0a
/redfish/v1/Chassis/$ChassisId/NetworkAdapters/$NetworkAdapterId/Ports/$PortId
{CurrentSpeedGbps}","{ChassisId: {Id_contains: {allOf: [HGX, NIC], not: [RoT]}}, NetworkAdapterId: {Id: all}, PortId: {PortProtocol: NVLink}}",,,Y,ES Factory,,,,L0,L1,NA
,,,Current temperature of the device,,,"PLDM Type-2: Network Controller Temperature sensor PDR

",NVSDM_CONNECTX_TELEM_CTR_DEVICE_TEMPERATURE,nvsdm_cli -l <lid> -p <port> -c NVSDM_CONNECTX_TELEM_CTR_DEVICE_TEMPERATURE,TBD,"2023.0a
/redfish/v1/Chassis/{CHASSIS_NETWORK_ID}_{InstanceId}/Sensors/{CHASSIS_NETWORK_ID}_{InstanceId}_Temp_0
{Reading}","2023.0a
/redfish/v1/Chassis/{CHASSIS_NETWORK_ID}_{InstanceId}/Sensors/{CHASSIS_NETWORK_ID}_{InstanceId}_Temp_0
{Reading}","2023.0a
/redfish/v1/Chassis/{CHASSIS_NETWORK_ID}_{InstanceId}/Sensors/{CHASSIS_NETWORK_ID}_{InstanceId}_Temp_0
{Reading}",/redfish/v1/TelemetryService/MetricReports/HGX_PlatformEnvironmentMetrics_0,,,,NA,NA,NA,NA,Yes,Yes,NA,NA,NA,NA,NA,NA,NA,NA,NA,NA,NA,NA,NA,,,Available OOB,NO,No Impact,10 Sec,30,"2023.0a
/redfish/v1/Chassis/{CHASSIS_NETWORK_ID}_{InstanceId}/Sensors/{CHASSIS_NETWORK_ID}_{InstanceId}_Temp_0
{Reading}","2023.0a
/redfish/v1/Chassis/$ChassisId/Sensors/$SensorId
{Reading}","{ChassisId: {Id_contains: {allOf: [HGX, NIC], not: [RoT]}}, SensorId: {ReadingType: Temperature}}",,,Y,ES Factory,,,,L0,L1,NA
,,,Total number of times the Port Training state machine has successfully completed the link error recovery process.,,,"NSM: 0x01, 0x01",NA,,TBD,"2023.0b 
/redfish/v1/Chassis/{CHASSIS_NETWORK_ID}_{InstanceId}/NetworkAdapters/{NETWORK_ID}_{InstanceId}/Ports/{PORT_ID}_{InstanceId}/Metrics
{Oem{Nvidia{LinkErrorRecoveryCount}}}","2023.0b 
/redfish/v1/Chassis/{CHASSIS_NETWORK_ID}_{InstanceId}/NetworkAdapters/{NETWORK_ID}_{InstanceId}/Ports/{PORT_ID}_{InstanceId}/Metrics
{Oem{Nvidia{LinkErrorRecoveryCount}}}","2023.0b 
/redfish/v1/Chassis/{CHASSIS_NETWORK_ID}_{InstanceId}/NetworkAdapters/{NETWORK_ID}_{InstanceId}/Ports/{PORT_ID}_{InstanceId}/Metrics
{Oem{Nvidia{LinkErrorRecoveryCount}}}",/redfish/v1/TelemetryService/MetricReports/HGX_NetworkAdapterPortMetrics_0,,,,NA,NA,NA,NA,Yes,Yes,NA,NA,NA,NA,NA,NA,NA,NA,NA,NA,NA,NA,NA,,,Available OOB,NO,No Impact,10 Sec,30,"2023.0b 
/redfish/v1/Chassis/{CHASSIS_NETWORK_ID}_{InstanceId}/NetworkAdapters/{NETWORK_ID}_{InstanceId}/Ports/{PORT_ID}_{InstanceId}/Metrics
{Oem{Nvidia{LinkErrorRecoveryCount}}}","2023.0b 
/redfish/v1/Chassis/$ChassisId/NetworkAdapters/$NetworkAdapterId/Ports/$PortId/Metrics
{Oem{Nvidia{LinkErrorRecoveryCount}}}","{ChassisId: {Id_contains: {allOf: [HGX, NIC], not: [RoT]}}, NetworkAdapterId: {Id: all}, PortId: {PortProtocol: NVLink}}",,,Y,ES,,,,L0,L1,NA
,,,"Total number of multicast packets, including multicast packets containing errors.",,,"NSM: 0x01, 0x01",NA,,TBD,"2023.0b 
/redfish/v1/Chassis/{CHASSIS_NETWORK_ID}_{InstanceId}/NetworkAdapters/{NETWORK_ID}_{InstanceId}/Ports/{PORT_ID}_{InstanceId}/Metrics
{Networking{RXMulticastFrames}}","2023.0b 
/redfish/v1/Chassis/{CHASSIS_NETWORK_ID}_{InstanceId}/NetworkAdapters/{NETWORK_ID}_{InstanceId}/Ports/{PORT_ID}_{InstanceId}/Metrics
{Networking{RXMulticastFrames}}","2023.0b 
/redfish/v1/Chassis/{CHASSIS_NETWORK_ID}_{InstanceId}/NetworkAdapters/{NETWORK_ID}_{InstanceId}/Ports/{PORT_ID}_{InstanceId}/Metrics
{Networking{RXMulticastFrames}}",/redfish/v1/TelemetryService/MetricReports/HGX_NetworkAdapterPortMetrics_0,,,,NA,NA,NA,NA,Yes,Yes,NA,NA,NA,NA,NA,NA,NA,NA,NA,NA,NA,NA,NA,,,Available OOB,NO,No Impact,10 Sec,30,"2023.0b 
/redfish/v1/Chassis/{CHASSIS_NETWORK_ID}_{InstanceId}/NetworkAdapters/{NETWORK_ID}_{InstanceId}/Ports/{PORT_ID}_{InstanceId}/Metrics
{Networking{RXMulticastFrames}}","2023.0b 
/redfish/v1/Chassis/$ChassisId/NetworkAdapters/$NetworkAdapterId/Ports/$PortId/Metrics
{Networking{RXMulticastFrames}}}","{ChassisId: {Id_contains: {allOf: [HGX, NIC], not: [RoT]}}, NetworkAdapterId: {Id: all}, PortId: {PortProtocol: NVLink}}",,,Y,ES,,,,L0,L1,NA
,,,Total number of multicast packets transmitted on all VLs from the port. This may include multicast packets with errors.,,,"NSM: 0x01, 0x01",NA,,TBD,"2023.0b
/redfish/v1/Chassis/{CHASSIS_NETWORK_ID}_{InstanceId}/NetworkAdapters/{NETWORK_ID}_{InstanceId}/Ports/{PORT_ID}_{InstanceId}/Metrics
{Networking{TXMulticastFrames}}","2023.0b
/redfish/v1/Chassis/{CHASSIS_NETWORK_ID}_{InstanceId}/NetworkAdapters/{NETWORK_ID}_{InstanceId}/Ports/{PORT_ID}_{InstanceId}/Metrics
{Networking{TXMulticastFrames}}","2023.0b
/redfish/v1/Chassis/{CHASSIS_NETWORK_ID}_{InstanceId}/NetworkAdapters/{NETWORK_ID}_{InstanceId}/Ports/{PORT_ID}_{InstanceId}/Metrics
{Networking{TXMulticastFrames}}",/redfish/v1/TelemetryService/MetricReports/HGX_NetworkAdapterPortMetrics_0,,,,NA,NA,NA,NA,Yes,Yes,NA,NA,NA,NA,NA,NA,NA,NA,NA,NA,NA,NA,NA,,,Available OOB,NO,No Impact,10 Sec,30,"2023.0b
/redfish/v1/Chassis/{CHASSIS_NETWORK_ID}_{InstanceId}/NetworkAdapters/{NETWORK_ID}_{InstanceId}/Ports/{PORT_ID}_{InstanceId}/Metrics
{Networking{TXMulticastFrames}}","2023.0b
/redfish/v1/Chassis/$ChassisId/NetworkAdapters/$NetworkAdapterId/Ports/$PortId/Metrics
{Networking{TXMulticastFrames}}","{ChassisId: {Id_contains: {allOf: [HGX, NIC], not: [RoT]}}, NetworkAdapterId: {Id: all}, PortId: {PortProtocol: NVLink}}",,,Y,ES,,,QS,L0,L1,NA
,,,"The total number of data octets, divided by 4,received on all VLs from the port.",,,"NSM: 0x01, 0x01",NA,,TBD,"2023.0b 
/redfish/v1/Chassis/{CHASSIS_NETWORK_ID}_{InstanceId}/NetworkAdapters/{NETWORK_ID}_{InstanceId}/Ports/{PORT_ID}_{InstanceId}/Metrics
{RXBytes}","2023.0b 
/redfish/v1/Chassis/{CHASSIS_NETWORK_ID}_{InstanceId}/NetworkAdapters/{NETWORK_ID}_{InstanceId}/Ports/{PORT_ID}_{InstanceId}/Metrics
{RXBytes}","2023.0b 
/redfish/v1/Chassis/{CHASSIS_NETWORK_ID}_{InstanceId}/NetworkAdapters/{NETWORK_ID}_{InstanceId}/Ports/{PORT_ID}_{InstanceId}/Metrics
{RXBytes}",/redfish/v1/TelemetryService/MetricReports/HGX_NetworkAdapterPortMetrics_0,,,,NA,NA,NA,NA,Yes,Yes,NA,NA,NA,NA,NA,NA,NA,NA,NA,NA,NA,NA,NA,,,Available OOB,NO,No Impact,10 Sec,30,"2023.0b 
/redfish/v1/Chassis/{CHASSIS_NETWORK_ID}_{InstanceId}/NetworkAdapters/{NETWORK_ID}_{InstanceId}/Ports/{PORT_ID}_{InstanceId}/Metrics
{RXBytes}","2023.0b 
/redfish/v1/Chassis/$ChassisId/NetworkAdapters/$NetworkAdapterId/Ports/$PortId/Metrics
{RXBytes}","{ChassisId: {Id_contains: {allOf: [HGX, NIC], not: [RoT]}}, NetworkAdapterId: {Id: all}, PortId: {PortProtocol: NVLink}}",,,Y,ES,,,,L0,L1,NA
,,,Total number of packets,,,"NSM: 0x01, 0x01",NA,,TBD,"2023.0b 
/redfish/v1/Chassis/{CHASSIS_NETWORK_ID}_{InstanceId}/NetworkAdapters/{NETWORK_ID}_{InstanceId}/Ports/{PORT_ID}_{InstanceId}/Metrics
{Networking{RXFrames}}","2023.0b 
/redfish/v1/Chassis/{CHASSIS_NETWORK_ID}_{InstanceId}/NetworkAdapters/{NETWORK_ID}_{InstanceId}/Ports/{PORT_ID}_{InstanceId}/Metrics
{Networking{RXFrames}}","2023.0b 
/redfish/v1/Chassis/{CHASSIS_NETWORK_ID}_{InstanceId}/NetworkAdapters/{NETWORK_ID}_{InstanceId}/Ports/{PORT_ID}_{InstanceId}/Metrics
{Networking{RXFrames}}",/redfish/v1/TelemetryService/MetricReports/HGX_NetworkAdapterPortMetrics_0,,,,NA,NA,NA,NA,Yes,Yes,NA,NA,NA,NA,NA,NA,NA,NA,NA,NA,NA,NA,NA,,,Available OOB,NO,No Impact,10 Sec,30,"2023.0b 
/redfish/v1/Chassis/{CHASSIS_NETWORK_ID}_{InstanceId}/NetworkAdapters/{NETWORK_ID}_{InstanceId}/Ports/{PORT_ID}_{InstanceId}/Metrics
{Networking{RXFrames}}","2023.0b 
/redfish/v1/Chassis/$ChassisId/NetworkAdapters/$NetworkAdapterId/Ports/$PortId/Metrics
{Networking{RXFrames}}","{ChassisId: {Id_contains: {allOf: [HGX, NIC], not: [RoT]}}, NetworkAdapterId: {Id: all}, PortId: {PortProtocol: NVLink}}",,,Y,ES,,,,L0,L1,NA
,,,"Total number of unicast packets, including unicast packets containing errors.",,,"NSM: 0x01, 0x01",NA,,TBD,"2023.0b
/redfish/v1/Chassis/{CHASSIS_NETWORK_ID}_{InstanceId}/NetworkAdapters/{NETWORK_ID}_{InstanceId}/Ports/{PORT_ID}_{InstanceId}/Metrics
{Networking{RXUnicastFrames}}","2023.0b
/redfish/v1/Chassis/{CHASSIS_NETWORK_ID}_{InstanceId}/NetworkAdapters/{NETWORK_ID}_{InstanceId}/Ports/{PORT_ID}_{InstanceId}/Metrics
{Networking{RXUnicastFrames}}","2023.0b
/redfish/v1/Chassis/{CHASSIS_NETWORK_ID}_{InstanceId}/NetworkAdapters/{NETWORK_ID}_{InstanceId}/Ports/{PORT_ID}_{InstanceId}/Metrics
{Networking{RXUnicastFrames}}",/redfish/v1/TelemetryService/MetricReports/HGX_NetworkAdapterPortMetrics_0,,,,NA,NA,NA,NA,Yes,Yes,NA,NA,NA,NA,NA,NA,NA,NA,NA,NA,NA,NA,NA,,,Available OOB,NO,No Impact,,30,"2023.0b
/redfish/v1/Chassis/{CHASSIS_NETWORK_ID}_{InstanceId}/NetworkAdapters/{NETWORK_ID}_{InstanceId}/Ports/{PORT_ID}_{InstanceId}/Metrics
{Networking{RXUnicastFrames}}","2023.0b
/redfish/v1/Chassis/$ChassisId/NetworkAdapters/$NetworkAdapterId/Ports/$PortId/Metrics
{Networking{RXUnicastFrames}}","{ChassisId: {Id_contains: {allOf: [HGX, NIC], not: [RoT]}}, NetworkAdapterId: {Id: all}, PortId: {PortProtocol: NVLink}}",,,Y,ES,,,,L0,L1,NA
,,,Total number of unicast packets transmitted on all VLs from the port. This may include unicast packets with errors.,,,"NSM: 0x01, 0x01",NA,,TBD,"2023.0b 
/redfish/v1/Chassis/{CHASSIS_NETWORK_ID}_{InstanceId}/NetworkAdapters/{NETWORK_ID}_{InstanceId}/Ports/{PORT_ID}_{InstanceId}/Metrics
{Networking{TXUnicastFrames}}","2023.0b 
/redfish/v1/Chassis/{CHASSIS_NETWORK_ID}_{InstanceId}/NetworkAdapters/{NETWORK_ID}_{InstanceId}/Ports/{PORT_ID}_{InstanceId}/Metrics
{Networking{TXUnicastFrames}}","2023.0b 
/redfish/v1/Chassis/{CHASSIS_NETWORK_ID}_{InstanceId}/NetworkAdapters/{NETWORK_ID}_{InstanceId}/Ports/{PORT_ID}_{InstanceId}/Metrics
{Networking{TXUnicastFrames}}",/redfish/v1/TelemetryService/MetricReports/HGX_NetworkAdapterPortMetrics_0,,,,NA,NA,NA,NA,Yes,Yes,NA,NA,NA,NA,NA,NA,NA,NA,NA,NA,NA,NA,NA,,,Available OOB,NO,No Impact,,30,"2023.0b 
/redfish/v1/Chassis/{CHASSIS_NETWORK_ID}_{InstanceId}/NetworkAdapters/{NETWORK_ID}_{InstanceId}/Ports/{PORT_ID}_{InstanceId}/Metrics
{Networking{TXUnicastFrames}}","2023.0b 
/redfish/v1/Chassis/$ChassisId/NetworkAdapters/$NetworkAdapterId/Ports/$PortId/Metrics
{Networking{TXUnicastFrames}}","{ChassisId: {Id_contains: {allOf: [HGX, NIC], not: [RoT]}}, NetworkAdapterId: {Id: all}, PortId: {PortProtocol: NVLink}}",,,Y,ES,,,,L0,L1,NA
,,,"The total number of data octets, divided by 4 transmitted on all VLs from the port.",,,"NSM: 0x01, 0x01",NA,,TBD,"2023.0b 
/redfish/v1/Chassis/{CHASSIS_NETWORK_ID}_{InstanceId}/NetworkAdapters/{NETWORK_ID}_{InstanceId}/Ports/{PORT_ID}_{InstanceId}/Metrics
{TXBytes}","2023.0b 
/redfish/v1/Chassis/{CHASSIS_NETWORK_ID}_{InstanceId}/NetworkAdapters/{NETWORK_ID}_{InstanceId}/Ports/{PORT_ID}_{InstanceId}/Metrics
{TXBytes}","2023.0b 
/redfish/v1/Chassis/{CHASSIS_NETWORK_ID}_{InstanceId}/NetworkAdapters/{NETWORK_ID}_{InstanceId}/Ports/{PORT_ID}_{InstanceId}/Metrics
{TXBytes}",/redfish/v1/TelemetryService/MetricReports/HGX_NetworkAdapterPortMetrics_0,,,,NA,NA,NA,NA,Yes,Yes,NA,NA,NA,NA,NA,NA,NA,NA,NA,NA,NA,NA,NA,,,Available OOB,NO,No Impact,10 Sec,30,"2023.0b 
/redfish/v1/Chassis/{CHASSIS_NETWORK_ID}_{InstanceId}/NetworkAdapters/{NETWORK_ID}_{InstanceId}/Ports/{PORT_ID}_{InstanceId}/Metrics
{TXBytes}","2023.0b 
/redfish/v1/Chassis/$ChassisId/NetworkAdapters/$NetworkAdapterId/Ports/$PortId/Metrics
{TXBytes}","{ChassisId: {Id_contains: {allOf: [HGX, NIC], not: [RoT]}}, NetworkAdapterId: {Id: all}, PortId: {PortProtocol: NVLink}}",,,Y,ES,,,,L0,L1,NA
,,,Total number of packets transmitted on all VLs from this port. This may include packets with errors.,,,"NSM: 0x01, 0x01",NA,,TBD,"2023.0b 
/redfish/v1/Chassis/{CHASSIS_NETWORK_ID}_{InstanceId}/NetworkAdapters/{NETWORK_ID}_{InstanceId}/Ports/{PORT_ID}_{InstanceId}/Metrics
{Networking{TXFrames}}","2023.0b 
/redfish/v1/Chassis/{CHASSIS_NETWORK_ID}_{InstanceId}/NetworkAdapters/{NETWORK_ID}_{InstanceId}/Ports/{PORT_ID}_{InstanceId}/Metrics
{Networking{TXFrames}}","2023.0b 
/redfish/v1/Chassis/{CHASSIS_NETWORK_ID}_{InstanceId}/NetworkAdapters/{NETWORK_ID}_{InstanceId}/Ports/{PORT_ID}_{InstanceId}/Metrics
{Networking{TXFrames}}",/redfish/v1/TelemetryService/MetricReports/HGX_NetworkAdapterPortMetrics_0,,,,NA,NA,NA,NA,Yes,Yes,NA,NA,NA,NA,NA,NA,NA,NA,NA,NA,NA,NA,NA,,,Available OOB,NO,No Impact,10 Sec,30,"2023.0b 
/redfish/v1/Chassis/{CHASSIS_NETWORK_ID}_{InstanceId}/NetworkAdapters/{NETWORK_ID}_{InstanceId}/Ports/{PORT_ID}_{InstanceId}/Metrics
{Networking{TXFrames}}","2023.0b 
/redfish/v1/Chassis/$ChassisId/NetworkAdapters/$NetworkAdapterId/Ports/$PortId/Metrics
{Networking{TXFrames}}","{ChassisId: {Id_contains: {allOf: [HGX, NIC], not: [RoT]}}, NetworkAdapterId: {Id: all}, PortId: {PortProtocol: NVLink}}",,,Y,ES,,,,L0,L1,NA
,,,"Number of incoming VL15 packets dropped due to resource limitations (e.g., lack of buffers) of the port.",,,"NSM: 0x01, 0x01",NA,,TBD,"2023.0b 
/redfish/v1/Chassis/{CHASSIS_NETWORK_ID}_{InstanceId}/NetworkAdapters/{NETWORK_ID}_{InstanceId}/Ports/{PORT_ID}_{InstanceId}/Metrics
{Oem{Nvidia{VL15Dropped}}}","2023.0b 
/redfish/v1/Chassis/{CHASSIS_NETWORK_ID}_{InstanceId}/NetworkAdapters/{NETWORK_ID}_{InstanceId}/Ports/{PORT_ID}_{InstanceId}/Metrics
{Oem{Nvidia{VL15Dropped}}}","2023.0b 
/redfish/v1/Chassis/{CHASSIS_NETWORK_ID}_{InstanceId}/NetworkAdapters/{NETWORK_ID}_{InstanceId}/Ports/{PORT_ID}_{InstanceId}/Metrics
{Oem{Nvidia{VL15Dropped}}}",/redfish/v1/TelemetryService/MetricReports/HGX_NetworkAdapterPortMetrics_0,,,,NA,NA,NA,NA,Yes,Yes,NA,NA,NA,NA,NA,NA,NA,NA,NA,NA,NA,NA,NA,,,Available OOB,NO,No Impact,10 Sec,30,"2023.0b 
/redfish/v1/Chassis/{CHASSIS_NETWORK_ID}_{InstanceId}/NetworkAdapters/{NETWORK_ID}_{InstanceId}/Ports/{PORT_ID}_{InstanceId}/Metrics
{Oem{Nvidia{VL15Dropped}}}","2023.0b 
/redfish/v1/Chassis/$ChassisId/NetworkAdapters/$NetworkAdapterId/Ports/$PortId/Metrics
{Oem{Nvidia{VL15Dropped}}}","{ChassisId: {Id_contains: {allOf: [HGX, NIC], not: [RoT]}}, NetworkAdapterId: {Id: all}, PortId: {PortProtocol: NVLink}}",,,Y,ES,,,,L0,L1,NA
,,,Link Status,,,PLDM Type-2: Port State PDR,nvsdmPortGetInfo,nvsdm_cli -C <source_ca> -p <port> -l <lid> -i PORT,TBD,"2023.0a
/redfish/v1/Chassis/{CHASSIS_NETWORK_ID}_{InstanceId}/NetworkAdapters/{NETWORK_ID}_{InstanceId}/Ports/{PORT_ID}_{InstanceId}
{LinkStatus}","2023.0a
/redfish/v1/Chassis/{CHASSIS_NETWORK_ID}_{InstanceId}/NetworkAdapters/{NETWORK_ID}_{InstanceId}/Ports/{PORT_ID}_{InstanceId}
{LinkStatus}","2023.0a
/redfish/v1/Chassis/{CHASSIS_NETWORK_ID}_{InstanceId}/NetworkAdapters/{NETWORK_ID}_{InstanceId}/Ports/{PORT_ID}_{InstanceId}
{LinkStatus}",/redfish/v1/TelemetryService/MetricReports/HGX_NetworkAdapterPortMetrics_0,,,,NA,NA,NA,NA,Yes,Yes,NA,NA,NA,NA,NA,NA,NA,NA,NA,NA,NA,NA,NA,,,Available OOB,NO,No Impact,10 Sec,30,"2023.0a
/redfish/v1/Chassis/{CHASSIS_NETWORK_ID}_{InstanceId}/NetworkAdapters/{NETWORK_ID}_{InstanceId}/Ports/{PORT_ID}_{InstanceId}
{LinkStatus}","2023.0b 
/redfish/v1/Chassis/$ChassisId/NetworkAdapters/$NetworkAdapterId/Ports/$PortId
{LinkStatus}","{ChassisId: {Id_contains: {allOf: [HGX, NIC], not: [RoT]}}, NetworkAdapterId: {Id: all}, PortId: {PortProtocol: NVLink}}",,,Y,ES,,,,L0,L1,NA
,,,Current speed of this PCIe port. This value includes overhead associated with the protocol.,,,"NSM 0x02, 0x04",NVSDM_CONNECTX_TELEM_CTR_ACTIVE_PCIE_LINK_SPEED,nvsdm_cli -C <source_ca> -g <guid> -a,NA,"2023.0a
/redfish/v1/Chassis/{CHASSIS_NETWORK_ID}_{InstanceId}/NetworkAdapters/{NETWORK_ID}_{InstanceId}/Ports/{PORT_ID}_{InstanceId}
{CurrentSpeedGbps}","2023.0a
/redfish/v1/Chassis/{CHASSIS_NETWORK_ID}_{InstanceId}/NetworkAdapters/{NETWORK_ID}_{InstanceId}/Ports/{PORT_ID}_{InstanceId}
{CurrentSpeedGbps}","2023.0a
/redfish/v1/Chassis/{CHASSIS_NETWORK_ID}_{InstanceId}/NetworkAdapters/{NETWORK_ID}_{InstanceId}/Ports/{PORT_ID}_{InstanceId}
{CurrentSpeedGbps}",/redfish/v1/TelemetryService/MetricReports/HGX_NetworkAdapterPortMetrics_0,,,,NA,NA,NA,NA,Yes,Yes,NA,NA,NA,NA,NA,NA,NA,NA,NA,NA,NA,NA,NA,,,Available OOB,NO,No Impact,,,"2023.0a
/redfish/v1/Chassis/{CHASSIS_NETWORK_ID}_{InstanceId}/NetworkAdapters/{NETWORK_ID}_{InstanceId}/Ports/{PORT_ID}_{InstanceId}
{CurrentSpeedGbps}","2023.0a
/redfish/v1/Chassis/$ChassisId/NetworkAdapters/$NetworkAdapterId/Ports/$PortId
{CurrentSpeedGbps}","{ChassisId: {Id_contains: {allOf: [HGX, NIC], not: [RoT]}}, NetworkAdapterId: {Id: all}, PortId: {PortProtocol: PCIe}}",,,Y,ES Factory,,,,L0,L1,NA
,,,PCIe Link Status,,,NA,TBD,NA,NA,"2023.0a
/redfish/v1/Chassis/{CHASSIS_NETWORK_ID}_{InstanceId}/NetworkAdapters/{NETWORK_ID}_{InstanceId}/Ports/{PORT_ID}_{InstanceId}
{LinkStatus}","2023.0a
/redfish/v1/Chassis/{CHASSIS_NETWORK_ID}_{InstanceId}/NetworkAdapters/{NETWORK_ID}_{InstanceId}/Ports/{PORT_ID}_{InstanceId}
{LinkStatus}","2023.0a
/redfish/v1/Chassis/{CHASSIS_NETWORK_ID}_{InstanceId}/NetworkAdapters/{NETWORK_ID}_{InstanceId}/Ports/{PORT_ID}_{InstanceId}
{LinkStatus}",/redfish/v1/TelemetryService/MetricReports/HGX_NetworkAdapterPortMetrics_0,,,,NA,NA,NA,NA,Yes,Yes,NA,NA,NA,NA,NA,NA,NA,NA,NA,NA,NA,NA,NA,,,Available OOB,NO,No Impact,10 Sec,,"2023.0a
/redfish/v1/Chassis/{CHASSIS_NETWORK_ID}_{InstanceId}/NetworkAdapters/{NETWORK_ID}_{InstanceId}/Ports/{PORT_ID}_{InstanceId}
{LinkStatus}","2023.0b 
/redfish/v1/Chassis/$ChassisId/NetworkAdapters/$NetworkAdapterId/Ports/$PortId
{LinkStatus}","{ChassisId: {Id_contains: {allOf: [HGX, NIC], not: [RoT]}}, NetworkAdapterId: {Id: all}, PortId: {PortProtocol: PCIe}}",,,Y,ES,,,,L0,L1,NA
,,,"The following errors get reported as correctable errors:
- Receiver error
- Bad TLP
- Bad DLLP
- Replay Rollover
- Replay timeout
- Advisory non-fatal error",,,"NSM 0x02, 0x04",NVSDM_CONNECTX_TELEM_CTR_CORRECTABLE_ERR_STATUS,nvsdm_cli -C <source_ca> -g <guid> -a,NA,"2023.0b 
/redfish/v1/Chassis/{CHASSIS_NETWORK_ID}_{InstanceId}/NetworkAdapters/{NETWORK_ID}_{InstanceId}/Ports/{PORT_ID}_{InstanceId}/Metrics
{PCIeErrors{CorrectableErrorCount}}","2023.0b 
/redfish/v1/Chassis/{CHASSIS_NETWORK_ID}_{InstanceId}/NetworkAdapters/{NETWORK_ID}_{InstanceId}/Ports/{PORT_ID}_{InstanceId}/Metrics
{PCIeErrors{CorrectableErrorCount}}","2023.0b 
/redfish/v1/Chassis/{CHASSIS_NETWORK_ID}_{InstanceId}/NetworkAdapters/{NETWORK_ID}_{InstanceId}/Ports/{PORT_ID}_{InstanceId}/Metrics
{PCIeErrors{CorrectableErrorCount}}",/redfish/v1/TelemetryService/MetricReports/HGX_NetworkAdapterPortMetrics_0,,,,NA,NA,NA,NA,Yes,Yes,NA,NA,NA,NA,NA,NA,NA,NA,NA,NA,NA,NA,NA,,,Available OOB,NO,No Impact,1 Hr,,"2023.0b 
/redfish/v1/Chassis/{CHASSIS_NETWORK_ID}_{InstanceId}/NetworkAdapters/{NETWORK_ID}_{InstanceId}/Ports/{PORT_ID}_{InstanceId}/Metrics
{PCIeErrors{CorrectableErrorCount}}","2023.0b 
/redfish/v1/Chassis/$ChassisId/NetworkAdapters/$NetworkAdapterId/Ports/$PortId/Metrics
{PCIeErrors{CorrectableErrorCount}}","{ChassisId: {Id_contains: {allOf: [HGX, NIC], not: [RoT]}}, NetworkAdapterId: {Id: all}, PortId: {PortProtocol: PCIe}}",,,Y,ES,,,,L0,L1,NA
,,,"Following errors get reported as fatal depending on the severity in AER registers:
-Data link layer protocol error
-Received poisoned TLP
-Flow control protocol error
 -Completion timeout
 -Completion abort
 -Unexpected completion
 -Receiver overflow
 -Malformed TLP
 -ECRC error
 -Unsupported request",,,"NSM 0x02, 0x04",NVSDM_CONNECTX_TELEM_CTR_UNCORRECTABLE_ERR_STATUS,nvsdm_cli -C <source_ca> -g <guid> -a,NA,"2023.0b 
/redfish/v1/Chassis/{CHASSIS_NETWORK_ID}_{InstanceId}/NetworkAdapters/{NETWORK_ID}_{InstanceId}/Ports/{PORT_ID}_{InstanceId}/Metrics
{PCIeErrors{FatalErrorCount}}","2023.0b 
/redfish/v1/Chassis/{CHASSIS_NETWORK_ID}_{InstanceId}/NetworkAdapters/{NETWORK_ID}_{InstanceId}/Ports/{PORT_ID}_{InstanceId}/Metrics
{PCIeErrors{FatalErrorCount}}","2023.0b 
/redfish/v1/Chassis/{CHASSIS_NETWORK_ID}_{InstanceId}/NetworkAdapters/{NETWORK_ID}_{InstanceId}/Ports/{PORT_ID}_{InstanceId}/Metrics
{PCIeErrors{FatalErrorCount}}",/redfish/v1/TelemetryService/MetricReports/HGX_NetworkAdapterPortMetrics_0,,,,NA,NA,NA,NA,Yes,Yes,NA,NA,NA,NA,NA,NA,NA,NA,NA,NA,NA,NA,NA,,,Available OOB,NO,No Impact,1 Hr,,"2023.0b 
/redfish/v1/Chassis/{CHASSIS_NETWORK_ID}_{InstanceId}/NetworkAdapters/{NETWORK_ID}_{InstanceId}/Ports/{PORT_ID}_{InstanceId}/Metrics
{PCIeErrors{FatalErrorCount}}","2023.0b 
/redfish/v1/Chassis/$ChassisId/NetworkAdapters/$NetworkAdapterId/Ports/$PortId/Metrics
{PCIeErrors{FatalErrorCount}}","{ChassisId: {Id_contains: {allOf: [HGX, NIC], not: [RoT]}}, NetworkAdapterId: {Id: all}, PortId: {PortProtocol: PCIe}}",,,Y,ES,,,,L0,L1,NA
,,,This count reflects the number of times the link went into the recovery state from the L0 state.,,,"NSM 0x02, 0x04",NA,NA,NA,"2023.0b 
/redfish/v1/Chassis/{CHASSIS_NETWORK_ID}_{InstanceId}/NetworkAdapters/{NETWORK_ID}_{InstanceId}/Ports/{PORT_ID}_{InstanceId}/Metrics
{PCIeErrors{L0ToRecoveryCount}}","2023.0b 
/redfish/v1/Chassis/{CHASSIS_NETWORK_ID}_{InstanceId}/NetworkAdapters/{NETWORK_ID}_{InstanceId}/Ports/{PORT_ID}_{InstanceId}/Metrics
{PCIeErrors{L0ToRecoveryCount}}","2023.0b 
/redfish/v1/Chassis/{CHASSIS_NETWORK_ID}_{InstanceId}/NetworkAdapters/{NETWORK_ID}_{InstanceId}/Ports/{PORT_ID}_{InstanceId}/Metrics
{PCIeErrors{L0ToRecoveryCount}}",/redfish/v1/TelemetryService/MetricReports/HGX_NetworkAdapterPortMetrics_0,,,,NA,NA,NA,NA,Yes,Yes,NA,NA,NA,NA,NA,NA,NA,NA,NA,NA,NA,NA,NA,,,Available OOB,NO,No Impact,1 Hr,,"2023.0b 
/redfish/v1/Chassis/{CHASSIS_NETWORK_ID}_{InstanceId}/NetworkAdapters/{NETWORK_ID}_{InstanceId}/Ports/{PORT_ID}_{InstanceId}/Metrics
{PCIeErrors{L0ToRecoveryCount}}","2023.0b 
/redfish/v1/Chassis/$ChassisId/NetworkAdapters/$NetworkAdapterId/Ports/$PortId/Metrics
{PCIeErrors{L0ToRecoveryCount}}","{ChassisId: {Id_contains: {allOf: [HGX, NIC], not: [RoT]}}, NetworkAdapterId: {Id: all}, PortId: {PortProtocol: PCIe}}",,,Y,ES,,,,L0,L1,NA
,,,"This count reflects the number of NAKS issued on the PCIe link by
the host root complex. A NAK is issued by the host root complex
when it detects that a TLP from the GPU side was missed. This
could be because the GPU did not transmit it, or because the host
root complex receiver could not properly decode the packet.",,,"NSM 0x02, 0x04",NA,NA,NA,"2023.0b 
/redfish/v1/Chassis/{CHASSIS_NETWORK_ID}_{InstanceId}/NetworkAdapters/{NETWORK_ID}_{InstanceId}/Ports/{PORT_ID}_{InstanceId}/Metrics
{PCIeErrors{NAKReceivedCount}}","2023.0b 
/redfish/v1/Chassis/{CHASSIS_NETWORK_ID}_{InstanceId}/NetworkAdapters/{NETWORK_ID}_{InstanceId}/Ports/{PORT_ID}_{InstanceId}/Metrics
{PCIeErrors{NAKReceivedCount}}","2023.0b 
/redfish/v1/Chassis/{CHASSIS_NETWORK_ID}_{InstanceId}/NetworkAdapters/{NETWORK_ID}_{InstanceId}/Ports/{PORT_ID}_{InstanceId}/Metrics
{PCIeErrors{NAKReceivedCount}}",/redfish/v1/TelemetryService/MetricReports/HGX_NetworkAdapterPortMetrics_0,,,,NA,NA,NA,NA,Yes,Yes,NA,NA,NA,NA,NA,NA,NA,NA,NA,NA,NA,NA,NA,,,Available OOB,NO,No Impact,1 Hr,,"2023.0b 
/redfish/v1/Chassis/{CHASSIS_NETWORK_ID}_{InstanceId}/NetworkAdapters/{NETWORK_ID}_{InstanceId}/Ports/{PORT_ID}_{InstanceId}/Metrics
{PCIeErrors{NAKReceivedCount}}","2023.0b 
/redfish/v1/Chassis/$ChassisId/NetworkAdapters/$NetworkAdapterId/Ports/$PortId/Metrics
{PCIeErrors{NAKReceivedCount}}","{ChassisId: {Id_contains: {allOf: [HGX, NIC], not: [RoT]}}, NetworkAdapterId: {Id: all}, PortId: {PortProtocol: PCIe}}",,,Y,ES,,,,L0,L1,NA
,,,"This count reflects the number of NAKS issued on the PCIe link by
the GPU. A NAK is issued by the GPU when it detects that a TLP
from the host root complex was missed. This could be because the
host root complex did not transmit it, or because the GPU receiver",,,"NSM 0x02, 0x04",NA,NA,NA,"2023.0b 
/redfish/v1/Chassis/{CHASSIS_NETWORK_ID}_{InstanceId}/NetworkAdapters/{NETWORK_ID}_{InstanceId}/Ports/{PORT_ID}_{InstanceId}/Metrics
{PCIeErrors{NAKSentCount}}","2023.0b 
/redfish/v1/Chassis/{CHASSIS_NETWORK_ID}_{InstanceId}/NetworkAdapters/{NETWORK_ID}_{InstanceId}/Ports/{PORT_ID}_{InstanceId}/Metrics
{PCIeErrors{NAKSentCount}}","2023.0b 
/redfish/v1/Chassis/{CHASSIS_NETWORK_ID}_{InstanceId}/NetworkAdapters/{NETWORK_ID}_{InstanceId}/Ports/{PORT_ID}_{InstanceId}/Metrics
{PCIeErrors{NAKSentCount}}",/redfish/v1/TelemetryService/MetricReports/HGX_NetworkAdapterPortMetrics_0,,,,NA,NA,NA,NA,Yes,Yes,NA,NA,NA,NA,NA,NA,NA,NA,NA,NA,NA,NA,NA,,,Available OOB,NO,No Impact,1 Hr,,"2023.0b 
/redfish/v1/Chassis/{CHASSIS_NETWORK_ID}_{InstanceId}/NetworkAdapters/{NETWORK_ID}_{InstanceId}/Ports/{PORT_ID}_{InstanceId}/Metrics
{PCIeErrors{NAKSentCount}}","2023.0b 
/redfish/v1/Chassis/$ChassisId/NetworkAdapters/$NetworkAdapterId/Ports/$PortId/Metrics
{PCIeErrors{NAKSentCount}}","{ChassisId: {Id_contains: {allOf: [HGX, NIC], not: [RoT]}}, NetworkAdapterId: {Id: all}, PortId: {PortProtocol: PCIe}}",,,Y,ES,,,,L0,L1,NA
,,,"The following errors get reported as non-fatal depending on the severity in AER registers:

 - Data link layer protocol error
 -Received poisoned TLP
 -Flow control protocol error
 -Completion timeout
 -Completion abort
 -Unexpected completion
 -Receiver overflow
 -Malformed TLP
 -ECRC error
 -Unsupported request",,,"NSM 0x02, 0x04",NA,NA,NA,"2023.0b 
/redfish/v1/Chassis/{CHASSIS_NETWORK_ID}_{InstanceId}/NetworkAdapters/{NETWORK_ID}_{InstanceId}/Ports/{PORT_ID}_{InstanceId}/Metrics
{PCIeErrors{NonFatalErrorCount}}","2023.0b 
/redfish/v1/Chassis/{CHASSIS_NETWORK_ID}_{InstanceId}/NetworkAdapters/{NETWORK_ID}_{InstanceId}/Ports/{PORT_ID}_{InstanceId}/Metrics
{PCIeErrors{NonFatalErrorCount}}","2023.0b 
/redfish/v1/Chassis/{CHASSIS_NETWORK_ID}_{InstanceId}/NetworkAdapters/{NETWORK_ID}_{InstanceId}/Ports/{PORT_ID}_{InstanceId}/Metrics
{PCIeErrors{NonFatalErrorCount}}",/redfish/v1/TelemetryService/MetricReports/HGX_NetworkAdapterPortMetrics_0,,,,NA,NA,NA,NA,Yes,Yes,NA,NA,NA,NA,NA,NA,NA,NA,NA,NA,NA,NA,NA,,,Available OOB,NO,No Impact,1 Hr,,"2023.0b 
/redfish/v1/Chassis/{CHASSIS_NETWORK_ID}_{InstanceId}/NetworkAdapters/{NETWORK_ID}_{InstanceId}/Ports/{PORT_ID}_{InstanceId}/Metrics
{PCIeErrors{NonFatalErrorCount}}","2023.0b 
/redfish/v1/Chassis/$ChassisId/NetworkAdapters/$NetworkAdapterId/Ports/$PortId/Metrics
{PCIeErrors{NonFatalErrorCount}}","{ChassisId: {Id_contains: {allOf: [HGX, NIC], not: [RoT]}}, NetworkAdapterId: {Id: all}, PortId: {PortProtocol: PCIe}}",,,Y,ES,,,,L0,L1,NA
,,,"This count reflects the number of replay rollovers issued on the
PCIe link by the GPU. A replay rollover occurs when four
consecutive replays fail to resolve the errors on the link. It means
that the GPU forced the link into recovery.",,,"NSM 0x02, 0x04",NA,NA,NA,"2023.0b 
/redfish/v1/Chassis/{CHASSIS_NETWORK_ID}_{InstanceId}/NetworkAdapters/{NETWORK_ID}_{InstanceId}/Ports/{PORT_ID}_{InstanceId}/Metrics
{PCIeErrors{ReplayRolloverCount}}","2023.0b 
/redfish/v1/Chassis/{CHASSIS_NETWORK_ID}_{InstanceId}/NetworkAdapters/{NETWORK_ID}_{InstanceId}/Ports/{PORT_ID}_{InstanceId}/Metrics
{PCIeErrors{ReplayRolloverCount}}","2023.0b 
/redfish/v1/Chassis/{CHASSIS_NETWORK_ID}_{InstanceId}/NetworkAdapters/{NETWORK_ID}_{InstanceId}/Ports/{PORT_ID}_{InstanceId}/Metrics
{PCIeErrors{ReplayRolloverCount}}",/redfish/v1/TelemetryService/MetricReports/HGX_NetworkAdapterPortMetrics_0,,,,NA,NA,NA,NA,Yes,Yes,NA,NA,NA,NA,NA,NA,NA,NA,NA,NA,NA,NA,NA,,,Available OOB,NO,No Impact,1 Hr,,"2023.0b 
/redfish/v1/Chassis/{CHASSIS_NETWORK_ID}_{InstanceId}/NetworkAdapters/{NETWORK_ID}_{InstanceId}/Ports/{PORT_ID}_{InstanceId}/Metrics
{PCIeErrors{ReplayRolloverCount}}","2023.0b 
/redfish/v1/Chassis/$ChassisId/NetworkAdapters/$NetworkAdapterId/Ports/$PortId/Metrics
{PCIeErrors{ReplayRolloverCount}}","{ChassisId: {Id_contains: {allOf: [HGX, NIC], not: [RoT]}}, NetworkAdapterId: {Id: all}, PortId: {PortProtocol: PCIe}}",,,Y,ES,,,,L0,L1,NA
,,,"This count reflects the number of replays issued on 2 the PCIe link
by the GPU device. A replay is a retransmission of a TLP and
occurs because the ACK timer expired. This means 0 that the host
root complex did not send the ACK or the GPU receiver did not 
properly decode the ACK",,,"NSM 0x02, 0x04",NA,NA,NA,"2023.0b 
/redfish/v1/Chassis/{CHASSIS_NETWORK_ID}_{InstanceId}/NetworkAdapters/{NETWORK_ID}_{InstanceId}/Ports/{PORT_ID}_{InstanceId}/Metrics
{PCIeErrors{ReplayCount}}","2023.0b 
/redfish/v1/Chassis/{CHASSIS_NETWORK_ID}_{InstanceId}/NetworkAdapters/{NETWORK_ID}_{InstanceId}/Ports/{PORT_ID}_{InstanceId}/Metrics
{PCIeErrors{ReplayCount}}","2023.0b 
/redfish/v1/Chassis/{CHASSIS_NETWORK_ID}_{InstanceId}/NetworkAdapters/{NETWORK_ID}_{InstanceId}/Ports/{PORT_ID}_{InstanceId}/Metrics
{PCIeErrors{ReplayCount}}",/redfish/v1/TelemetryService/MetricReports/HGX_NetworkAdapterPortMetrics_0,,,,NA,NA,NA,NA,Yes,Yes,NA,NA,NA,NA,NA,NA,NA,NA,NA,NA,NA,NA,NA,,,Available OOB,NO,No Impact,1 Hr,,"2023.0b 
/redfish/v1/Chassis/{CHASSIS_NETWORK_ID}_{InstanceId}/NetworkAdapters/{NETWORK_ID}_{InstanceId}/Ports/{PORT_ID}_{InstanceId}/Metrics
{PCIeErrors{ReplayCount}}","2023.0b 
/redfish/v1/Chassis/$ChassisId/NetworkAdapters/$NetworkAdapterId/Ports/$PortId/Metrics
{PCIeErrors{ReplayCount}}","{ChassisId: {Id_contains: {allOf: [HGX, NIC], not: [RoT]}}, NetworkAdapterId: {Id: all}, PortId: {PortProtocol: PCIe}}",,,Y,ES,,,,L0,L1,NA
,,,Total number of PCIe unsupported requests received by this device.,,,"NSM 0x02, 0x04",NA,NA,NA,"2023.0b 
/redfish/v1/Chassis/{CHASSIS_NETWORK_ID}_{InstanceId}/NetworkAdapters/{NETWORK_ID}_{InstanceId}/Ports/{PORT_ID}_{InstanceId}/Metrics
{PCIeErrors{UnsupportedRequestCount}}","2023.0b 
/redfish/v1/Chassis/{CHASSIS_NETWORK_ID}_{InstanceId}/NetworkAdapters/{NETWORK_ID}_{InstanceId}/Ports/{PORT_ID}_{InstanceId}/Metrics
{PCIeErrors{UnsupportedRequestCount}}","2023.0b 
/redfish/v1/Chassis/{CHASSIS_NETWORK_ID}_{InstanceId}/NetworkAdapters/{NETWORK_ID}_{InstanceId}/Ports/{PORT_ID}_{InstanceId}/Metrics
{PCIeErrors{UnsupportedRequestCount}}",/redfish/v1/TelemetryService/MetricReports/HGX_NetworkAdapterPortMetrics_0,,,,NA,NA,NA,NA,Yes,Yes,NA,NA,NA,NA,NA,NA,NA,NA,NA,NA,NA,NA,NA,,,Available OOB,NO,No Impact,1 Hr,,"2023.0b 
/redfish/v1/Chassis/{CHASSIS_NETWORK_ID}_{InstanceId}/NetworkAdapters/{NETWORK_ID}_{InstanceId}/Ports/{PORT_ID}_{InstanceId}/Metrics
{PCIeErrors{UnsupportedRequestCount}}","2023.0b 
/redfish/v1/Chassis/$ChassisId/NetworkAdapters/$NetworkAdapterId/Ports/$PortId/Metrics
{PCIeErrors{UnsupportedRequestCount}}","{ChassisId: {Id_contains: {allOf: [HGX, NIC], not: [RoT]}}, NetworkAdapterId: {Id: all}, PortId: {PortProtocol: PCIe}}",,,Y,ES,,,,L0,L1,NA
,,,Overall Health of this device,,,,NA,NA,NA,"2023.0a
/redfish/v1/Chassis/{CHASSIS_NETWORK_ID}_{InstanceId}/NetworkAdapters/{NETWORK_ID}_{InstanceId}
{Status{Health}}",NA,NA,NA,NA,,,NA,NA,NA,NA,Yes,Yes,NA,NA,NA,NA,NA,NA,NA,NA,NA,NA,NA,NA,NA,NA,NA,Available OOB,No,No Impact,10 Sec,,"2023.0a
/redfish/v1/Chassis/{CHASSIS_NETWORK_ID}_{InstanceId}/NetworkAdapters/{NETWORK_ID}_{InstanceId}
{Status{Health}}","2023.0a
/redfish/v1/Chassis/$ChassisId/NetworkAdapters/$NetworkAdapterId
{Status{Health}}","{ChassisId: {Id_contains: {allOf: [HGX, NIC], not: [RoT]}}, NetworkAdapterId: {Id: all}}",,,,ES,,,,L0,L1,NA
,,,Overall Health of this device + its dependencies,,,,NA,NA,NA,"2023.0a
/redfish/v1/Chassis/{CHASSIS_NETWORK_ID}_{InstanceId}/NetworkAdapters/{NETWORK_ID}_{InstanceId}
{Status{HealthRollup}}",NA,NA,NA,NA,,,NA,NA,NA,NA,Yes,Yes,NA,NA,NA,NA,NA,NA,NA,NA,NA,NA,NA,NA,NA,NA,NA,Available OOB,No,No Impact,10 Sec,,"2023.0a
/redfish/v1/Chassis/{CHASSIS_NETWORK_ID}_{InstanceId}/NetworkAdapters/{NETWORK_ID}_{InstanceId}
{Status{HealthRollup}}","2023.0a
/redfish/v1/Chassis/$ChassisId/NetworkAdapters/$NetworkAdapterId
{Status{HealthRollup}}","{ChassisId: {Id_contains: {allOf: [HGX, NIC], not: [RoT]}}, NetworkAdapterId: {Id: all}}",,,,ES,,,,L0,L1,NA
,,,CX7 temperature (max of 2 sensors),,,NA,NA,,,,"2023.3
/redfish/v1/Chassis/IO_Board_{InstanceId}/Sensors/IO_Board_{InstanceId}_CX7_{InstanceId}_Temp
{Reading}","2023.3
/redfish/v1/Chassis/IO_Board_{InstanceId}/Sensors/IO_Board_{InstanceId}_CX7_{InstanceId}_Temp
{Reading}",,,,,,,,NA,,,NA,NA,Yes,NA,Yes,,NA,NA,NA,NA,NA,NA,NA,,,Available OOB,,,10 Sec,,"2023.3
/redfish/v1/Chassis/IO_Board_{InstanceId}/Sensors/IO_Board_{InstanceId}_CX7_{InstanceId}_Temp
{Reading}","2023.3
/redfish/v1/Chassis/$ChassisId/Sensors/$SensorId
{Reading}","{ChassisId: {Id_contains: IO_Board}, SensorId: {ReadingType: Temperature}}",,,,QS NVOEM,,,,nvoem,L1,NA
,,,Bluefield 3 temperature,,,NA,,,,,"2023.3
/redfish/v1/Chassis/Riser_Slot{InstanceId}_BlueField_3_SmartNIC_Main_Card/Sensors/BF3_Slot_{InstanceId}_NIC_Temp_{InstanceId}
{Reading}","2023.3
/redfish/v1/Chassis/Riser_Slot{InstanceId}_BlueField_3_SmartNIC_Main_Card/Sensors/BF3_Slot_{InstanceId}_NIC_Temp_{InstanceId}
{Reading}",,,,,,,,NA,,,NA,NA,Yes,NA,Yes,,NA,NA,NA,NA,NA,NA,NA,,,Available OOB,,,10 Sec,,"2023.3
/redfish/v1/Chassis/Riser_Slot{InstanceId}_BlueField_3_SmartNIC_Main_Card/Sensors/BF3_Slot_{InstanceId}_NIC_Temp_{InstanceId}
{Reading}","2023.3
/redfish/v1/Chassis/$ChassisId/Sensors/$SensorId
{Reading}","{ChassisId: {Id_contains: {anyOf: [BlueField_3], not: [RoT]}}, SensorId: {ReadingType: Temperature}}",,,,QS NVOEM,,,,nvoem,L1,NA
,,,NVNIC MCU/SMA Firmware version. This is only applicable for CX8.,,,"NSM: (0x06, 0x01)",NA,NA,NA,"2025.0a
/redfish/v1/UpdateService/FirmwareInventory/HGX_FW_ConnectX_SMA_{InstanceId}
{Version}","2025.0a
/redfish/v1/UpdateService/FirmwareInventory/{CX8_SMA_FW_NAME}_{InstanceId}
{Version}",NA,NA,NA,,,NA,NA,NA,NA,NA,Yes,NA,NA,NA,Yes,Yes,NA,NA,NA,NA,NA,NA,NA,NA,NA,NA,Available OOB,No,No Impact,1 Hr,,"2025.0a
/redfish/v1/UpdateService/FirmwareInventory/{CX8_SMA_FW_NAME}_{InstanceId}
{Version}","2025.0a
/redfish/v1/UpdateService/FirmwareInventory/$FwId
{Version}","{FwId: {Id_contains: {allOf: [SMA, ConnectX]}}}",,,,ES,,,,L0,L1,NA
,,,ConnectX MCU/SMA UUID. This is only applicable for CX8.,,,"NSM: (0x03, 0x0C)",NA,NA,NA,"2025.0a
/redfish/v1/Chassis/HGX_ConnectX_SMA_{InstanceId}
{UUID}","2025.0a
/redfish/v1/Chassis/{NVNIC_SMA_NAME}_{InstanceId}
{UUID}",NA,NA,NA,,,NA,NA,NA,NA,NA,Yes,NA,NA,NA,Yes,Yes,NA,NA,NA,NA,NA,NA,NA,NA,NA,NA,Available OOB,No,No Impact,1 Hr,,"2025.0a
/redfish/v1/Chassis/{NVNIC_SMA_NAME}_{InstanceId}
{UUID}","2025.0a
/redfish/v1/Chassis/$ChassisId
{UUID}","{ChassisId: {Id_contains: {allOf: [ConnectX, SMA], not: [RoT]}}}",,,,ES,,,,L0,L1,NA
,,,Current temperature. This is only applicable for CX8.,,,"NSM: (0x3, 0x3)",NA,NA,NA,"2025.0a
/redfish/v1/Chassis/HGX_ConnectX_SMA_{InstanceId}/Sensors/HGX_ConnectX_SMA_{InstanceId}_Temp_0
{Reading}","2025.0a
/redfish/v1/Chassis/{NVNIC_SMA_NAME}_{InstanceId}/Sensors/{NVNIC_SMA_NAME}_{InstanceId}_Temp_0
{Reading}",,,,,,,,,NA,NA,Yes,NA,NA,NA,Yes,Yes,NA,NA,NA,NA,NA,NA,NA,NA,NA,NA,Available OOB,No,No Impact,10 Sec,,"2025.0a
/redfish/v1/Chassis/{NVNIC_SMA_NAME}_{InstanceId}/Sensors/{NVNIC_SMA_NAME}_{InstanceId}_Temp_0
{Reading}","2025.0a
/redfish/v1/Chassis/$ChassisId/Sensors/$SensorId
{Reading}","{ChassisId: {Id_contains: {allOf: [ConnectX, SMA], not: [RoT]}}, SensorId: {ReadingType: Temperature}}",,,,QS,,,,L1,L1,NA
,,,ConnectX MCU/SMA SKU. This is only applicable for CX8.,,,"NSM: (0x03, 0x0C)",NA,NA,NA,"2025.0a
/redfish/v1/Chassis/HGX_ConnectX_SMA_{InstanceId}
{SKU}",,NA,NA,NA,,,NA,NA,NA,NA,NA,Yes,NA,NA,NA,NA,NA,NA,NA,NA,NA,NA,NA,NA,NA,NA,NA,Available OOB,No,No Impact,1 Hr,,"2025.0a
/redfish/v1/Chassis/{NVNIC_SMA_NAME}_{InstanceId}
{SKU}","2025.0a
/redfish/v1/Chassis/$ChassisId
{SKU}","{ChassisId: {Id_contains: {allOf: [ConnectX, SMA], not: [RoT]}}}",,,,ES,,,,L0,L1,NA
,,,NVNIC MCU/SMA RoT Boot Status code Information,,,"NSM: (0x06, 0x01)",NA,NA,NA,"2025.0a
/redfish/v1/Chassis/HGX_IRoT_ConnectX_SMA_{InstanceId}/Oem/NvidiaRoT/RoTProtectedComponents/ConnectX_SMA_{InstanceId}
{BootStatusCode}",,NA,NA,NA,,,NA,NA,NA,NA,NA,Yes,NA,NA,NA,NA,NA,NA,NA,NA,NA,NA,NA,NA,NA,NA,NA,Available OOB,No,No Impact,10 Sec,,"2025.0a
/redfish/v1/Chassis/{NVNIC_SMA_IRoT_NAME}_{InstanceId}/Oem/NvidiaRoT/RoTProtectedComponents/{CX8_SMA_COMP_NAME}_{InstanceId}
{BootStatusCode}","2025.0a
/redfish/v1/Chassis/$ChassisId/Oem/NvidiaRoT/RoTProtectedComponents/$ComponentId
{BootStatusCode}","{ChassisId:{Id_contains: {allOf: [ConnectX, SMA, RoT]}}, ComponentId: {Id: all}}",,,Y,QS,,,,L1,L1,NA
,,,NVNIC MCU/SMA RoT Active slot Id,,,"NSM: (0x06, 0x01)",NA,NA,NA,"2025.0a
/redfish/v1/Chassis/HGX_IRoT_ConnectX_SMA_{InstanceId}/Oem/NvidiaRoT/RoTProtectedComponents/ConnectX_SMA_{InstanceId}
{ActiveSlotId}",,NA,NA,NA,,,NA,NA,NA,NA,NA,Yes,NA,NA,NA,NA,NA,NA,NA,NA,NA,NA,NA,NA,NA,NA,NA,Available OOB,No,No Impact,10 Sec,,"2025.0a
/redfish/v1/Chassis/{NVNIC_SMA_IRoT_NAME}_{InstanceId}/Oem/NvidiaRoT/RoTProtectedComponents/{CX8_SMA_COMP_NAME}_{InstanceId}
{ActiveSlotId}","2025.0a
/redfish/v1/Chassis/$ChassisId/Oem/NvidiaRoT/RoTProtectedComponents/$ComponentId
{ActiveSlotId}","{ChassisId:{Id_contains: {allOf: [ConnectX, SMA, RoT]}}, ComponentId: {Id: all}}",,,,QS,,,,L1,L1,NA
,,,NVNIC MCU/SMA RoT Active Keyset Identifier,,,"NSM: (0x06, 0x01)",NA,NA,NA,"2025.0a
/redfish/v1/Chassis/HGX_IRoT_ConnectX_SMA_{InstanceId}/Oem/NvidiaRoT/RoTProtectedComponents/ConnectX_SMA_{InstanceId}
{ActiveKeySetIdentifier}",,NA,NA,NA,,,NA,NA,NA,NA,NA,Yes,NA,NA,NA,NA,NA,NA,NA,NA,NA,NA,NA,NA,NA,NA,NA,Available OOB,No,No Impact,10 Sec,,"2025.0a
/redfish/v1/Chassis/{NVNIC_SMA_IRoT_NAME}_{InstanceId}/Oem/NvidiaRoT/RoTProtectedComponents/{CX8_SMA_COMP_NAME}_{InstanceId}
{ActiveKeySetIdentifier}","2025.0a
/redfish/v1/Chassis/$ChassisId/Oem/NvidiaRoT/RoTProtectedComponents/$ComponentId
{ActiveKeySetIdentifier}","{ChassisId:{Id_contains: {allOf: [ConnectX, SMA, RoT]}}, ComponentId: {Id: all}}",,,,QS,,,,L1,L1,NA
,,,NVNIC MCU/SMA RoT minimum security version,,,"NSM: (0x06, 0x01)",NA,NA,NA,"2025.0a
/redfish/v1/Chassis/HGX_IRoT_ConnectX_SMA_{InstanceId}/Oem/NvidiaRoT/RoTProtectedComponents/ConnectX_SMA_{InstanceId}
{MinimumSecurityVersion}",,NA,NA,NA,,,NA,NA,NA,NA,NA,Yes,NA,NA,NA,NA,NA,NA,NA,NA,NA,NA,NA,NA,NA,NA,NA,Available OOB,No,No Impact,1 Hr,,"2025.0a
/redfish/v1/Chassis/{NVNIC_SMA_IRoT_NAME}_{InstanceId}/Oem/NvidiaRoT/RoTProtectedComponents/{CX8_SMA_COMP_NAME}_{InstanceId}
{MinimumSecurityVersion}","2025.0a
/redfish/v1/Chassis/$ChassisId/Oem/NvidiaRoT/RoTProtectedComponents/$ComponentId
{MinimumSecurityVersion}","{ChassisId:{Id_contains: {allOf: [ConnectX, SMA, RoT]}}, ComponentId: {Id: all}}",,,,QS,,,,L1,L1,NA
,,,NVNIC(ConnectX) MCU/SMA RoT Image Slot ID,,,"NSM: (0x06, 0x01)",NA,NA,NA,"2025.0a
/redfish/v1/Chassis/HGX_IRoT_ConnectX_SMA_{InstanceId}/Oem/NvidiaRoT/RoTProtectedComponents/ConnectX_SMA_{InstanceId}/ImageSlots/{InstanceId}
{SlotId}",,NA,NA,NA,,,NA,NA,NA,NA,NA,Yes,NA,NA,NA,NA,NA,NA,NA,NA,NA,NA,NA,NA,NA,NA,NA,Available OOB,No,No Impact,1 Hr,,"2025.0a
/redfish/v1/Chassis/{NVNIC_SMA_IRoT_NAME}_{InstanceId}/Oem/NvidiaRoT/RoTProtectedComponents/{CX8_SMA_COMP_NAME}_{InstanceId}/ImageSlots/{InstanceId}
{SlotId}","2025.0a
/redfish/v1/Chassis/$ChassisId/Oem/NvidiaRoT/RoTProtectedComponents/$ComponentId/ImageSlots/$ImageId
{SlotId}","{ChassisId:{Id_contains: {allOf: [ConnectX, SMA, RoT]}}, ComponentId: {Id: all}, ImageId: {Id: all}}",,,,QS,,,,L1,L1,NA
,,,NVNIC(ConnectX) MCU/SMA RoT Image Version,,,"NSM: (0x06, 0x01)",NA,NA,NA,"2025.0a
/redfish/v1/Chassis/HGX_IRoT_ConnectX_SMA_{InstanceId}/Oem/NvidiaRoT/RoTProtectedComponents/ConnectX_SMA_{InstanceId}/ImageSlots/{InstanceId}
{Version}",,NA,NA,NA,,,NA,NA,NA,NA,NA,Yes,NA,NA,NA,NA,NA,NA,NA,NA,NA,NA,NA,NA,NA,NA,NA,Available OOB,No,No Impact,1 Hr,,"2025.0a
/redfish/v1/Chassis/{NVNIC_SMA_IRoT_NAME}_{InstanceId}/Oem/NvidiaRoT/RoTProtectedComponents/{CX8_SMA_COMP_NAME}_{InstanceId}/ImageSlots/{InstanceId}
{Version}","2025.0a
/redfish/v1/Chassis/$ChassisId/Oem/NvidiaRoT/RoTProtectedComponents/$ComponentId/ImageSlots/$ImageId
{Version}","{ChassisId:{Id_contains: {allOf: [ConnectX, SMA, RoT]}}, ComponentId: {Id: all}, ImageId: {Id: all}}",,,Y,QS,,,,L1,L1,NA
,,,NVNIC(ConnectX) MCU/SMA RoT Image Firmware Comparison Number,,,"NSM: (0x06, 0x01)",NA,NA,NA,"2025.0a
/redfish/v1/Chassis/HGX_IRoT_ConnectX_SMA_{InstanceId}/Oem/NvidiaRoT/RoTProtectedComponents/ConnectX_SMA_{InstanceId}/ImageSlots/{InstanceId}
{FirmwareComparisonNumber}",,NA,NA,NA,,,NA,NA,NA,NA,NA,Yes,NA,NA,NA,NA,NA,NA,NA,NA,NA,NA,NA,NA,NA,NA,NA,Available OOB,No,No Impact,1 Hr,,"2025.0a
/redfish/v1/Chassis/{NVNIC_SMA_IRoT_NAME}_{InstanceId}/Oem/NvidiaRoT/RoTProtectedComponents/{CX8_SMA_COMP_NAME}_{InstanceId}/ImageSlots/{InstanceId}
{FirmwareComparisonNumber}","2025.0a
/redfish/v1/Chassis/$ChassisId/Oem/NvidiaRoT/RoTProtectedComponents/$ComponentId/ImageSlots/$ImageId
{FirmwareComparisonNumber}","{ChassisId:{Id_contains: {allOf: [ConnectX, SMA, RoT]}}, ComponentId: {Id: all}, ImageId: {Id: all}}",,,,QS,,,,L1,L1,NA
,,,NVNIC(ConnectX) MCU/SMA RoT Image Build Type,,,"NSM: (0x06, 0x01)",NA,NA,NA,"2025.0a
/redfish/v1/Chassis/HGX_IRoT_ConnectX_SMA_{InstanceId}/Oem/NvidiaRoT/RoTProtectedComponents/ConnectX_SMA_{InstanceId}/ImageSlots/{InstanceId}
{BuildType}",,NA,NA,NA,,,NA,NA,NA,NA,NA,Yes,NA,NA,NA,NA,NA,NA,NA,NA,NA,NA,NA,NA,NA,NA,NA,Available OOB,No,No Impact,1 Hr,,"2025.0a
/redfish/v1/Chassis/{NVNIC_SMA_IRoT_NAME}_{InstanceId}/Oem/NvidiaRoT/RoTProtectedComponents/{CX8_SMA_COMP_NAME}_{InstanceId}/ImageSlots/{InstanceId}
{BuildType}","2025.0a
/redfish/v1/Chassis/$ChassisId/Oem/NvidiaRoT/RoTProtectedComponents/$ComponentId/ImageSlots/$ImageId
{BuildType}","{ChassisId:{Id_contains: {allOf: [ConnectX, SMA, RoT]}}, ComponentId: {Id: all}, ImageId: {Id: all}}",,,,QS,,,,L1,L1,NA
,,,NVNIC(ConnectX) MCU/SMA RoT Image Firmware State,,,"NSM: (0x06, 0x01)",NA,NA,NA,"2025.0a
/redfish/v1/Chassis/HGX_IRoT_ConnectX_SMA_{InstanceId}/Oem/NvidiaRoT/RoTProtectedComponents/ConnectX_SMA_{InstanceId}/ImageSlots/{InstanceId}
{FirmwareState}",,NA,NA,NA,,,NA,NA,NA,NA,NA,Yes,NA,NA,NA,NA,NA,NA,NA,NA,NA,NA,NA,NA,NA,NA,NA,Available OOB,No,No Impact,1 Hr,,"2025.0a
/redfish/v1/Chassis/{NVNIC_SMA_IRoT_NAME}_{InstanceId}/Oem/NvidiaRoT/RoTProtectedComponents/{CX8_SMA_COMP_NAME}_{InstanceId}/ImageSlots/{InstanceId}
{FirmwareState}","2025.0a
/redfish/v1/Chassis/$ChassisId/Oem/NvidiaRoT/RoTProtectedComponents/$ComponentId/ImageSlots/$ImageId
{FirmwareState}","{ChassisId:{Id_contains: {allOf: [ConnectX, SMA, RoT]}}, ComponentId: {Id: all}, ImageId: {Id: all}}",,,,QS,,,,L1,L1,NA
,,,NVNIC(ConnectX) MCU/SMA RoT Image Signing Type,,,"NSM: (0x06, 0x01)",NA,NA,NA,"2025.0a
/redfish/v1/Chassis/HGX_IRoT_ConnectX_SMA_{InstanceId}/Oem/NvidiaRoT/RoTProtectedComponents/ConnectX_SMA_{InstanceId}/ImageSlots/{InstanceId}
{SigningType}",,NA,NA,NA,,,NA,NA,NA,NA,NA,Yes,NA,NA,NA,NA,NA,NA,NA,NA,NA,NA,NA,NA,NA,NA,NA,Available OOB,No,No Impact,1 Hr,,"2025.0a
/redfish/v1/Chassis/{NVNIC_SMA_IRoT_NAME}_{InstanceId}/Oem/NvidiaRoT/RoTProtectedComponents/{CX8_SMA_COMP_NAME}_{InstanceId}/ImageSlots/{InstanceId}
{SigningType}","2025.0a
/redfish/v1/Chassis/$ChassisId/Oem/NvidiaRoT/RoTProtectedComponents/$ComponentId/ImageSlots/$ImageId
{SigningType}","{ChassisId:{Id_contains: {allOf: [ConnectX, SMA, RoT]}}, ComponentId: {Id: all}, ImageId: {Id: all}}",,,,QS,,,,L1,L1,NA
,,,NVNIC(ConnectX)  MCU/SMA RoT Image FSigning Key Index,,,"NSM: (0x06, 0x01)",NA,NA,NA,"2025.0a
/redfish/v1/Chassis/HGX_IRoT_ConnectX_SMA_{InstanceId}/Oem/NvidiaRoT/RoTProtectedComponents/ConnectX_SMA_{InstanceId}/ImageSlots/{InstanceId}
{SigningKeyIndex}",,NA,NA,NA,,,NA,NA,NA,NA,NA,Yes,NA,NA,NA,NA,NA,NA,NA,NA,NA,NA,NA,NA,NA,NA,NA,Available OOB,No,No Impact,1 Hr,,"2025.0a
/redfish/v1/Chassis/{NVNIC_SMA_IRoT_NAME}_{InstanceId}/Oem/NvidiaRoT/RoTProtectedComponents/{CX8_SMA_COMP_NAME}_{InstanceId}/ImageSlots/{InstanceId}
{SigningKeyIndex}","2025.0a
/redfish/v1/Chassis/$ChassisId/Oem/NvidiaRoT/RoTProtectedComponents/$ComponentId/ImageSlots/$ImageId
{SigningKeyIndex}","{ChassisId:{Id_contains: {allOf: [ConnectX, SMA, RoT]}}, ComponentId: {Id: all}, ImageId: {Id: all}}",,,,QS,,,,L1,L1,NA
,,,NVNIC(ConnectX) MCU/SMA RoT Image Security Version,,,"NSM: (0x06, 0x01)",NA,NA,NA,"2025.0a
/redfish/v1/Chassis/HGX_IRoT_ConnectX_SMA_{InstanceId}/Oem/NvidiaRoT/RoTProtectedComponents/ConnectX_SMA_{InstanceId}/ImageSlots/{InstanceId}
{SecurityVersion}",,NA,NA,NA,,,NA,NA,NA,NA,NA,Yes,NA,NA,NA,NA,NA,NA,NA,NA,NA,NA,NA,NA,NA,NA,NA,Available OOB,No,No Impact,1 Hr,,"2025.0a
/redfish/v1/Chassis/{NVNIC_SMA_IRoT_NAME}_{InstanceId}/Oem/NvidiaRoT/RoTProtectedComponents/{CX8_SMA_COMP_NAME}_{InstanceId}/ImageSlots/{InstanceId}
{SecurityVersion}","2025.0a
/redfish/v1/Chassis/$ChassisId/Oem/NvidiaRoT/RoTProtectedComponents/$ComponentId/ImageSlots/$ImageId
{SecurityVersion}","{ChassisId:{Id_contains: {allOf: [ConnectX, SMA, RoT]}}, ComponentId: {Id: all}, ImageId: {Id: all}}",,,Y,QS,,,,L1,L1,NA
,,,NVNIC(ConnectX) MCU/SMA RoT Image Write Protected Status,,,"NSM: (0x06, 0x01)",NA,NA,NA,"2025.0a
/redfish/v1/Chassis/HGX_IRoT_ConnectX_SMA_{InstanceId}/Oem/NvidiaRoT/RoTProtectedComponents/ConnectX_SMA_{InstanceId}/ImageSlots/{InstanceId}
{WriteProtected}",,NA,NA,NA,,,NA,NA,NA,NA,NA,Yes,NA,NA,NA,NA,NA,NA,NA,NA,NA,NA,NA,NA,NA,NA,NA,Available OOB,No,No Impact,1 Hr,,"2025.0a
/redfish/v1/Chassis/{NVNIC_SMA_IRoT_NAME}_{InstanceId}/Oem/NvidiaRoT/RoTProtectedComponents/{CX8_SMA_COMP_NAME}_{InstanceId}/ImageSlots/{InstanceId}
{WriteProtected}","2025.0a
/redfish/v1/Chassis/$ChassisId/Oem/NvidiaRoT/RoTProtectedComponents/$ComponentId/ImageSlots/$ImageId
{WriteProtected}","{ChassisId:{Id_contains: {allOf: [ConnectX, SMA, RoT]}}, ComponentId: {Id: all}, ImageId: {Id: all}}",,,,QS,,,,L1,L1,NA
,,,Query/disable/enable irreversible config,,,"NSM: (0x06, 0x02)",NA,NA,NA,"2025.0a
/redfish/v1/Chassis/HGX_IRoT_ConnectX_SMA_{InstanceId}
{IrreversibleConfigEnabled}",,,NA,NA,,,NA,NA,NA,NA,NA,Yes,NA,NA,NA,NA,NA,NA,NA,NA,NA,NA,NA,NA,NA,NA,NA,Available OOB,No,No Impact,1 Hr,,"2025.0a
/redfish/v1/Chassis/{NVNIC_SMA_IRoT_NAME}_{InstanceId}
{IrreversibleConfigEnabled}","2025.0a
/redfish/v1/Chassis/$ChassisId
{IrreversibleConfigEnabled}","{ChassisId:{Id_contains: {allOf: [ConnectX, SMA, RoT]}}}",,,,QS,,,,L1,L1,NA
,,,Query FW Code Authentication Key,,,"NSM: (0x06, 0x03)",NA,NA,NA,"2025.0a
/redfish/v1/Chassis/HGX_IRoT_ConnectX_SMA_{InstanceId}/Oem/NvidiaRoT/RoTProtectedComponents/ConnectX_SMA_{InstanceId}
{AllowedKeyIndices}",,NA,NA,NA,,,NA,NA,NA,NA,NA,Yes,NA,NA,NA,NA,NA,NA,NA,NA,NA,NA,NA,NA,NA,NA,NA,Available OOB,No,No Impact,1 Hr,,"2025.0a
/redfish/v1/Chassis/{NVNIC_SMA_IRoT_NAME}_{InstanceId}/Oem/NvidiaRoT/RoTProtectedComponents/{CX8_SMA_COMP_NAME}_{InstanceId}
{AllowedKeyIndices}","2025.0a
/redfish/v1/Chassis/$ChassisId/Oem/NvidiaRoT/RoTProtectedComponents/$ComponentId
{AllowedKeyIndices}","{ChassisId:{Id_contains: {allOf: [ConnectX, SMA, RoT]}}, ComponentId: {Id: all}}",,,,QS,,,,L1,L1,NA
,,,Query FW Code Authentication Key,,,"NSM: (0x06, 0x03)",NA,NA,NA,"2025.0a
/redfish/v1/Chassis/HGX_IRoT_ConnectX_SMA_{InstanceId}/Oem/NvidiaRoT/RoTProtectedComponents/ConnectX_SMA_{InstanceId}
{RevokedKeyIndices}",,NA,NA,NA,,,NA,NA,NA,NA,NA,Yes,NA,NA,NA,NA,NA,NA,NA,NA,NA,NA,NA,NA,NA,NA,NA,Available OOB,No,No Impact,1 Hr,,"2025.0a
/redfish/v1/Chassis/{NVNIC_SMA_IRoT_NAME}_{InstanceId}/Oem/NvidiaRoT/RoTProtectedComponents/{CX8_SMA_COMP_NAME}_{InstanceId}
{RevokedKeyIndices}","2025.0a
/redfish/v1/Chassis/$ChassisId/Oem/NvidiaRoT/RoTProtectedComponents/$ComponentId
{RevokedKeyIndices}","{ChassisId:{Id_contains: {allOf: [ConnectX, SMA, RoT]}}, ComponentId: {Id: all}}",,,,QS,,,,L1,L1,NA
,,,Query FW Code Authentication Key,,,"NSM: (0x06, 0x03)",NA,NA,NA,"2025.0a
/redfish/v1/Chassis/HGX_IRoT_ConnectX_SMA_{InstanceId}/Oem/NvidiaRoT/RoTProtectedComponents/ConnectX_SMA_{InstanceId}/ImageSlots/{InstanceId}
{AllowedKeyIndices}",,NA,NA,NA,,,NA,NA,NA,NA,NA,Yes,NA,NA,NA,NA,NA,NA,NA,NA,NA,NA,NA,NA,NA,NA,NA,Available OOB,No,No Impact,1 Hr,,"2025.0a
/redfish/v1/Chassis/{NVNIC_SMA_IRoT_NAME}_{InstanceId}/Oem/NvidiaRoT/RoTProtectedComponents/{CX8_SMA_COMP_NAME}_{InstanceId}/ImageSlots/{InstanceId}
{AllowedKeyIndices}","2025.0a
/redfish/v1/Chassis/$ChassisId/Oem/NvidiaRoT/RoTProtectedComponents/$ComponentId/ImageSlots/$ImageId
{AllowedKeyIndices}","{ChassisId:{Id_contains: {allOf: [ConnectX, SMA, RoT]}}, ComponentId: {Id: all}, ImageId: {Id: all}}",,,,QS,,,,L1,L1,NA
,,,Query FW Code Authentication Key,,,"NSM: (0x06, 0x03)",NA,NA,NA,"2025.0a
/redfish/v1/Chassis/HGX_IRoT_ConnectX_SMA_{InstanceId}/Oem/NvidiaRoT/RoTProtectedComponents/ConnectX_SMA_{InstanceId}/ImageSlots/{InstanceId}
{RevokedKeyIndices}",,NA,NA,NA,,,NA,NA,NA,NA,NA,Yes,NA,NA,NA,NA,NA,NA,NA,NA,NA,NA,NA,NA,NA,NA,NA,Available OOB,No,No Impact,1 Hr,,"2025.0a
/redfish/v1/Chassis/{NVNIC_SMA_IRoT_NAME}_{InstanceId}/Oem/NvidiaRoT/RoTProtectedComponents/{CX8_SMA_COMP_NAME}_{InstanceId}/ImageSlots/{InstanceId}
{RevokedKeyIndices}","2025.0a
/redfish/v1/Chassis/$ChassisId/Oem/NvidiaRoT/RoTProtectedComponents/$ComponentId/ImageSlots/$ImageId
{RevokedKeyIndices}","{ChassisId:{Id_contains: {allOf: [ConnectX, SMA, RoT]}}, ComponentId: {Id: all}, ImageId: {Id: all}}",,,,QS,,,,L1,L1,NA
,,,Query FW security version number,,,"NSM: (0x06, 0x05)",NA,NA,NA,"2025.0a
/redfish/v1/Chassis/HGX_IRoT_ConnectX_SMA_{InstanceId}/Oem/NvidiaRoT/RoTProtectedComponents/ConnectX_SMA_{InstanceId}/ImageSlots/{InstanceId}
{SecurityVersion}",,NA,NA,NA,,,NA,NA,NA,NA,NA,Yes,NA,NA,NA,NA,NA,NA,NA,NA,NA,NA,NA,NA,NA,NA,NA,Available OOB,No,No Impact,1 Hr,,"2025.0a
/redfish/v1/Chassis/{NVNIC_SMA_IRoT_NAME}_{InstanceId}/Oem/NvidiaRoT/RoTProtectedComponents/{CX8_SMA_COMP_NAME}_{InstanceId}/ImageSlots/{InstanceId}
{SecurityVersion}","2025.0a
/redfish/v1/Chassis/$ChassisId/Oem/NvidiaRoT/RoTProtectedComponents/$ComponentId/ImageSlots/$ImageId
{SecurityVersion}","{ChassisId:{Id_contains: {allOf: [ConnectX, SMA, RoT]}}, ComponentId: {Id: all}, ImageId: {Id: all}}",,,,QS,,,,L1,L1,NA
,,,Query FW security version number,,,"NSM: (0x06, 0x05)",NA,NA,NA,"2025.0a
/redfish/v1/Chassis/HGX_IRoT_ConnectX_SMA_{InstanceId}/Oem/NvidiaRoT/RoTProtectedComponents/ConnectX_SMA_{InstanceId}
{MinimumSecurityVersion}",,NA,NA,NA,,,NA,NA,NA,NA,NA,Yes,NA,NA,NA,NA,NA,NA,NA,NA,NA,NA,NA,NA,NA,NA,NA,Available OOB,No,No Impact,1 Hr,,"2025.0a
/redfish/v1/Chassis/{NVNIC_SMA_IRoT_NAME}_{InstanceId}/Oem/NvidiaRoT/RoTProtectedComponents/{CX8_SMA_COMP_NAME}_{InstanceId}
{MinimumSecurityVersion}","2025.0a
/redfish/v1/Chassis/$ChassisId/Oem/NvidiaRoT/RoTProtectedComponents/$ComponentId
{MinimumSecurityVersion}","{ChassisId:{Id_contains: {allOf: [ConnectX, SMA, RoT]}}, ComponentId: {Id: all}}",,,,QS,,,,L1,L1,NA
,,,Total number of times the Port Training state machine has failed the link error recovery process and downed the link.,,,NA,NA,NA,TBD,"2025.0a
/redfish/v1/Chassis/HGX_ConnectX_{InstanceId}/NetworkAdapters/ConnectX_NIC_{InstanceId}/Ports/Port_{InstanceId}/Metrics
{Oem{Nvidia{LinkDownedCount}}}",NA,NA,/redfish/v1/TelemetryService/MetricReports/HGX_NetworkAdapterPortMetrics_0,NA,,,NA,NA,NA,NA,NA,Yes,NA,NA,NA,NA,NA,NA,NA,NA,NA,NA,NA,NA,NA,NA,NA,Available OOB,No,No Impact,1 Hr,30,"2025.0a
/redfish/v1/Chassis/{NVNIC_CX_NAME}_{InstanceId}/NetworkAdapters/{NETWORK_ID}_{InstanceId}/Ports/{PORT_ID}_{InstanceId}/Metrics
{Oem{Nvidia{LinkDownedCount}}}","2025.0a
/redfish/v1/Chassis/$ChassisId/NetworkAdapters/$NetworkAdapterId/Ports/$PortId/Metrics
{Oem{Nvidia{LinkDownedCount}}}","{ChassisId: {Id_contains: {allOf: [HGX, ConnectX], not: [RoT]}}, NetworkAdapterId: {Id: all}, PortId: {PortProtocol: InfiniBand}}
",,,Y,QS,,,,L1,L1,NA
,,,Total number of outbound packets discarded by the port because the port is down or congested.,,,NA,NA,NA,TBD,"2025.0a
/redfish/v1/Chassis/HGX_ConnectX_{InstanceId}/NetworkAdapters/ConnectX_NIC_{InstanceId}/Ports/Port_{InstanceId}/Metrics
{Networking{TXDiscards}}",NA,NA,/redfish/v1/TelemetryService/MetricReports/HGX_NetworkAdapterPortMetrics_0,NA,,,NA,NA,NA,NA,NA,Yes,NA,NA,NA,NA,NA,NA,NA,NA,NA,NA,NA,NA,NA,NA,NA,Available OOB,No,No Impact,1 Hr,30,"2025.0a
/redfish/v1/Chassis/{NVNIC_CX_NAME}_{InstanceId}/NetworkAdapters/{NETWORK_ID}_{InstanceId}/Ports/{PORT_ID}_{InstanceId}/Metrics
{Networking{TXDiscards}}","2025.0a
/redfish/v1/Chassis/$ChassisId/NetworkAdapters/$NetworkAdapterId/Ports/$PortId/Metrics
{Networking{TXDiscards}}","{ChassisId: {Id_contains: {allOf: [HGX, ConnectX], not: [RoT]}}, NetworkAdapterId: {Id: all}, PortId: {PortProtocol: InfiniBand}}
",,,Y,QS,,,,L1,L1,NA
,,,Total number of packets marked with the EBP delimiter received on the port since reset.,,,NA,NA,NA,TBD,"2025.0a
/redfish/v1/Chassis/HGX_ConnectX_{InstanceId}/NetworkAdapters/ConnectX_NIC_{InstanceId}/Ports/Port_{InstanceId}/Metrics
{Oem{Nvidia{RXRemotePhysicalErrors}}}",NA,NA,/redfish/v1/TelemetryService/MetricReports/HGX_NetworkAdapterPortMetrics_0,NA,,,NA,NA,NA,NA,NA,Yes,NA,NA,NA,NA,NA,NA,NA,NA,NA,NA,NA,NA,NA,NA,NA,Available OOB,No,No Impact,1 Hr,30,"2025.0a
/redfish/v1/Chassis/{NVNIC_CX_NAME}_{InstanceId}/NetworkAdapters/{NETWORK_ID}_{InstanceId}/Ports/{PORT_ID}_{InstanceId}/Metrics
{Oem{Nvidia{RXRemotePhysicalErrors}}}","2025.0a
/redfish/v1/Chassis/$ChassisId/NetworkAdapters/$NetworkAdapterId/Ports/$PortId/Metrics
{Oem{Nvidia{RXRemotePhysicalErrors}}}","{ChassisId: {Id_contains: {allOf: [HGX, ConnectX], not: [RoT]}}, NetworkAdapterId: {Id: all}, PortId: {PortProtocol: InfiniBand}}
",,,Y,QS,,,,L1,L1,NA
,,,Total number of packets received on the port that were discarded because they could not be forwarded by the switch relay since reset.,,,NA,NA,NA,TBD,"2025.0a
/redfish/v1/Chassis/HGX_ConnectX_{InstanceId}/NetworkAdapters/ConnectX_NIC_{InstanceId}/Ports/Port_{InstanceId}/Metrics
{Oem{Nvidia{RXSwitchRelayErrors}}}",NA,NA,/redfish/v1/TelemetryService/MetricReports/HGX_NetworkAdapterPortMetrics_0,NA,,,NA,NA,NA,NA,NA,Yes,NA,NA,NA,NA,NA,NA,NA,NA,NA,NA,NA,NA,NA,NA,NA,Available OOB,No,No Impact,1 Hr,30,"2025.0a
/redfish/v1/Chassis/{NVNIC_CX_NAME}_{InstanceId}/NetworkAdapters/{NETWORK_ID}_{InstanceId}/Ports/{PORT_ID}_{InstanceId}/Metrics
{Oem{Nvidia{RXSwitchRelayErrors}}}","2025.0a
/redfish/v1/Chassis/$ChassisId/NetworkAdapters/$NetworkAdapterId/Ports/$PortId/Metrics
{Oem{Nvidia{RXSwitchRelayErrors}}}","{ChassisId: {Id_contains: {allOf: [HGX, ConnectX], not: [RoT]}}, NetworkAdapterId: {Id: all}, PortId: {PortProtocol: InfiniBand}}
",,,Y,QS,,,,L1,L1,NA
,,,Current speed of this port. This value includes overhead associated with the protocol.,,,PLDM Type-2: Link speed sensor PDR,NA,NA,TBD,"2025.0a
/redfish/v1/Chassis/HGX_ConnectX_{InstanceId}/NetworkAdapters/ConnectX_NIC_{InstanceId}/Ports/Port_{InstanceId}
{CurrentSpeedGbps}",NA,NA,/redfish/v1/TelemetryService/MetricReports/HGX_NetworkAdapterPortMetrics_0,NA,,,NA,NA,NA,NA,NA,Yes,NA,NA,NA,NA,NA,NA,NA,NA,NA,NA,NA,NA,NA,NA,NA,Available OOB,No,No Impact,,30,"2025.0a
/redfish/v1/Chassis/{NVNIC_CX_NAME}_{InstanceId}/NetworkAdapters/{NETWORK_ID}_{InstanceId}/Ports/{PORT_ID}_{InstanceId}
{CurrentSpeedGbps}","2025.0a
/redfish/v1/Chassis/$ChassisId/NetworkAdapters/$NetworkAdapterId/Ports/$PortId
{CurrentSpeedGbps}","{ChassisId: {Id_contains: {allOf: [HGX, ConnectX], not: [RoT]}}, NetworkAdapterId: {Id: all}, PortId: {PortProtocol: InfiniBand}}
",,,Y,QS,,,,L1,L1,NA
,,,Current temperature of the device,,,PLDM Type-2: Network Controller Temperature sensor PDR,NVSDM_CONNECTX_TELEM_CTR_DEVICE_TEMPERATURE,nvsdm_cli -l <lid> -p <port> -c NVSDM_CONNECTX_TELEM_CTR_DEVICE_TEMPERATURE,TBD,"2025.0a
/redfish/v1/Chassis/HGX_ConnectX_{InstanceId}/Sensors/HGX_ConnectX_{InstanceId}_Temp_0
{Reading}",NA,NA,/redfish/v1/TelemetryService/MetricReports/HGX_PlatformEnvironmentMetrics_0,NA,,,NA,NA,NA,NA,NA,Yes,NA,NA,NA,NA,NA,NA,NA,NA,NA,NA,NA,NA,NA,NA,NA,Available OOB,No,No Impact,10 Sec,30,"2025.0a
/redfish/v1/Chassis/{NVNIC_CX_NAME}_{InstanceId}/Sensors/{NVNIC_CX_NAME}_{InstanceId}_Temp_0
{Reading}","2025.0a
/redfish/v1/Chassis/$ChassisId/Sensors/$SensorId
{Reading}","{ChassisId: {Id_contains: {allOf: [HGX, ConnectX], not: [RoT]}}, SensorId: {ReadingType: Temperature}}
",,,Y,QS,,,,L1,L1,NA
,,,Total number of times the Port Training state machine has successfully completed the link error recovery process.,,,"NSM: 0x01, 0x01",NA,NA,TBD,"2025.0a
/redfish/v1/Chassis/HGX_ConnectX_{InstanceId}/NetworkAdapters/ConnectX_NIC_{InstanceId}/Ports/Port_{InstanceId}/Metrics
{Oem{Nvidia{LinkErrorRecoveryCount}}}",NA,NA,/redfish/v1/TelemetryService/MetricReports/HGX_NetworkAdapterPortMetrics_0,NA,,,NA,NA,NA,NA,NA,Yes,NA,NA,NA,NA,NA,NA,NA,NA,NA,NA,NA,NA,NA,NA,NA,Available OOB,No,No Impact,10 Sec,30,"2025.0a
/redfish/v1/Chassis/{NVNIC_CX_NAME}_{InstanceId}/NetworkAdapters/{NETWORK_ID}_{InstanceId}/Ports/{PORT_ID}_{InstanceId}/Metrics
{Oem{Nvidia{LinkErrorRecoveryCount}}}","2025.0a
/redfish/v1/Chassis/$ChassisId/NetworkAdapters/$NetworkAdapterId/Ports/$PortId/Metrics
{Oem{Nvidia{LinkErrorRecoveryCount}}}","{ChassisId: {Id_contains: {allOf: [HGX, ConnectX], not: [RoT]}}, NetworkAdapterId: {Id: all}, PortId: {PortProtocol: InfiniBand}}
",,,Y,QS,,,,L1,L1,NA
,,,"Total number of multicast packets, including multicast packets containing errors.",,,"NSM: 0x01, 0x01",NA,NA,TBD,"2025.0a
/redfish/v1/Chassis/HGX_ConnectX_{InstanceId}/NetworkAdapters/ConnectX_NIC_{InstanceId}/Ports/Port_{InstanceId}/Metrics
{{Networking{RXMulticastFrames}}",NA,NA,/redfish/v1/TelemetryService/MetricReports/HGX_NetworkAdapterPortMetrics_0,NA,,,NA,NA,NA,NA,NA,Yes,NA,NA,NA,NA,NA,NA,NA,NA,NA,NA,NA,NA,NA,NA,NA,Available OOB,No,No Impact,10 Sec,30,"2025.0a
/redfish/v1/Chassis/{NVNIC_CX_NAME}_{InstanceId}/NetworkAdapters/{NETWORK_ID}_{InstanceId}/Ports/{PORT_ID}_{InstanceId}/Metrics
{{Networking{RXMulticastFrames}}","2025.0a
/redfish/v1/Chassis/$ChassisId/NetworkAdapters/$NetworkAdapterId/Ports/$PortId/Metrics
{{Networking{RXMulticastFrames}}","{ChassisId: {Id_contains: {allOf: [HGX, ConnectX], not: [RoT]}}, NetworkAdapterId: {Id: all}, PortId: {PortProtocol: InfiniBand}}
",,,Y,QS,,,,L1,L1,NA
,,,Total number of multicast packets transmitted on all VLs from the port. This may include multicast packets with errors.,,,"NSM: 0x01, 0x01",NA,NA,TBD,"2025.0a
/redfish/v1/Chassis/HGX_ConnectX_{InstanceId}/NetworkAdapters/ConnectX_NIC_{InstanceId}/Ports/Port_{InstanceId}/Metrics
{Networking{TXMulticastFrames}}",NA,NA,/redfish/v1/TelemetryService/MetricReports/HGX_NetworkAdapterPortMetrics_0,NA,,,NA,NA,NA,NA,NA,Yes,NA,NA,NA,NA,NA,NA,NA,NA,NA,NA,NA,NA,NA,NA,NA,Available OOB,No,No Impact,10 Sec,30,"2025.0a
/redfish/v1/Chassis/{NVNIC_CX_NAME}_{InstanceId}/NetworkAdapters/{NETWORK_ID}_{InstanceId}/Ports/{PORT_ID}_{InstanceId}/Metrics
{Networking{TXMulticastFrames}}","2025.0a
/redfish/v1/Chassis/$ChassisId/NetworkAdapters/$NetworkAdapterId/Ports/$PortId/Metrics
{Networking{TXMulticastFrames}}","{ChassisId: {Id_contains: {allOf: [HGX, ConnectX], not: [RoT]}}, NetworkAdapterId: {Id: all}, PortId: {PortProtocol: InfiniBand}}
",,,Y,QS,,,,L1,L1,NA
,,,"The total number of data octets, divided by 4,received on all VLs from the port.",,,"NSM: 0x01, 0x01",NA,NA,TBD,"2025.0a
/redfish/v1/Chassis/HGX_ConnectX_{InstanceId}/NetworkAdapters/ConnectX_NIC_{InstanceId}/Ports/Port_{InstanceId}/Metrics
{RXBytes}",NA,NA,/redfish/v1/TelemetryService/MetricReports/HGX_NetworkAdapterPortMetrics_0,NA,,,NA,NA,NA,NA,NA,Yes,NA,NA,NA,NA,NA,NA,NA,NA,NA,NA,NA,NA,NA,NA,NA,Available OOB,No,No Impact,10 Sec,30,"2025.0a
/redfish/v1/Chassis/{NVNIC_CX_NAME}_{InstanceId}/NetworkAdapters/{NETWORK_ID}_{InstanceId}/Ports/{PORT_ID}_{InstanceId}/Metrics
{RXBytes}","2025.0a
/redfish/v1/Chassis/$ChassisId/NetworkAdapters/$NetworkAdapterId/Ports/$PortId/Metrics
{RXBytes}","{ChassisId: {Id_contains: {allOf: [HGX, ConnectX], not: [RoT]}}, NetworkAdapterId: {Id: all}, PortId: {PortProtocol: InfiniBand}}
",,,Y,QS,,,,L1,L1,NA
,,,Total number of packets,,,"NSM: 0x01, 0x01",NA,NA,TBD,"2025.0a
/redfish/v1/Chassis/HGX_ConnectX_{InstanceId}/NetworkAdapters/ConnectX_NIC_{InstanceId}/Ports/Port_{InstanceId}/Metrics
{Networking{RXFrames}}",NA,NA,/redfish/v1/TelemetryService/MetricReports/HGX_NetworkAdapterPortMetrics_0,NA,,,NA,NA,NA,NA,NA,Yes,NA,NA,NA,NA,NA,NA,NA,NA,NA,NA,NA,NA,NA,NA,NA,Available OOB,No,No Impact,10 Sec,30,"2025.0a
/redfish/v1/Chassis/{NVNIC_CX_NAME}_{InstanceId}/NetworkAdapters/{NETWORK_ID}_{InstanceId}/Ports/{PORT_ID}_{InstanceId}/Metrics
{Networking{RXFrames}}","2025.0a
/redfish/v1/Chassis/$ChassisId/NetworkAdapters/$NetworkAdapterId/Ports/$PortId/Metrics
{Networking{RXFrames}}","{ChassisId: {Id_contains: {allOf: [HGX, ConnectX], not: [RoT]}}, NetworkAdapterId: {Id: all}, PortId: {PortProtocol: InfiniBand}}
",,,Y,QS,,,,L1,L1,NA
,,,"Total number of unicast packets, including unicast packets containing errors.",,,"NSM: 0x01, 0x01",NA,NA,TBD,"2025.0a
/redfish/v1/Chassis/HGX_ConnectX_{InstanceId}/NetworkAdapters/ConnectX_NIC_{InstanceId}/Ports/Port_{InstanceId}/Metrics
{Networking{RXUnicastFrames}}",NA,NA,/redfish/v1/TelemetryService/MetricReports/HGX_NetworkAdapterPortMetrics_0,NA,,,NA,NA,NA,NA,NA,Yes,NA,NA,NA,NA,NA,NA,NA,NA,NA,NA,NA,NA,NA,NA,NA,Available OOB,No,No Impact,,30,"2025.0a
/redfish/v1/Chassis/{NVNIC_CX_NAME}_{InstanceId}/NetworkAdapters/{NETWORK_ID}_{InstanceId}/Ports/{PORT_ID}_{InstanceId}/Metrics
{Networking{RXUnicastFrames}}","2025.0a
/redfish/v1/Chassis/$ChassisId/NetworkAdapters/$NetworkAdapterId/Ports/$PortId/Metrics
{Networking{RXUnicastFrames}}","{ChassisId: {Id_contains: {allOf: [HGX, ConnectX], not: [RoT]}}, NetworkAdapterId: {Id: all}, PortId: {PortProtocol: InfiniBand}}
",,,Y,QS,,,,L1,L1,NA
,,,Total number of unicast packets transmitted on all VLs from the port. This may include unicast packets with errors.,,,"NSM: 0x01, 0x01",NA,NA,TBD,"2025.0a
/redfish/v1/Chassis/HGX_ConnectX_{InstanceId}/NetworkAdapters/ConnectX_NIC_{InstanceId}/Ports/Port_{InstanceId}/Metrics
{Networking{TXUnicastFrames}}",NA,NA,/redfish/v1/TelemetryService/MetricReports/HGX_NetworkAdapterPortMetrics_0,NA,,,NA,NA,NA,NA,NA,Yes,NA,NA,NA,NA,NA,NA,NA,NA,NA,NA,NA,NA,NA,NA,NA,Available OOB,No,No Impact,,30,"2025.0a
/redfish/v1/Chassis/{NVNIC_CX_NAME}_{InstanceId}/NetworkAdapters/{NETWORK_ID}_{InstanceId}/Ports/{PORT_ID}_{InstanceId}/Metrics
{Networking{TXUnicastFrames}}","2025.0a
/redfish/v1/Chassis/$ChassisId/NetworkAdapters/$NetworkAdapterId/Ports/$PortId/Metrics
{Networking{TXUnicastFrames}}","{ChassisId: {Id_contains: {allOf: [HGX, ConnectX], not: [RoT]}}, NetworkAdapterId: {Id: all}, PortId: {PortProtocol: InfiniBand}}
",,,Y,QS,,,,L1,L1,NA
,,,"The total number of data octets, divided by 4 transmitted on all VLs from the port.",,,"NSM: 0x01, 0x01",NA,NA,TBD,"2025.0a
/redfish/v1/Chassis/HGX_ConnectX_{InstanceId}/NetworkAdapters/ConnectX_NIC_{InstanceId}/Ports/Port_{InstanceId}/Metrics
{TXBytes}",NA,NA,/redfish/v1/TelemetryService/MetricReports/HGX_NetworkAdapterPortMetrics_0,NA,,,NA,NA,NA,NA,NA,Yes,NA,NA,NA,NA,NA,NA,NA,NA,NA,NA,NA,NA,NA,NA,NA,Available OOB,No,No Impact,10 Sec,30,"2025.0a
/redfish/v1/Chassis/{NVNIC_CX_NAME}_{InstanceId}/NetworkAdapters/{NETWORK_ID}_{InstanceId}/Ports/{PORT_ID}_{InstanceId}/Metrics
{TXBytes}","2025.0a
/redfish/v1/Chassis/$ChassisId/NetworkAdapters/$NetworkAdapterId/Ports/$PortId/Metrics
{TXBytes}","{ChassisId: {Id_contains: {allOf: [HGX, ConnectX], not: [RoT]}}, NetworkAdapterId: {Id: all}, PortId: {PortProtocol: InfiniBand}}
",,,Y,QS,,,,L1,L1,NA
,,,Total number of packets transmitted on all VLs from this port. This may include packets with errors.,,,"NSM: 0x01, 0x01",NA,NA,TBD,"2025.0a
/redfish/v1/Chassis/HGX_ConnectX_{InstanceId}/NetworkAdapters/ConnectX_NIC_{InstanceId}/Ports/Port_{InstanceId}/Metrics
{Networking{TXFrames}}",NA,NA,/redfish/v1/TelemetryService/MetricReports/HGX_NetworkAdapterPortMetrics_0,NA,,,NA,NA,NA,NA,NA,Yes,NA,NA,NA,NA,NA,NA,NA,NA,NA,NA,NA,NA,NA,NA,NA,Available OOB,No,No Impact,10 Sec,30,"2025.0a
/redfish/v1/Chassis/{NVNIC_CX_NAME}_{InstanceId}/NetworkAdapters/{NETWORK_ID}_{InstanceId}/Ports/{PORT_ID}_{InstanceId}/Metrics
{Networking{TXFrames}}","2025.0a
/redfish/v1/Chassis/$ChassisId/NetworkAdapters/$NetworkAdapterId/Ports/$PortId/Metrics
{Networking{TXFrames}}","{ChassisId: {Id_contains: {allOf: [HGX, ConnectX], not: [RoT]}}, NetworkAdapterId: {Id: all}, PortId: {PortProtocol: InfiniBand}}
",,,Y,QS,,,,L1,L1,NA
,,,"Number of incoming VL15 packets dropped due to resource limitations (e.g., lack of buffers) of the port.",,,"NSM: 0x01, 0x01",NA,NA,TBD,"2025.0a
/redfish/v1/Chassis/HGX_ConnectX_{InstanceId}/NetworkAdapters/ConnectX_NIC_{InstanceId}/Ports/Port_{InstanceId}/Metrics
{Oem{Nvidia{VL15Dropped}}}",NA,NA,/redfish/v1/TelemetryService/MetricReports/HGX_NetworkAdapterPortMetrics_0,NA,,,NA,NA,NA,NA,NA,Yes,NA,NA,NA,NA,NA,NA,NA,NA,NA,NA,NA,NA,NA,NA,NA,Available OOB,No,No Impact,10 Sec,30,"2025.0a
/redfish/v1/Chassis/{NVNIC_CX_NAME}_{InstanceId}/NetworkAdapters/{NETWORK_ID}_{InstanceId}/Ports/{PORT_ID}_{InstanceId}/Metrics
{Oem{Nvidia{VL15Dropped}}}","2025.0a
/redfish/v1/Chassis/$ChassisId/NetworkAdapters/$NetworkAdapterId/Ports/$PortId/Metrics
{Oem{Nvidia{VL15Dropped}}}","{ChassisId: {Id_contains: {allOf: [HGX, ConnectX], not: [RoT]}}, NetworkAdapterId: {Id: all}, PortId: {PortProtocol: InfiniBand}}
",,,Y,QS,,,,L1,L1,NA
,,,Link Status,,,PLDM Type-2: Port State PDR,nvsdmPortGetInfo,nvsdm_cli -C <source_ca> -p <port> -l <lid> -i PORT,TBD,"2025.0a
/redfish/v1/Chassis/HGX_ConnectX_{InstanceId}/NetworkAdapters/ConnectX_NIC_{InstanceId}/Ports/Port_{InstanceId}
{LinkStatus}",NA,NA,/redfish/v1/TelemetryService/MetricReports/HGX_NetworkAdapterPortMetrics_0,NA,,,NA,NA,NA,NA,NA,Yes,NA,NA,NA,NA,NA,NA,NA,NA,NA,NA,NA,NA,NA,NA,NA,Available OOB,No,No Impact,10 Sec,30,"2025.0a
/redfish/v1/Chassis/{NVNIC_CX_NAME}_{InstanceId}/NetworkAdapters/{NETWORK_ID}_{InstanceId}/Ports/{PORT_ID}_{InstanceId}
{LinkStatus}","2025.0a
/redfish/v1/Chassis/$ChassisId/NetworkAdapters/$NetworkAdapterId/Ports/$PortId/Metrics
{LinkStatus}","{ChassisId: {Id_contains: {allOf: [HGX, ConnectX], not: [RoT]}}, NetworkAdapterId: {Id: all}, PortId: {PortProtocol: InfiniBand}}
",,,,QS,,,,L1,L1,NA
,,,Overall Health of this device,,,NA,NA,NA,NA,"2025.0a
/redfish/v1/Chassis/HGX_ConnectX_{InstanceId}/NetworkAdapters/ConnectX_NIC_{InstanceId}
{Status{Health}}",NA,NA,NA,NA,,,NA,NA,NA,NA,NA,Yes,NA,NA,NA,NA,NA,NA,NA,NA,NA,NA,NA,NA,NA,NA,NA,Available OOB,No,No Impact,10 Sec,,"2025.0a
/redfish/v1/Chassis/{NVNIC_CX_NAME}_{InstanceId}/NetworkAdapters/{NETWORK_ID}_{InstanceId}
{Status{Health}}","2025.0a
/redfish/v1/Chassis/$ChassisId/NetworkAdapters/$NetworkAdapterId
{Status{Health}}","{ChassisId: {Id_contains: {allOf: [HGX, ConnectX], not: [RoT]}}, NetworkAdapterId: {Id: all}}
",,,,QS,,,,L1,L1,NA
,,,Overall Health of this device + its dependencies,,,NA,NA,NA,NA,"2025.0a
/redfish/v1/Chassis/HGX_ConnectX_{InstanceId}/NetworkAdapters/ConnectX_NIC_{InstanceId}
{Status{HealthRollup}}",NA,NA,NA,NA,,,NA,NA,NA,NA,NA,Yes,NA,NA,NA,NA,NA,NA,NA,NA,NA,NA,NA,NA,NA,NA,NA,Available OOB,No,No Impact,10 Sec,,"2025.0a
/redfish/v1/Chassis/{NVNIC_CX_NAME}_{InstanceId}/NetworkAdapters/{NETWORK_ID}_{InstanceId}
{Status{HealthRollup}}","2025.0a
/redfish/v1/Chassis/$ChassisId/NetworkAdapters/$NetworkAdapterId
{Status{HealthRollup}}","{ChassisId: {Id_contains: {allOf: [HGX, ConnectX], not: [RoT]}}, NetworkAdapterId: {Id: all}}
",,,,QS,,,,L1,L1,NA
,,,CX8 FW version,,,NA,NA,NA,NA,"2025.0a
/redfish/v1/UpdateService/FirmwareInventory/HGX_FW_ConnectX_{InstanceId}
{Version}",NA,NA,NA,NA,,,NA,NA,NA,NA,NA,Yes,NA,NA,NA,NA,NA,NA,NA,NA,NA,NA,NA,NA,NA,NA,NA,Available OOB,No,No Impact,1 Hr,,"2025.0a
/redfish/v1/UpdateService/FirmwareInventory/HGX_FW_ConnectX_{InstanceId}
{Version}","2025.0a
/redfish/v1/UpdateService/FirmwareInventory/$FwId
{Version}","{FwId: {Id_contains: {anyOf: [ConnectX], not: [RoT]}}}
",,,,QS,,,,L1,L1,NA
,,,Chassis fan name,,,NA,,,,,"2023.3
/redfish/v1/Chassis/Chassis_{InstanceId}/Sensors/Chassis_{InstanceId}_FAN_{InstanceId}_{FanLoc}
{Name}","2023.3
/redfish/v1/Chassis/{TRAY_CHASSIS}_{InstanceId}/Sensors/{TRAY_CHASSIS}_{InstanceId}_FAN_{InstanceId}_{FanLoc}
{Name}",,,,,,,,NA,,,NA,NA,Yes,NA,Yes,,NA,NA,NA,NA,NA,NA,NA,,,Available OOB,,,1 Hr,,"2023.3
/redfish/v1/Chassis/{TRAY_CHASSIS}_{InstanceId}/Sensors/{TRAY_CHASSIS}_{InstanceId}_FAN_{InstanceId}_{FanLoc}
{Name}","2023.3
/redfish/v1/Chassis/$ChassisId/Sensors/$SensorId
{Name}","{ChassisId:{ChassisType: {anyOf: [Shelf, Zone, RackMount]}, Id_contains: {not: [HGX, GPU, FPGA, NVSwitch, BMC, PCIeRetimer, NIC, CPU, PCIeSwitch, RoT]}}, SensorId: {ReadingType: Rotational}}",,,,ES NVOEM,,,,nvoem,L1,NA
,,,Chassis fan id,,,NA,,,,,"2023.3
/redfish/v1/Chassis/Chassis_{InstanceId}/Sensors/Chassis_{InstanceId}_FAN_{InstanceId}_{FanLoc}
{Id}","2023.3
/redfish/v1/Chassis/{TRAY_CHASSIS}_{InstanceId}/Sensors/{TRAY_CHASSIS}_{InstanceId}_FAN_{InstanceId}_{FanLoc}
{Id}",,,,,,,,NA,,,NA,NA,Yes,NA,Yes,,NA,NA,NA,NA,NA,NA,NA,,,Available OOB,,,1 Hr,,"2023.3
/redfish/v1/Chassis/{TRAY_CHASSIS}_{InstanceId}/Sensors/{TRAY_CHASSIS}_{InstanceId}_FAN_{InstanceId}_{FanLoc}
{Id}","2023.3
/redfish/v1/Chassis/$ChassisId/Sensors/$SensorId
{Id}","{ChassisId:{ChassisType: {anyOf: [Shelf, Zone, RackMount]}, Id_contains: {not: [HGX, GPU, FPGA, NVSwitch, BMC, PCIeRetimer, NIC, CPU, PCIeSwitch, RoT]}}, SensorId: {ReadingType: Rotational}}",,,,QS NVOEM,,,,nvoem,L1,NA
,,,Chassis fan reading type,,,NA,,,,,"2023.3
/redfish/v1/Chassis/Chassis_{InstanceId}/Sensors/Chassis_{InstanceId}_FAN_{InstanceId}_{FanLoc}
{ReadingType}","2023.3
/redfish/v1/Chassis/{TRAY_CHASSIS}_{InstanceId}/Sensors/{TRAY_CHASSIS}_{InstanceId}_FAN_{InstanceId}_{FanLoc}
{ReadingType}",,,,,,,,NA,,,NA,NA,Yes,NA,Yes,,NA,NA,NA,NA,NA,NA,NA,,,Available OOB,,,1 Hr,,"2023.3
/redfish/v1/Chassis/{TRAY_CHASSIS}_{InstanceId}/Sensors/{TRAY_CHASSIS}_{InstanceId}_FAN_{InstanceId}_{FanLoc}
{ReadingType}","2023.3
/redfish/v1/Chassis/$ChassisId/Sensors/$SensorId
{ReadingType}","{ChassisId:{ChassisType: {anyOf: [Shelf, Zone, RackMount]}, Id_contains: {not: [HGX, GPU, FPGA, NVSwitch, BMC, PCIeRetimer, NIC, CPU, PCIeSwitch, RoT]}}, SensorId: {ReadingType: Rotational}}",,,,QS NVOEM,,,,nvoem,L1,NA
,,,Chassis fan reading units,,,NA,,,,,"2023.3
/redfish/v1/Chassis/Chassis_{InstanceId}/Sensors/Chassis_{InstanceId}_FAN_{InstanceId}_{FanLoc}
{ReadingUnits}","2023.3
/redfish/v1/Chassis/{TRAY_CHASSIS}_{InstanceId}/Sensors/{TRAY_CHASSIS}_{InstanceId}_FAN_{InstanceId}_{FanLoc}
{ReadingUnits}",,,,,,,,NA,,,NA,NA,Yes,NA,Yes,,NA,NA,NA,NA,NA,NA,NA,,,Available OOB,,,1 Hr,,"2023.3
/redfish/v1/Chassis/{TRAY_CHASSIS}_{InstanceId}/Sensors/{TRAY_CHASSIS}_{InstanceId}_FAN_{InstanceId}_{FanLoc}
{ReadingUnits}","2023.3
/redfish/v1/Chassis/$ChassisId/Sensors/$SensorId
{ReadingUnits}","{ChassisId:{ChassisType: {anyOf: [Shelf, Zone, RackMount]}, Id_contains: {not: [HGX, GPU, FPGA, NVSwitch, BMC, PCIeRetimer, NIC, CPU, PCIeSwitch, RoT]}}, SensorId: {ReadingType: Rotational}}",,,,QS NVOEM,,,,nvoem,L1,NA
,,,Chassis fan reading range (max),,,NA,,,,"2023.3
/redfish/v1/Chassis/{TRAY_CHASSIS}_{InstanceId}/Sensors/{TRAY_CHASSIS}_{InstanceId}_FAN_{InstanceId}_{FanLoc}
{ReadingRangeMax}","2023.3
/redfish/v1/Chassis/Chassis_{InstanceId}/Sensors/Chassis_{InstanceId}_FAN_{InstanceId}_{FanLoc}
{ReadingRangeMax}","2023.3
/redfish/v1/Chassis/{TRAY_CHASSIS}_{InstanceId}/Sensors/{TRAY_CHASSIS}_{InstanceId}_FAN_{InstanceId}_{FanLoc}
{ReadingRangeMax}",,,,,"nv show platform environment fan $FanId
{max-speed}",NA,NA,NA,,,NA,NA,Yes,NA,Yes,Yes,NA,NA,NA,NA,NA,NA,NA,,,Available OOB,,,1 Hr,,"2023.3
/redfish/v1/Chassis/{TRAY_CHASSIS}_{InstanceId}/Sensors/{TRAY_CHASSIS}_{InstanceId}_FAN_{InstanceId}_{FanLoc}
{ReadingRangeMax}","2023.3
/redfish/v1/Chassis/$ChassisId/Sensors/$SensorId
{ReadingRangeMax}","{ChassisId:{ChassisType: {anyOf: [Shelf, Zone, RackMount]}, Id_contains: {not: [HGX, GPU, FPGA, NVSwitch, BMC, PCIeRetimer, NIC, CPU, PCIeSwitch, RoT]}}, SensorId: {ReadingType: Rotational}}",,,,ES NVOEM,QS,,,nvoem,L1,NA
,,,chassis fan reading range (min),,,NA,,,,"2023.3
/redfish/v1/Chassis/{TRAY_CHASSIS}_{InstanceId}/Sensors/{TRAY_CHASSIS}_{InstanceId}_FAN_{InstanceId}_{FanLoc}
{ReadingRangeMin}","2023.3
/redfish/v1/Chassis/Chassis_{InstanceId}/Sensors/Chassis_{InstanceId}_FAN_{InstanceId}_{FanLoc}
{ReadingRangeMin}","2023.3
/redfish/v1/Chassis/{TRAY_CHASSIS}_{InstanceId}/Sensors/{TRAY_CHASSIS}_{InstanceId}_FAN_{InstanceId}_{FanLoc}
{ReadingRangeMin}",,,,,"nv show platform environment fan $FanId
{min-speed}",NA,NA,NA,,,NA,NA,Yes,NA,Yes,Yes,NA,NA,NA,NA,NA,NA,NA,,,Available OOB,,,1 Hr,,"2023.3
/redfish/v1/Chassis/{TRAY_CHASSIS}_{InstanceId}/Sensors/{TRAY_CHASSIS}_{InstanceId}_FAN_{InstanceId}_{FanLoc}
{ReadingRangeMin}","2023.3
/redfish/v1/Chassis/$ChassisId/Sensors/$SensorId
{ReadingRangeMin}","{ChassisId:{ChassisType: {anyOf: [Shelf, Zone, RackMount]}, Id_contains: {not: [HGX, GPU, FPGA, NVSwitch, BMC, PCIeRetimer, NIC, CPU, PCIeSwitch, RoT]}}, SensorId: {ReadingType: Rotational}}",,,,ES NVOEM,QS,,,nvoem,L1,NA
,,,Chassis fan reading,,,NA,,,,"2023.3
/redfish/v1/Chassis/{TRAY_CHASSIS}_{InstanceId}/Sensors/{TRAY_CHASSIS}_{InstanceId}_FAN_{InstanceId}_{FanLoc}
{Reading}","2023.3
/redfish/v1/Chassis/Chassis_{InstanceId}/Sensors/Chassis_{InstanceId}_FAN_{InstanceId}_{FanLoc}
{Reading}","2023.3
/redfish/v1/Chassis/{TRAY_CHASSIS}_{InstanceId}/Sensors/{TRAY_CHASSIS}_{InstanceId}_FAN_{InstanceId}_{FanLoc}
{Reading}",,,,,"nv show platform environment fan $FanId
{current-speed}",components/component[name=FAN1/1]/fan/state/speed,NA,NA,,,NA,NA,Yes,NA,Yes,Yes,NA,NA,NA,NA,NA,NA,NA,,,Available OOB,,,10 Sec,,"2023.3
/redfish/v1/Chassis/{TRAY_CHASSIS}_{InstanceId}/Sensors/{TRAY_CHASSIS}_{InstanceId}_FAN_{InstanceId}_{FanLoc}
{Reading}","2023.3
/redfish/v1/Chassis/$ChassisId/Sensors/$SensorId
{Reading}","{ChassisId:{ChassisType: {anyOf: [Shelf, Zone, RackMount]}, Id_contains: {not: [HGX, GPU, FPGA, NVSwitch, BMC, PCIeRetimer, NIC, CPU, PCIeSwitch, RoT]}}, SensorId: {ReadingType: Rotational}}",,,,ES NVOEM,QS,QS,,nvoem,L1,NA
,,,PWR-MONITOR-0 through PWR-MONITOR-2 (via BB SMBPBI),,,SMBPBI: 04h; 90h-91h and 0xA0,NA,NA,NA,NA,"2022.1f
/redfish/v1/Chassis/HGX_Chassis_{InstanceId}/Sensors/HGX_Chassis_{InstanceId}_PowerMonitor_{InstanceId}_Power_{InstanceId}
{Reading}",NA,/redfish/v1/TelemetryService/MetricReports/HGX_PlatformEnvironmentMetrics_0,/redfish/v1/TelemetryService/MetricReports/PlatformEnvironmentMetrics_0,,,,,,NA,NA,NA,NA,NA,NA,NA,NA,,NA,NA,NA,NA,NA,NA,Yes,,,Available OOB,No,No Impact,,,"2022.1f
/redfish/v1/Chassis/{CHASSIS_NAME}_{InstanceId}/Sensors/{CHASSIS_NAME}_{InstanceId}_PowerMonitor_{InstanceId}_Power_{InstanceId}
{Reading}","2022.1f
/redfish/v1/Chassis/$ChassisId/Sensors/$SensorId
{Reading}","{ChassisId:{ChassisType: {anyOf: [Zone, RackMount]}, Id_contains: {not: [GPU, FPGA, NVSwitch, BMC, PCIeRetimer, NIC, CPU, PCIeSwitch, RoT]}}, SensorId: {ReadingType: Power}}",,,Y,ES Factory,,,,L0,L1,NA
,,,Total power drawn by all PowerMonitor channels,,,"SMBPBI: (0x04, B0h, Unused)",NA,NA,NA,NA,"2022.1f
/redfish/v1/Chassis/HGX_Chassis_{InstanceId}/Sensors/HGX_Chassis_{InstanceId}_TotalPowerMonitor_Power_{InstanceId}
{Reading}",NA,/redfish/v1/TelemetryService/MetricReports/HGX_PlatformEnvironmentMetrics_0,/redfish/v1/TelemetryService/MetricReports/PlatformEnvironmentMetrics_0,,,,,,NA,NA,NA,NA,NA,NA,NA,NA,,NA,NA,NA,NA,Yes,NA,Yes,,,Available OOB,No,No Impact,,,"2022.1f
/redfish/v1/Chassis/{CHASSIS_NAME}_{InstanceId}/Sensors/{CHASSIS_NAME}_{InstanceId}_TotalPowerMonitor_Power_{InstanceId}
{Reading}","2022.1f
/redfish/v1/Chassis/$ChassisId/Sensors/$SensorId
{Reading}","{ChassisId:{ChassisType: {anyOf: [Zone, RackMount]}, Id_contains: {not: [GPU, FPGA, NVSwitch, BMC, PCIeRetimer, NIC, CPU, PCIeSwitch, RoT]}}, SensorId: {ReadingType: Power}}",,,Y,ES Factory,,,,L0,L1,NA
,,,Glacier boot status,,,,,,,"TBD
/redfish/v1/Chassis/{ROT_CHAS_NAME}_{InstanceId}
{Oem{Nvidia{BootStatus}}}","TBD
/redfish/v1/Chassis/{ROT_CHAS_NAME}_{InstanceId}
{Oem{Nvidia{BootStatus}}}","TBD
/redfish/v1/Chassis/{ROT_CHAS_NAME}_{InstanceId}
{Oem{Nvidia{BootStatus}}}",,,,,NA,NA,NA,Yes,Yes,Yes,?,?,?,?,?,NA,?,?,?,?,?,?,Yes,,,Available OOB,,No Impact,10 Sec,,"TBD
/redfish/v1/Chassis/{ROT_CHAS_NAME}_{InstanceId}
{Oem{Nvidia{BootStatus}}}","TBD
/redfish/v1/Chassis/$ChassisId
{Oem{Nvidia{BootStatus}}}",{ChassisId: {Id_contains: RoT}},,,,,,,,L1,L1,NA
,,,Powershelf Part Number,,,,NA,NA,NA,,,"2024.?
/redfish/v1/Chassis/{POWERSHELF_CHASSIS_NAME}
{PartNumber}",,,,,NA,NA,NA,NA,NA,NA,NA,NA,NA,NA,NA,NA,NA,NA,NA,NA,NA,NA,NA,NA,Yes,Available OOB,,,1 Hr,,"2024.?
/redfish/v1/Chassis/{POWERSHELF_CHASSIS_NAME}
{PartNumber}","2024.?
/redfish/v1/Chassis/$PowershelfChassisId
{PartNumber}",{PowershelfChassisId:{ChassisType: Shelf}},,,,,,,,L1,L1,NA
,,,Powershelf Serial Number,,,,NA,NA,NA,,,"2024.?
/redfish/v1/Chassis/{POWERSHELF_CHASSIS_NAME}
{SerialNumber}",,,,,NA,NA,NA,NA,NA,NA,NA,NA,NA,NA,NA,NA,NA,NA,NA,NA,NA,NA,NA,NA,Yes,Available OOB,,,1 Hr,,"2024.?
/redfish/v1/Chassis/{POWERSHELF_CHASSIS_NAME}
{SerialNumber}","2024.?
/redfish/v1/Chassis/$PowershelfChassisId
{SerialNumber}",{PowershelfChassisId:{ChassisType: Shelf}},,,,,,,,L1,L1,NA
,,,Powershelf Manufacturer,,,,NA,NA,NA,,,"2024.?
/redfish/v1/Chassis/{POWERSHELF_CHASSIS_NAME}
{Manufacturer}",,,,,NA,NA,NA,NA,NA,NA,NA,NA,NA,NA,NA,NA,NA,NA,NA,NA,NA,NA,NA,NA,Yes,Available OOB,,,1 Hr,,"2024.?
/redfish/v1/Chassis/{POWERSHELF_CHASSIS_NAME}
{Manufacturer}","2024.?
/redfish/v1/Chassis/$PowershelfChassisId
{Manufacturer}",{PowershelfChassisId:{ChassisType: Shelf}},,,,,,,,L1,L1,NA
,,,Overall health of powershelf,,,,NA,NA,NA,,,"2024.?
/redfish/v1/Chassis/{POWERSHELF_CHASSIS_NAME}/PowerSubsystem
{Status{Health}}",,,,,NA,NA,NA,NA,NA,NA,NA,NA,NA,NA,NA,NA,NA,NA,NA,NA,NA,NA,NA,NA,Yes,Available OOB,,,10 Sec,,"2024.?
/redfish/v1/Chassis/{POWERSHELF_CHASSIS_NAME}/PowerSubsystem
{Status{Health}}","2024.?
/redfish/v1/Chassis/$PowershelfChassisId/PowerSubsystem
{Status{Health}}",{PowershelfChassisId:{ChassisType: Shelf}},,,,,,,,L1,L1,NA
,,,Current temperature of SXM module,,,"NSM: (0x3, 0x3)",NA,NA,NA,"2025.0a
/redfish/v1/Chassis/HGX_GPU_SXM_{InstanceId}/Sensors/HGX_GPU_SXM_{InstanceId}_Temp_0
{Reading}",NA,NA,NA,NA,,,NA,NA,NA,NA,NA,Yes,NA,NA,NA,NA,NA,NA,NA,NA,NA,NA,NA,NA,NA,NA,NA,Available OOB,No,Throttled,10 Sec,,"2025.0a
/redfish/v1/Chassis/{GPU_SXM_NAME}_{InstanceId}/Sensors/{GPU_SXM_NAME}_{InstanceId}_Temp_0
{Reading}","2025.0a
/redfish/v1/Chassis/$ChassisId/Sensors/$SensorId
{Reading}","{ChassisId: {Id_contains: {allOf: [SXM, GPU], not: [RoT]}}, SensorId: {ReadingType: Temperature}}",,,Y,QS,,,,L1,L1,NA
,,,The current SXM module power (each),,,"NSM: (0x3, 0x0)",NA,NA,NA,"2025.0a
/redfish/v1/Chassis/HGX_GPU_SXM_{InstanceId}/Sensors/HGX_GPU_SXM_{InstanceId}_Power_0
{Reading}",NA,NA,NA,NA,,,NA,NA,NA,NA,NA,Yes,NA,NA,NA,NA,NA,NA,NA,NA,NA,NA,NA,NA,NA,NA,NA,Available OOB,No,No Impact,10 Sec,,"2025.0a
/redfish/v1/Chassis/{GPU_SXM_NAME}_{InstanceId}/Sensors/{GPU_SXM_NAME}_{InstanceId}_Power_0
{Reading}","2025.0a
/redfish/v1/Chassis/$ChassisId/Sensors/$SensorId
{Reading}","{ChassisId: {Id_contains: {allOf: [SXM, GPU], not: [RoT]}}, SensorId: {ReadingType: Power}}",,,Y,QS,,,,L1,L1,NA
DIMM-SERIAL,DIMM,DIMM-SERIAL,,Inventory,string,,,,,,,,,,busctl get-property  xyz.openbmc_project.Smbios.MDR_V2 /xyz/openbmc_project/inventory/system/chassis/motherboard/ProcessorModule_[cpuprocessormoduleid]_Memory_0 xyz.openbmc_project.Inventory.Decorator.Asset SerialNumber,,,,,,,,Yes,Yes,,,,,,,,,,,,,,,,,,,,,,,,,,,,,,,